date,date_month,lambda,q_full,q_5,exact_error,d_2,d_4,kappa5_2,kappa5_4,max_generalized_residual,solver_backend
2007-12-01,2007-12,0.01,0.9816461522672348,0.07867777231715922,0.9029683799500756,0,0,,,0.0,scipy.linalg.eigh subset_by_value
2007-12-01,2007-12,0.010473708979594498,0.9808295754937186,0.07864085112014774,0.9021887243735709,0,0,,,0.0,scipy.linalg.eigh subset_by_value
2007-12-01,2007-12,0.010969857978923836,0.979978218433466,0.07860221806788562,0.9013760003655804,0,0,,,0.0,scipy.linalg.eigh subset_by_value
2007-12-01,2007-12,0.011489510001873092,0.9790907066593227,0.07856179560977185,0.9005289110495509,0,0,,,0.0,scipy.linalg.eigh subset_by_value
2007-12-01,2007-12,0.012033778407775893,0.9781656188872496,0.07851950285623538,0.8996461160310143,0,0,,,0.0,scipy.linalg.eigh subset_by_value
2007-12-01,2007-12,0.012603829296797275,0.9772014859212028,0.07847525545173968,0.8987262304694631,0,0,,,0.0,scipy.linalg.eigh subset_by_value
2007-12-01,2007-12,0.01320088400831418,0.976196789616648,0.07842896544460923,0.8977678241720388,0,0,,,0.0,scipy.linalg.eigh subset_by_value
2007-12-01,2007-12,0.013826221737646556,0.9751499618670019,0.07838054115377607,0.8967694207132257,0,0,,,0.0,scipy.linalg.eigh subset_by_value
2007-12-01,2007-12,0.014481182276745337,0.9740593836176443,0.07832988703256967,0.8957294965850746,0,0,,,0.0,scipy.linalg.eigh subset_by_value
2007-12-01,2007-12,0.015167168884709226,0.9729233839124964,0.07827690352970051,0.8946464803827959,0,0,,,0.0,scipy.linalg.eigh subset_by_value
2007-12-01,2007-12,0.015885651294280528,0.9717402389785684,0.07822148694761927,0.8935187520309491,0,0,,,0.0,scipy.linalg.eigh subset_by_value
2007-12-01,2007-12,0.01663816886076129,0.9705081713542905,0.07816352929846633,0.8923446420558241,0,0,,,0.0,scipy.linalg.eigh subset_by_value
2007-12-01,2007-12,0.0174263338600965,0.9692253490678983,0.07810291815786292,0.8911224309100353,0,0,,,0.0,scipy.linalg.eigh subset_by_value
2007-12-01,2007-12,0.018251834943190434,0.9678898848726231,0.07803953651683683,0.8898503483557862,0,0,,,0.0,scipy.linalg.eigh subset_by_value
2007-12-01,2007-12,0.019116440753857017,0.9664998355459659,0.07797326263221788,0.8885265729137479,0,0,,,0.0,scipy.linalg.eigh subset_by_value
2007-12-01,2007-12,0.020022003718155844,0.9650532012608753,0.0779039698758879,0.8871492313849875,0,0,,,0.0,scipy.linalg.eigh subset_by_value
2007-12-01,2007-12,0.02097046401323233,0.9635479250372474,0.07783152658332104,0.8857163984539264,0,0,,,0.0,scipy.linalg.eigh subset_by_value
2007-12-01,2007-12,0.02196385372416546,0.9619818922827958,0.07775579590190727,0.8842260963808886,0,0,,,0.0,scipy.linalg.eigh subset_by_value
2007-12-01,2007-12,0.02300430119772918,0.9603529304329993,0.07767663563961288,0.8826762947933864,0,0,,,0.0,scipy.linalg.eigh subset_by_value
2007-12-01,2007-12,0.024094035602395245,0.9586588087005468,0.07759389811459783,0.8810649105859489,0,0,,,0.0,scipy.linalg.eigh subset_by_value
2007-12-01,2007-12,0.02523539170434766,0.9568972379454339,0.07750743000648075,0.8793898079389532,0,0,,,0.0,scipy.linalg.eigh subset_by_value
2007-12-01,2007-12,0.026430814869741057,0.9550658706776479,0.07741707221001869,0.8776487984676292,0,0,,,0.0,scipy.linalg.eigh subset_by_value
2007-12-01,2007-12,0.027682866303920667,0.9531623012051865,0.07732265969205011,0.8758396415131364,0,0,,,0.0,scipy.linalg.eigh subset_by_value
2007-12-01,2007-12,0.028994228538828767,0.9511840659409994,0.077224021352637,0.8739600445883624,0,0,,,0.0,scipy.linalg.eigh subset_by_value
2007-12-01,2007-12,0.030367711180354574,0.9491286438833064,0.07712097989143452,0.8720076639918719,0,0,,,0.0,scipy.linalg.eigh subset_by_value
2007-12-01,2007-12,0.031806256927941194,0.9469934572846471,0.07701335168041494,0.8699801056042322,0,0,,,0.0,scipy.linalg.eigh subset_by_value
2007-12-01,2007-12,0.03331294787934674,0.9447758725259018,0.07690094664417711,0.8678749258817247,0,0,,,0.0,scipy.linalg.eigh subset_by_value
2007-12-01,2007-12,0.034891012134067735,0.9424732012124625,0.0767835681491817,0.8656896330632807,0,0,,,0.0,scipy.linalg.eigh subset_by_value
2007-12-01,2007-12,0.03654383070957257,0.940082701510619,0.07666101290336846,0.8634216886072505,0,0,,,0.0,scipy.linalg.eigh subset_by_value
2007-12-01,2007-12,0.03827494478516311,0.9376015797431452,0.07653307086773153,0.8610685088754136,0,0,,,0.0,scipy.linalg.eigh subset_by_value
2007-12-01,2007-12,0.04008806328898465,0.9350269922639293,0.07639952518155438,0.8586274670823749,0,0,,,0.0,scipy.linalg.eigh subset_by_value
2007-12-01,2007-12,0.0419870708444391,0.9323560476323404,0.07626015210313661,0.8560958955292037,0,0,,,0.0,scipy.linalg.eigh subset_by_value
2007-12-01,2007-12,0.043976036093027214,0.929585809108801,0.07611472096797713,0.8534710881408238,0,0,,,0.0,scipy.linalg.eigh subset_by_value
2007-12-01,2007-12,0.04605922041145106,0.9267132974937508,0.07596299416651744,0.8507503033272333,0,0,,,0.0,scipy.linalg.eigh subset_by_value
2007-12-01,2007-12,0.04824108704165369,0.923735494332806,0.07580472714368623,0.8479307671891197,0,0,,,0.0,scipy.linalg.eigh subset_by_value
2007-12-01,2007-12,0.0505263106533568,0.9206493455114385,0.0756396684226289,0.8450096770888096,0,0,,,0.0,scipy.linalg.eigh subset_by_value
2007-12-01,2007-12,0.05291978735958442,0.9174517652628674,0.07546755965514555,0.8419842056077219,0,0,,,0.0,scipy.linalg.eigh subset_by_value
2007-12-01,2007-12,0.05542664520663107,0.9141396406130874,0.07528813570150081,0.8388515049115866,0,0,,,0.0,scipy.linalg.eigh subset_by_value
2007-12-01,2007-12,0.05805225516094899,0.9107098362869854,0.0751011247424053,0.8356087115445802,0,0,,,0.0,scipy.linalg.eigh subset_by_value
2007-12-01,2007-12,0.06080224261649424,0.9071592000993347,0.07490624842609923,0.8322529516732354,0,0,,,0.0,scipy.linalg.eigh subset_by_value
2007-12-01,2007-12,0.06368249944718586,0.9034845688540317,0.07470322205359337,0.8287813468004384,0,0,,,0.0,scipy.linalg.eigh subset_by_value
2007-12-01,2007-12,0.06669919663030122,0.8996827747742621,0.07449175480523522,0.8251910199690269,0,0,,,0.0,scipy.linalg.eigh subset_by_value
2007-12-01,2007-12,0.0698587974678525,0.8957506524852985,0.07427155001187045,0.821479102473428,0,0,,,0.0,scipy.linalg.eigh subset_by_value
2007-12-01,2007-12,0.07316807143427195,0.8916850465703138,0.07404230547395423,0.8176427410963596,0,0,,,0.0,scipy.linalg.eigh subset_by_value
2007-12-01,2007-12,0.07663410868007459,0.8874828197179082,0.07380371383203224,0.813679105885876,0,0,,,0.0,scipy.linalg.eigh subset_by_value
2007-12-01,2007-12,0.08026433522257174,0.8831408614779813,0.07355546299205433,0.809585398485927,0,0,,,0.0,scipy.linalg.eigh subset_by_value
2007-12-01,2007-12,0.08406652885618325,0.8786560976400637,0.07329723660899737,0.8053588610310664,0,0,,,0.0,scipy.linalg.eigh subset_by_value
2007-12-01,2007-12,0.08804883581643465,0.8740255002452747,0.07302871463225741,0.8009967856130173,0,0,,,0.0,scipy.linalg.eigh subset_by_value
2007-12-01,2007-12,0.09221978823334327,0.8692460982396191,0.07274957391621671,0.7964965243234023,0,0,,,0.0,scipy.linalg.eigh subset_by_value
2007-12-01,2007-12,0.09658832241158703,0.8643149887723947,0.0724594888992952,0.7918554998730994,0,0,,,0.0,scipy.linalg.eigh subset_by_value
2007-12-01,2007-12,0.1011637979766207,0.8592293491389904,0.07215813235465404,0.7870712167843363,0,0,,,0.0,scipy.linalg.eigh subset_by_value
2007-12-01,2007-12,0.10595601792776159,0.8539864493623366,0.07184517621552196,0.7821412731468146,0,0,,,0.0,scipy.linalg.eigh subset_by_value
2007-12-01,2007-12,0.11097524964120721,0.8485836654016775,0.07152029247786397,0.7770633729238136,0,0,,,0.0,scipy.linalg.eigh subset_by_value
2007-12-01,2007-12,0.11623224686798524,0.8430184929711925,0.07118315418279403,0.7718353387883985,0,0,,,0.0,scipy.linalg.eigh subset_by_value
2007-12-01,2007-12,0.12173827277396614,0.837288561944272,0.07083343648074933,0.7664551254635227,0,0,,,0.0,scipy.linalg.eigh subset_by_value
2007-12-01,2007-12,0.12750512407130135,0.8313916513120148,0.07047081777898477,0.76092083353303,0,0,,,0.0,scipy.linalg.eigh subset_by_value
2007-12-01,2007-12,0.13354515629298988,0.8253257046566962,0.07009498097340981,0.7552307236832864,0,0,,,0.0,scipy.linalg.eigh subset_by_value
2007-12-01,2007-12,0.13987131026472385,0.8190888460926945,0.06970561476517026,0.7493832313275243,0,0,,,0.0,scipy.linalg.eigh subset_by_value
2007-12-01,2007-12,0.14649713983072857,0.8126793966186014,0.06930241506167359,0.7433769815569279,0,0,,,0.0,scipy.linalg.eigh subset_by_value
2007-12-01,2007-12,0.15343684089300125,0.8060958908151046,0.06888508646096311,0.7372108043541414,0,0,,,0.0,scipy.linalg.eigh subset_by_value
2007-12-01,2007-12,0.16070528182616392,0.7993370938137626,0.06845334381746508,0.7308837499962976,0,0,,,0.0,scipy.linalg.eigh subset_by_value
2007-12-01,2007-12,0.16831803533309567,0.7924020184520618,0.06800691388616288,0.724395104565899,0,0,,,0.0,scipy.linalg.eigh subset_by_value
2007-12-01,2007-12,0.1762914118095948,0.785289942520296,0.06754553704119473,0.7177444054791013,0,0,,,0.0,scipy.linalg.eigh subset_by_value
2007-12-01,2007-12,0.18464249428955434,0.7780004259959064,0.0670689690637325,0.7109314569321739,0,0,,,0.0,scipy.linalg.eigh subset_by_value
2007-12-01,2007-12,0.1933891750455231,0.7705333281511308,0.06657698299278222,0.7039563451583486,0,0,,,0.0,scipy.linalg.eigh subset_by_value
2007-12-01,2007-12,0.20255019392306675,0.7628888244102825,0.06606937103126255,0.69681945337902,0,0,,,0.0,scipy.linalg.eigh subset_by_value
2007-12-01,2007-12,0.21214517849106299,0.7550674228238219,0.06554594649837535,0.6895214763254466,0,0,,,0.0,scipy.linalg.eigh subset_by_value
2007-12-01,2007-12,0.22219468609395238,0.7470699800178849,0.06500654581789725,0.6820634341999877,0,0,,,0.0,scipy.linalg.eigh subset_by_value
2007-12-01,2007-12,0.23272024789604084,0.7388977164701281,0.06445103053060885,0.6744466859395193,0,0,,,0.0,scipy.linalg.eigh subset_by_value
2007-12-01,2007-12,0.24374441501222205,0.7305522309559924,0.06387928931765818,0.6666729416383342,0,0,,,0.0,scipy.linalg.eigh subset_by_value
2007-12-01,2007-12,0.2552908068239518,0.7220355140038786,0.06329124002025095,0.6587442739836276,0,0,,,0.0,scipy.linalg.eigh subset_by_value
2007-12-01,2007-12,0.26738416158399464,0.71334996019351,0.06268683163969521,0.6506631285538148,0,0,,,0.0,scipy.linalg.eigh subset_by_value
2007-12-01,2007-12,0.2800503894183631,0.7044983791291767,0.06206604630053205,0.6424323328286446,0,0,,,0.0,scipy.linalg.eigh subset_by_value
2007-12-01,2007-12,0.29331662783900436,0.6954840049187557,0.06142890115828539,0.6340551037604704,0,0,,,0.0,scipy.linalg.eigh subset_by_value
2007-12-01,2007-12,0.30721129988617574,0.6863105039906344,0.06077545023229528,0.6255350537583392,0,0,,,0.0,scipy.linalg.eigh subset_by_value
2007-12-01,2007-12,0.3217641750250737,0.676981981084093,0.06010578614319455,0.6168761949408985,0,0,,,0.0,scipy.linalg.eigh subset_by_value
2007-12-01,2007-12,0.33700643292719284,0.6675029832544727,0.05942004173387937,0.6080829415205933,0,0,,,0.0,scipy.linalg.eigh subset_by_value
2007-12-01,2007-12,0.352970730273065,0.6578785017427419,0.058718391552347225,0.5991601101903946,0,0,,,0.0,scipy.linalg.eigh subset_by_value
2007-12-01,2007-12,0.3696912707195028,0.6481139715699322,0.05800105317456078,0.5901129183953715,0,0,,,0.0,scipy.linalg.eigh subset_by_value
2007-12-01,2007-12,0.3872038781812555,0.6382152687304402,0.057268288345575125,0.580946980384865,0,0,,,0.0,scipy.linalg.eigh subset_by_value
2007-12-01,2007-12,0.40554607358408296,0.6281887048743735,0.05652040391756638,0.5716683009568071,0,0,,,0.0,scipy.linalg.eigh subset_by_value
2007-12-01,2007-12,0.42475715525368984,0.6180410193879398,0.05575775256414335,0.5622832668237964,0,0,,,0.0,scipy.linalg.eigh subset_by_value
2007-12-01,2007-12,0.4448782831127585,0.6077793688022152,0.05498073325143123,0.5527986355507839,0,0,,,0.0,scipy.linalg.eigh subset_by_value
2007-12-01,2007-12,0.4659525668664682,0.5974113134843578,0.05418979144789565,0.5432215220364622,0,0,,,0.0,scipy.linalg.eigh subset_by_value
2007-12-01,2007-12,0.48802515836544313,0.5869448015912082,0.05338541905673392,0.5335593825344743,0,0,,,0.0,scipy.linalg.eigh subset_by_value
2007-12-01,2007-12,0.5111433483440168,0.5763881502929685,0.052568154056891137,0.5238199962360774,0,0,,,0.0,scipy.linalg.eigh subset_by_value
2007-12-01,2007-12,0.5353566677410724,0.565750024303944,0.051738579841351016,0.5140114444625931,0,0,,,0.0,scipy.linalg.eigh subset_by_value
2007-12-01,2007-12,0.5607169938205459,0.5550394117877423,0.05089732424428087,0.5041420875434615,0,0,,,0.0,scipy.linalg.eigh subset_by_value
2007-12-01,2007-12,0.5872786613189482,0.5442655977354007,0.05004505825184552,0.4942205394835552,0,0,,,0.0,scipy.linalg.eigh subset_by_value
2007-12-01,2007-12,0.6150985788580501,0.5334381349461863,0.049182494395004904,0.4842556405511814,0,0,,,0.0,scipy.linalg.eigh subset_by_value
2007-12-01,2007-12,0.6442363508721374,0.5225668127716843,0.04831038482632274,0.47425642794536155,0,0,,,0.0,scipy.linalg.eigh subset_by_value
2007-12-01,2007-12,0.6747544053110693,0.5116616238137575,0.04742951908668124,0.4642321047270762,0,0,,,0.0,scipy.linalg.eigh subset_by_value
2007-12-01,2007-12,0.7067181273927491,0.5007327287954157,0.04654072157175146,0.45419200722366426,0,0,,,0.0,scipy.linalg.eigh subset_by_value
2007-12-01,2007-12,0.7401959996915645,0.48979041985000477,0.045644848712039915,0.4441455711379648,0,0,,,0.0,scipy.linalg.eigh subset_by_value
2007-12-01,2007-12,0.775259748862946,0.47884508249789276,0.044742785884242006,0.43410229661365074,0,0,,,0.0,scipy.linalg.eigh subset_by_value
2007-12-01,2007-12,0.8119844993184013,0.467907156600427,0.04383544407540325,0.42407171252502374,0,0,,,0.0,scipy.linalg.eigh subset_by_value
2007-12-01,2007-12,0.8504489341802677,0.4569870965979385,0.04292375632494283,0.4140633402729957,0,0,,,0.0,scipy.linalg.eigh subset_by_value
2007-12-01,2007-12,0.890735463861044,0.4460953313515431,0.042008673972851684,0.4040866573786914,0,0,,,0.0,scipy.linalg.eigh subset_by_value
2007-12-01,2007-12,0.9329304026284686,0.4352422239171218,0.0410911627452712,0.3941510611718506,0,0,,,0.0,scipy.linalg.eigh subset_by_value
2007-12-01,2007-12,0.9771241535346497,0.42443803158390353,0.04017219871111862,0.38426583287278493,0,0,,,0.0,scipy.linalg.eigh subset_by_value
2007-12-01,2007-12,1.0234114021054528,0.41369286650939036,0.03925276414540004,0.37444010236399033,0,0,,,0.0,scipy.linalg.eigh subset_by_value
2007-12-01,2007-12,1.0718913192051276,0.403016657276913,0.03833384333629073,0.36468281394062224,0,0,,,0.0,scipy.linalg.eigh subset_by_value
2007-12-01,2007-12,1.1226677735108135,0.3924191116919476,0.03741641837393593,0.35500269331801165,0,0,,,0.0,scipy.linalg.eigh subset_by_value
2007-12-01,2007-12,1.175849554052157,0.38190968111863544,0.03650146495920882,0.34540821615942663,0,0,,,0.0,scipy.linalg.eigh subset_by_value
2007-12-01,2007-12,1.231550603292826,0.3714975266390024,0.035589948270352514,0.3359075783686499,0,0,,,0.0,scipy.linalg.eigh subset_by_value
2007-12-01,2007-12,1.289890261253308,0.3611914872945192,0.034682818924534786,0.32650866836998443,0,0,,,0.0,scipy.linalg.eigh subset_by_value
2007-12-01,2007-12,1.3509935211980264,0.3510000506433627,0.033781009069879755,0.31721904157348296,0,0,,,0.0,scipy.linalg.eigh subset_by_value
2007-12-01,2007-12,1.414991297434576,0.34093132583749913,0.03288542864154554,0.3080458971959536,0,0,,,0.0,scipy.linalg.eigh subset_by_value
2007-12-01,2007-12,1.4820207057988586,0.33099301939214115,0.03199696181293424,0.2989960575792069,0,0,,,0.0,scipy.linalg.eigh subset_by_value
2007-12-01,2007-12,1.552225357427048,0.3211924137868007,0.031116463670211453,0.29007595011658927,0,0,,,0.0,scipy.linalg.eigh subset_by_value
2007-12-01,2007-12,1.625755666443795,0.3115363490027382,0.03024475713503891,0.28129159186769925,0,0,,,0.0,scipy.linalg.eigh subset_by_value
2007-12-01,2007-12,1.7027691722258995,0.30203120706671305,0.02938263015685975,0.2726485769098533,0,0,,,0.0,scipy.linalg.eigh subset_by_value
2007-12-01,2007-12,1.7834308769319094,0.2926828996362136,0.028530833192297402,0.2641520664439162,0,0,,,0.0,scipy.linalg.eigh subset_by_value
2007-12-01,2007-12,1.8679135990207827,0.2834968586273932,0.027690076985315212,0.255806781642078,0,0,,,0.0,scipy.linalg.eigh subset_by_value
2007-12-01,2007-12,1.9563983435170649,0.27447802985429265,0.02686103065781157,0.24761699919648109,0,0,,,0.0,scipy.linalg.eigh subset_by_value
2007-12-01,2007-12,2.049074689815848,0.26563086961714316,0.02604432011637337,0.2395865495007698,0,0,,,0.0,scipy.linalg.eigh subset_by_value
2007-12-01,2007-12,2.1461411978584035,0.25695934414900634,0.025240526777048397,0.23171881737195793,0,0,,,0.0,scipy.linalg.eigh subset_by_value
2007-12-01,2007-12,2.247805833548725,0.24846693180412305,0.02445018660629264,0.2240167451978304,0,0,,,0.0,scipy.linalg.eigh subset_by_value
2007-12-01,2007-12,2.354286414322418,0.2401566278483946,0.023673789472759464,0.21648283837563512,0,0,,,0.0,scipy.linalg.eigh subset_by_value
2007-12-01,2007-12,2.4658110758226037,0.2320309516926058,0.02291177880137459,0.2091191728912312,0,0,,,0.0,scipy.linalg.eigh subset_by_value
2007-12-01,2007-12,2.5826187606826774,0.22409195639247953,0.022164551518225495,0.20192740487425404,0,0,,,0.0,scipy.linalg.eigh subset_by_value
2007-12-01,2007-12,2.704959730463134,0.2163412402264646,0.021432458272217472,0.1949087819542471,0,0,,,0.0,scipy.linalg.eigh subset_by_value
2007-12-01,2007-12,2.833096101839324,0.20877996015229547,0.020715803917233107,0.18806415623506237,0,0,,,0.0,scipy.linalg.eigh subset_by_value
2007-12-01,2007-12,2.9673024081888695,0.20140884693674974,0.020014848236691363,0.18139399870005837,0,0,,,0.0,scipy.linalg.eigh subset_by_value
2007-12-01,2007-12,3.107866187782014,0.19422822174951793,0.019329806890937995,0.17489841485857993,0,0,,,0.0,scipy.linalg.eigh subset_by_value
2007-12-01,2007-12,3.2550885998350596,0.1872380140115174,0.01866085256680939,0.16857716144470802,0,0,,,0.0,scipy.linalg.eigh subset_by_value
2007-12-01,2007-12,3.409285069746811,0.18043778029008814,0.018008116307982953,0.16242966398210518,0,0,,,0.0,scipy.linalg.eigh subset_by_value
2007-12-01,2007-12,3.5707859649004625,0.17382672403804714,0.017371689004341346,0.15645503503370578,0,0,,,0.0,scipy.linalg.eigh subset_by_value
2007-12-01,2007-12,3.739937302478798,0.16740371598027726,0.016751623018512955,0.1506520929617643,0,0,,,0.0,scipy.linalg.eigh subset_by_value
2007-12-01,2007-12,3.9171014908092605,0.16116731496007072,0.016147933927977236,0.1450193810320935,0,0,,,0.0,scipy.linalg.eigh subset_by_value
2007-12-01,2007-12,4.102658105827195,0.1551157890675602,0.015560602361612545,0.13955518670594766,0,0,,,0.0,scipy.linalg.eigh subset_by_value
2007-12-01,2007-12,4.297004704320839,0.14924713688393318,0.014989575910281805,0.13425756097365138,0,0,,,0.0,scipy.linalg.eigh subset_by_value
2007-12-01,2007-12,4.500557675700498,0.1435591086874544,0.014434771091964237,0.12912433759549016,0,0,,,0.0,scipy.linalg.eigh subset_by_value
2007-12-01,2007-12,4.7137531341167245,0.13804922748034598,0.013896075353016709,0.12415315212732927,0,0,,,0.0,scipy.linalg.eigh subset_by_value
2007-12-01,2007-12,4.937047852839004,0.1327148097090183,0.013373349088350871,0.11934146062066743,0,0,,,0.0,scipy.linalg.eigh subset_by_value
2007-12-01,2007-12,5.17092024289676,0.1275529855637902,0.012866427664612986,0.1146865578991772,0,0,,,0.0,scipy.linalg.eigh subset_by_value
2007-12-01,2007-12,5.415871378079471,0.12256071875785352,0.012375123431819589,0.11018559532603392,0,0,,,0.0,scipy.linalg.eigh subset_by_value
2007-12-01,2007-12,5.672426068491977,0.11773482569864212,0.011899227710308097,0.10583559798833402,0,0,,,0.0,scipy.linalg.eigh subset_by_value
2007-12-01,2007-12,5.941133984965034,0.11307199397779855,0.011438512741281362,0.10163348123651718,0,0,,,0.0,scipy.linalg.eigh subset_by_value
2007-12-01,2007-12,6.222570836730231,0.10856880011844686,0.010992733590636423,0.09757606652781044,0,0,,,0.0,scipy.linalg.eigh subset_by_value
2007-12-01,2007-12,6.517339604882427,0.1042217265303775,0.010561629997151751,0.09366009653322575,0,0,,,0.0,scipy.linalg.eigh subset_by_value
2007-12-01,2007-12,6.826071834272386,0.1000271776349292,0.01014492815744687,0.08988224947748233,0,0,,,0.0,scipy.linalg.eigh subset_by_value
2007-12-01,2007-12,7.149428986597577,0.09598149513175765,0.009742342441410036,0.08623915269034761,0,0,,,0.0,scipy.linalg.eigh subset_by_value
2007-12-01,2007-12,7.488103857590023,0.0920809723892636,0.009353577033003027,0.08272739535626057,0,0,,,0.0,scipy.linalg.eigh subset_by_value
2007-12-01,2007-12,7.842822061337682,0.08832186794918352,0.00897832749248802,0.0793435404566955,0,0,,,0.0,scipy.linalg.eigh subset_by_value
2007-12-01,2007-12,8.21434358491943,0.08470041814372554,0.008616282237174934,0.07608413590655061,0,0,,,0.0,scipy.linalg.eigh subset_by_value
2007-12-01,2007-12,8.603464416684501,0.08121284883065434,0.008267123938753881,0.07294572489190046,0,0,,,0.0,scipy.linalg.eigh subset_by_value
2007-12-01,2007-12,9.01101825166502,0.0778553862579188,0.007930530836155006,0.06992485542176378,0,0,,,0.0,scipy.linalg.eigh subset_by_value
2007-12-01,2007-12,9.437878277775381,0.07462426707479686,0.007606177963666806,0.06701808911113005,0,0,,,0.0,scipy.linalg.eigh subset_by_value
2007-12-01,2007-12,9.884959046625585,0.07151574751114109,0.007293738294744617,0.06422200921639648,0,0,,,0.0,scipy.linalg.eigh subset_by_value
2007-12-01,2007-12,10.353218432956627,0.06852611175018894,0.0069928838025567035,0.06153322794763223,0,0,,,0.0,scipy.linalg.eigh subset_by_value
2007-12-01,2007-12,10.843659686896109,0.06565167952359639,0.006703286438848328,0.058948393084748064,0,0,,,0.0,scipy.linalg.eigh subset_by_value
2007-12-01,2007-12,11.357333583431052,0.0628888129599201,0.006424619033159623,0.056464193926760484,0,0,,,0.0,scipy.linalg.eigh subset_by_value
2007-12-01,2007-12,11.895340673703195,0.06023392271975185,0.006156556114814767,0.05407736660493708,0,0,,,0.0,scipy.linalg.eigh subset_by_value
2007-12-01,2007-12,12.458833642950081,0.057683473452166165,0.005898774660413554,0.05178469879175261,0,0,,,0.0,scipy.linalg.eigh subset_by_value
2007-12-01,2007-12,13.049019780144029,0.055233988608115916,0.005650954769806713,0.049583033838309205,0,0,,,0.0,scipy.linalg.eigh subset_by_value
2007-12-01,2007-12,13.667163564620074,0.052882054646965396,0.0054127802737293385,0.04746927437323606,0,0,,,0.0,scipy.linalg.eigh subset_by_value
2007-12-01,2007-12,14.314589375234785,0.05062432467252533,0.0051839392764074016,0.04544038539611793,0,0,,,0.0,scipy.linalg.eigh subset_by_value
2007-12-01,2007-12,14.992684327860456,0.048457521534802955,0.004964124636546196,0.04349339689825676,0,0,,,0.0,scipy.linalg.eigh subset_by_value
2007-12-01,2007-12,15.702901247293775,0.046378440433246015,0.0047530343901620465,0.04162540604308397,0,0,,,0.0,scipy.linalg.eigh subset_by_value
2007-12-01,2007-12,16.446761779946645,0.04438395105658186,0.004550372118734242,0.03983357893784762,0,0,,,0.0,scipy.linalg.eigh subset_by_value
2007-12-01,2007-12,17.225859653987875,0.042470999293474386,0.004355847266138364,0.03811515202733602,0,0,,,0.0,scipy.linalg.eigh subset_by_value
2007-12-01,2007-12,18.04186409392072,0.04063660854717566,0.0041691754077787455,0.03646743313939691,0,0,,,0.0,scipy.linalg.eigh subset_by_value
2007-12-01,2007-12,18.896523396912098,0.03887788068616763,0.003990078475271322,0.03488780221089631,0,0,,,0.0,scipy.linalg.eigh subset_by_value
2007-12-01,2007-12,19.791668678535572,0.037191996661505515,0.003818284939942425,0.03337371172156309,0,0,,,0.0,scipy.linalg.eigh subset_by_value
2007-12-01,2007-12,20.72921779595372,0.03557621682020807,0.0036535299583071576,0.03192268686190091,0,0,,,0.0,scipy.linalg.eigh subset_by_value
2007-12-01,2007-12,21.711179456945054,0.034027880942622726,0.0034955554825768574,0.03053232546004587,0,0,,,0.0,scipy.linalg.eigh subset_by_value
2007-12-01,2007-12,22.739657523579275,0.03254440803023825,0.0033441103391208225,0.02920029769111743,0,0,,,0.0,scipy.linalg.eigh subset_by_value
2007-12-01,2007-12,23.81685551976158,0.031123295868946913,0.00319895027767605,0.027924345591270862,0,0,,,0.0,scipy.linalg.eigh subset_by_value
2007-12-01,2007-12,24.945081352303166,0.029762120391287387,0.003059837993962276,0.02670228239732511,0,0,,,0.0,scipy.linalg.eigh subset_by_value
2007-12-01,2007-12,26.126752255633292,0.02845853485973812,0.0029265431282199466,0.025531991731518176,0,0,,,0.0,scipy.linalg.eigh subset_by_value
2007-12-01,2007-12,27.36439997074672,0.027210268891695852,0.0027988422420479335,0.02441142664964792,0,0,,,0.0,scipy.linalg.eigh subset_by_value
2007-12-01,2007-12,28.660676169482503,0.026015127345369645,0.0026765187757769654,0.02333860856959268,0,0,,,0.0,scipy.linalg.eigh subset_by_value
2007-12-01,2007-12,30.01835813575589,0.024870989084456625,0.0025593629884753167,0.022311626095981307,0,0,,,0.0,scipy.linalg.eigh subset_by_value
2007-12-01,2007-12,31.440354715915,0.0237758056381491,0.0024471718825463365,0.021328633755602764,0,0,,,0.0,scipy.linalg.eigh subset_by_value
2007-12-01,2007-12,32.929712550971516,0.02272759977175496,0.0023397491147435986,0.02038785065701136,0,0,,,0.0,scipy.linalg.eigh subset_by_value
2007-12-01,2007-12,34.489622604057594,0.02172446398200228,0.002236904895299802,0.01948755908670248,0,0,,,0.0,scipy.linalg.eigh subset_by_value
2007-12-01,2007-12,36.123426997094306,0.020764558929943035,0.00213845587674028,0.018626103053202756,0,0,,,0.0,scipy.linalg.eigh subset_by_value
2007-12-01,2007-12,37.83462617131929,0.01984611182327433,0.0020442250338318013,0.017801886789442528,0,0,,,0.0,scipy.linalg.eigh subset_by_value
2007-12-01,2007-12,39.626886387014785,0.018967414758857985,0.0019540415360023715,0.017013373222855614,0,0,,,0.0,scipy.linalg.eigh subset_by_value
2007-12-01,2007-12,41.50404757850477,0.018126823035240505,0.0018677406134582717,0.016259082421782235,0,0,,,0.0,scipy.linalg.eigh subset_by_value
2007-12-01,2007-12,43.470131581250264,0.017322753444056396,0.001785163418120786,0.01553759002593561,0,0,,,0.0,scipy.linalg.eigh subset_by_value
2007-12-01,2007-12,45.52935074866948,0.016553682548335735,0.0017061568804068827,0.014847525667928851,0,0,,,0.0,scipy.linalg.eigh subset_by_value
2007-12-01,2007-12,47.68611697714469,0.015818144954931453,0.001630573562785628,0.014187571392145824,0,0,,,0.0,scipy.linalg.eigh subset_by_value
2007-12-01,2007-12,49.9450511585514,0.015114731587532026,0.0015582715109552976,0.013556460076576729,0,0,,,0.0,scipy.linalg.eigh subset_by_value
2007-12-01,2007-12,52.31099308056263,0.014442087966026971,0.0014891141034047172,0.012952973862622254,0,0,,,0.0,scipy.linalg.eigh subset_by_value
2007-12-01,2007-12,54.78901179593945,0.013798912497346681,0.0014229699000464537,0.012375942597300228,0,0,,,0.0,scipy.linalg.eigh subset_by_value
2007-12-01,2007-12,57.38441648302393,0.013183954782300111,0.0013597124905386628,0.011824242291761449,0,0,,,0.0,scipy.linalg.eigh subset_by_value
2007-12-01,2007-12,60.10276782070382,0.012596013942382047,0.0012992203428466701,0.011296793599535377,0,0,,,0.0,scipy.linalg.eigh subset_by_value
2007-12-01,2007-12,62.94988990221888,0.012033936970014897,0.0012413766525344362,0.01079256031748046,0,0,,,0.0,scipy.linalg.eigh subset_by_value
2007-12-01,2007-12,65.93188271333548,0.011496617105223502,0.001186069193219705,0.010310547912003797,0,0,,,0.0,scipy.linalg.eigh subset_by_value
2007-12-01,2007-12,69.0551352016233,0.01098299224131545,0.0011331901685747215,0.00984980207274073,0,0,,,0.0,scipy.linalg.eigh subset_by_value
2007-12-01,2007-12,72.32633896483533,0.010492043361749673,0.0010826360662066006,0.009409407295543072,0,0,,,0.0,scipy.linalg.eigh subset_by_value
2007-12-01,2007-12,75.75250258771912,0.01002279301002113,0.0010343075137075584,0.008988485496313571,0,0,,,0.0,scipy.linalg.eigh subset_by_value
2007-12-01,2007-12,79.34096665797492,0.00957430379406707,0.0009881091371250822,0.008586194656941989,0,0,,,0.0,scipy.linalg.eigh subset_by_value
2007-12-01,2007-12,83.09941949353396,0.009145676926407689,0.000943949422065381,0.008201727504342308,0,0,,,0.0,scipy.linalg.eigh subset_by_value
2007-12-01,2007-12,87.03591361485165,0.008736050800970176,0.0009017405776100769,0.007834310223360098,0,0,,,0.0,scipy.linalg.eigh subset_by_value
2007-12-01,2007-12,91.15888299750827,0.008344599607306824,0.0008613984031956657,0.007483201204111159,0,0,,,0.0,scipy.linalg.eigh subset_by_value
2007-12-01,2007-12,95.47716114208056,0.007970531982704046,0.0008228421585777548,0.007147689824126291,0,0,,,0.0,scipy.linalg.eigh subset_by_value
2007-12-01,2007-12,100.0,0.007613089702487544,0.000785994436977143,0.006827095265510401,0,0,,,0.0,scipy.linalg.eigh subset_by_value
2014-10-01,2014-10,0.01,0.9816461620347013,0.07867777814697655,0.9029683838877248,0,0,,,0.0,scipy.linalg.eigh subset_by_value
2014-10-01,2014-10,0.010473708979594498,0.9808295861545369,0.07864085722039146,0.9021887289341454,0,0,,,0.0,scipy.linalg.eigh subset_by_value
2014-10-01,2014-10,0.010969857978923836,0.9799782300555197,0.07860222445081874,0.9013760056047009,0,0,,,0.0,scipy.linalg.eigh subset_by_value
2014-10-01,2014-10,0.011489510001873092,0.9790907193150228,0.07856180228818653,0.9005289170268362,0,0,,,0.0,scipy.linalg.eigh subset_by_value
2014-10-01,2014-10,0.012033778407775893,0.9781656326538004,0.07851950984347313,0.8996461228103273,0,0,,,0.0,scipy.linalg.eigh subset_by_value
2014-10-01,2014-10,0.012603829296797275,0.9772015008808803,0.07847526276171217,0.8987262381191682,0,0,,,0.0,scipy.linalg.eigh subset_by_value
2014-10-01,2014-10,0.01320088400831418,0.976196805857092,0.07842897309181959,0.8977678327652724,0,0,,,0.0,scipy.linalg.eigh subset_by_value
2014-10-01,2014-10,0.013826221737646556,0.9751499794815217,0.07838054915334061,0.8967694303281811,0,0,,,0.0,scipy.linalg.eigh subset_by_value
2014-10-01,2014-10,0.014481182276745337,0.9740594027055361,0.07832989540024002,0.8957295073052961,0,0,,,0.0,scipy.linalg.eigh subset_by_value
2014-10-01,2014-10,0.015167168884709226,0.9729234045793761,0.07827691228188641,0.8946464922974897,0,0,,,0.0,scipy.linalg.eigh subset_by_value
2014-10-01,2014-10,0.015885651294280528,0.9717402613367166,0.07822149610141155,0.8935187652353052,0,0,,,0.0,scipy.linalg.eigh subset_by_value
2014-10-01,2014-10,0.01663816886076129,0.9705081955230123,0.07816353887166033,0.892344656651352,0,0,,,0.0,scipy.linalg.eigh subset_by_value
2014-10-01,2014-10,0.0174263338600965,0.9692253751738948,0.07810292816898229,0.8911224470049126,0,0,,,0.0,scipy.linalg.eigh subset_by_value
2014-10-01,2014-10,0.018251834943190434,0.9678899130503789,0.07803954698515753,0.8898503660652213,0,0,,,0.0,scipy.linalg.eigh subset_by_value
2014-10-01,2014-10,0.019116440753857017,0.9664998659381479,0.07797327357779243,0.8885265923603554,0,0,,,0.0,scipy.linalg.eigh subset_by_value
2014-10-01,2014-10,0.020022003718155844,0.9650532340187433,0.07790398131956978,0.8871492526991736,0,0,,,0.0,scipy.linalg.eigh subset_by_value
2014-10-01,2014-10,0.02097046401323233,0.9635479603210794,0.07783153854678912,0.8857164217742902,0,0,,,0.0,scipy.linalg.eigh subset_by_value
2014-10-01,2014-10,0.02196385372416546,0.9619819302623233,0.07775580840769032,0.8842261218546329,0,0,,,0.0,scipy.linalg.eigh subset_by_value
2014-10-01,2014-10,0.02300430119772918,0.9603529712878541,0.07767664871111388,0.8826763225767402,0,0,,,0.0,scipy.linalg.eigh subset_by_value
2014-10-01,2014-10,0.024094035602395245,0.9586588526207178,0.07759391177611807,0.8810649408445997,0,0,,,0.0,scipy.linalg.eigh subset_by_value
2014-10-01,2014-10,0.02523539170434766,0.9568972851317328,0.07750744428324373,0.879389840848489,0,0,,,0.0,scipy.linalg.eigh subset_by_value
2014-10-01,2014-10,0.026430814869741057,0.9550659213421815,0.07741708712819341,0.8776488342139881,0,0,,,0.0,scipy.linalg.eigh subset_by_value
2014-10-01,2014-10,0.027682866303920667,0.9531623555718379,0.07732267527877382,0.8758396802930641,0,0,,,0.0,scipy.linalg.eigh subset_by_value
2014-10-01,2014-10,0.028994228538828767,0.9511841242459109,0.07722403763603722,0.8739600866098737,0,0,,,0.0,scipy.linalg.eigh subset_by_value
2014-10-01,2014-10,0.030367711180354574,0.9491287063753676,0.07712099690064998,0.8720077094747176,0,0,,,0.0,scipy.linalg.eigh subset_by_value
2014-10-01,2014-10,0.031806256927941194,0.9469935242259807,0.07701336944561565,0.8699801547803651,0,0,,,0.0,scipy.linalg.eigh subset_by_value
2014-10-01,2014-10,0.03331294787934674,0.9447759441923517,0.07690096519658282,0.8678749789957688,0,0,,,0.0,scipy.linalg.eigh subset_by_value
2014-10-01,2014-10,0.034891012134067735,0.9424732778940731,0.07678358752107897,0.8656896903729941,0,0,,,0.0,scipy.linalg.eigh subset_by_value
2014-10-01,2014-10,0.03654383070957257,0.9400827835121108,0.07666103312812587,0.8634217503839849,0,0,,,0.0,scipy.linalg.eigh subset_by_value
2014-10-01,2014-10,0.03827494478516311,0.937601667384377,0.0765330919798128,0.8610685754045642,0,0,,,0.0,scipy.linalg.eigh subset_by_value
2014-10-01,2014-10,0.04008806328898465,0.9350270858803473,0.07639954721652922,0.8586275386638181,0,0,,,0.0,scipy.linalg.eigh subset_by_value
2014-10-01,2014-10,0.0419870708444391,0.9323561475754093,0.07626017509768876,0.8560959724777205,0,0,,,0.0,scipy.linalg.eigh subset_by_value
2014-10-01,2014-10,0.043976036093027214,0.9295859157464123,0.07611474495990957,0.8534711707865027,0,0,,,0.0,scipy.linalg.eigh subset_by_value
2014-10-01,2014-10,0.04605922041145106,0.9267134112106029,0.07596301919475411,0.8507503920158488,0,0,,,0.0,scipy.linalg.eigh subset_by_value
2014-10-01,2014-10,0.04824108704165369,0.923735615530754,0.07580475324827014,0.8479308622824838,0,0,,,0.0,scipy.linalg.eigh subset_by_value
2014-10-01,2014-10,0.0505263106533568,0.9206494746098043,0.0756396956447161,0.8450097789650882,0,0,,,0.0,scipy.linalg.eigh subset_by_value
2014-10-01,2014-10,0.05291978735958442,0.9174519026987068,0.07546758803699452,0.8419843146617123,0,0,,,0.0,scipy.linalg.eigh subset_by_value
2014-10-01,2014-10,0.05542664520663107,0.9141397868414081,0.07528816528645693,0.8388516215549511,0,0,,,0.0,scipy.linalg.eigh subset_by_value
2014-10-01,2014-10,0.05805225516094899,0.9107099917809071,0.07510115557487984,0.8356088362060272,0,0,,,0.0,scipy.linalg.eigh subset_by_value
2014-10-01,2014-10,0.06080224261649424,0.9071593653501873,0.07490628055154253,0.8322530847986447,0,0,,,0.0,scipy.linalg.eigh subset_by_value
2014-10-01,2014-10,0.06368249944718586,0.9034847443713799,0.07470325551846137,0.8287814888529186,0,0,,,0.0,scipy.linalg.eigh subset_by_value
2014-10-01,2014-10,0.06669919663030122,0.8996829610858541,0.0744917896569493,0.8251911714289049,0,0,,,0.0,scipy.linalg.eigh subset_by_value
2014-10-01,2014-10,0.0698587974678525,0.8957508501369265,0.07427158629876969,0.8214792638381567,0,0,,,0.0,scipy.linalg.eigh subset_by_value
2014-10-01,2014-10,0.07316807143427195,0.8916852561255776,0.0740423432452395,0.8176429128803381,0,0,,,0.0,scipy.linalg.eigh subset_by_value
2014-10-01,2014-10,0.07663410868007459,0.8874830417578781,0.07380375313770199,0.813679288620176,0,0,,,0.0,scipy.linalg.eigh subset_by_value
2014-10-01,2014-10,0.08026433522257174,0.8831410966007445,0.07355550388283098,0.8095855927179135,0,0,,,0.0,scipy.linalg.eigh subset_by_value
2014-10-01,2014-10,0.08406652885618325,0.8786563464601512,0.0732972791362442,0.805359067323907,0,0,,,0.0,scipy.linalg.eigh subset_by_value
2014-10-01,2014-10,0.08804883581643465,0.8740257633929553,0.07302875884788501,0.8009970045450703,0,0,,,0.0,scipy.linalg.eigh subset_by_value
2014-10-01,2014-10,0.09221978823334327,0.8692463763600545,0.07274961987257877,0.7964967564874758,0,0,,,0.0,scipy.linalg.eigh subset_by_value
2014-10-01,2014-10,0.09658832241158703,0.8643152825246437,0.07245953664907294,0.7918557458755708,0,0,,,0.0,scipy.linalg.eigh subset_by_value
2014-10-01,2014-10,0.1011637979766207,0.8592296591948549,0.07215818195072872,0.7870714772441262,0,0,,,0.0,scipy.linalg.eigh subset_by_value
2014-10-01,2014-10,0.10595601792776159,0.8539867764050427,0.0718452277108353,0.7821415486942074,0,0,,,0.0,scipy.linalg.eigh subset_by_value
2014-10-01,2014-10,0.11097524964120721,0.848584010124379,0.07152034592526574,0.7770636641991133,0,0,,,0.0,scipy.linalg.eigh subset_by_value
2014-10-01,2014-10,0.11623224686798524,0.8430188560752911,0.0711832096348766,0.7718356464404146,0,0,,,0.0,scipy.linalg.eigh subset_by_value
2014-10-01,2014-10,0.12173827277396614,0.8372889441375522,0.07083349398966894,0.7664554501478832,0,0,,,0.0,scipy.linalg.eigh subset_by_value
2014-10-01,2014-10,0.12750512407130135,0.8313920533065791,0.07047087739626927,0.7609211759103098,0,0,,,0.0,scipy.linalg.eigh subset_by_value
2014-10-01,2014-10,0.13354515629298988,0.8253261271667022,0.0700950427497526,0.7552310844169495,0,0,,,0.0,scipy.linalg.eigh subset_by_value
2014-10-01,2014-10,0.13987131026472385,0.8190892898318882,0.06970567875021078,0.7493836110816774,0,0,,,0.0,scipy.linalg.eigh subset_by_value
2014-10-01,2014-10,0.14649713983072857,0.8126798622976441,0.06930248130376407,0.7433773809938801,0,0,,,0.0,scipy.linalg.eigh subset_by_value
2014-10-01,2014-10,0.15343684089300125,0.8060963791386956,0.0688851550069221,0.7372112241317734,0,0,,,0.0,scipy.linalg.eigh subset_by_value
2014-10-01,2014-10,0.16070528182616392,0.7993376054775547,0.06845341471231815,0.7308841907652366,0,0,,,0.0,scipy.linalg.eigh subset_by_value
2014-10-01,2014-10,0.16831803533309567,0.7924025541393797,0.06800698717287082,0.7243955669665089,0,0,,,0.0,scipy.linalg.eigh subset_by_value
2014-10-01,2014-10,0.1762914118095948,0.7852905028986575,0.06754561276037026,0.7177448901382872,0,0,,,0.0,scipy.linalg.eigh subset_by_value
2014-10-01,2014-10,0.18464249428955434,0.7780010117133598,0.06706904725334634,0.7109319644600134,0,0,,,0.0,scipy.linalg.eigh subset_by_value
2014-10-01,2014-10,0.1933891750455231,0.7705339398324182,0.06657706368785948,0.7039568761445587,0,0,,,0.0,scipy.linalg.eigh subset_by_value
2014-10-01,2014-10,0.20255019392306675,0.7628894626528401,0.06606945426357111,0.6968200083892689,0,0,,,0.0,scipy.linalg.eigh subset_by_value
2014-10-01,2014-10,0.21214517849106299,0.7550680881936436,0.06554603229610753,0.689522055897536,0,0,,,0.0,scipy.linalg.eigh subset_by_value
2014-10-01,2014-10,0.22219468609395238,0.7470706730452579,0.06500663420534669,0.6820640388399112,0,0,,,0.0,scipy.linalg.eigh subset_by_value
2014-10-01,2014-10,0.23272024789604084,0.7388984376452746,0.06445112152784453,0.6744473161174301,0,0,,,0.0,scipy.linalg.eigh subset_by_value
2014-10-01,2014-10,0.24374441501222205,0.7305529807246404,0.06387938294019795,0.6666735977844425,0,0,,,0.0,scipy.linalg.eigh subset_by_value
2014-10-01,2014-10,0.2552908068239518,0.7220362927627897,0.0632913362787369,0.6587449564840528,0,0,,,0.0,scipy.linalg.eigh subset_by_value
2014-10-01,2014-10,0.26738416158399464,0.7133507682860041,0.06268693053957383,0.6506638377464302,0,0,,,0.0,scipy.linalg.eigh subset_by_value
2014-10-01,2014-10,0.2800503894183631,0.7044992168406844,0.06206614784174169,0.6424330689989427,0,0,,,0.0,scipy.linalg.eigh subset_by_value
2014-10-01,2014-10,0.29331662783900436,0.6954848724724411,0.06142900533495436,0.6340558671374867,0,0,,,0.0,scipy.linalg.eigh subset_by_value
2014-10-01,2014-10,0.30721129988617574,0.6863114015431303,0.06077555703245383,0.6255358445106765,0,0,,,0.0,scipy.linalg.eigh subset_by_value
2014-10-01,2014-10,0.3217641750250737,0.6769829087213912,0.06010589554850397,0.6168770131728872,0,0,,,0.0,scipy.linalg.eigh subset_by_value
2014-10-01,2014-10,0.33700643292719284,0.6675039409880177,0.05942015371938173,0.608083787268636,0,0,,,0.0,scipy.linalg.eigh subset_by_value
2014-10-01,2014-10,0.352970730273065,0.6578794895057739,0.05871850608623928,0.5991609834195346,0,0,,,0.0,scipy.linalg.eigh subset_by_value
2014-10-01,2014-10,0.3696912707195028,0.6481149892141276,0.05800117021799546,0.5901138189961321,0,0,,,0.0,scipy.linalg.eigh subset_by_value
2014-10-01,2014-10,0.3872038781812555,0.638216316022899,0.05726840785249436,0.5809479081704046,0,0,,,0.0,scipy.linalg.eigh subset_by_value
2014-10-01,2014-10,0.40554607358408296,0.6281897814949984,0.05652052583456829,0.5716692556604301,0,0,,,0.0,scipy.linalg.eigh subset_by_value
2014-10-01,2014-10,0.42475715525368984,0.6180421249272559,0.055757876830387375,0.5622842480968685,0,0,,,0.0,scipy.linalg.eigh subset_by_value
2014-10-01,2014-10,0.4448782831127585,0.6077805027596724,0.05498085979858397,0.5527996429610884,0,0,,,0.0,scipy.linalg.eigh subset_by_value
2014-10-01,2014-10,0.4659525668664682,0.5974124752671564,0.054189920200120346,0.543222555067036,0,0,,,0.0,scipy.linalg.eigh subset_by_value
2014-10-01,2014-10,0.48802515836544313,0.5869459905136845,0.05338554993072593,0.5335604405829585,0,0,,,0.0,scipy.linalg.eigh subset_by_value
2014-10-01,2014-10,0.5111433483440168,0.5763893655765737,0.052568286961961475,0.5238210786146122,0,0,,,0.0,scipy.linalg.eigh subset_by_value
2014-10-01,2014-10,0.5353566677410724,0.5657512650778418,0.05173871467955957,0.5140125503982822,0,0,,,0.0,scipy.linalg.eigh subset_by_value
2014-10-01,2014-10,0.5607169938205459,0.555040677090044,0.05089746091062018,0.5041432161794238,0,0,,,0.0,scipy.linalg.eigh subset_by_value
2014-10-01,2014-10,0.5872786613189482,0.5442668865150548,0.05004519663447607,0.4942216898805788,0,0,,,0.0,scipy.linalg.eigh subset_by_value
2014-10-01,2014-10,0.6150985788580501,0.5334394460655265,0.049182634375541386,0.48425681168998513,0,0,,,0.0,scipy.linalg.eigh subset_by_value
2014-10-01,2014-10,0.6442363508721374,0.5225681450096321,0.04831052628017111,0.474257618729461,0,0,,,0.0,scipy.linalg.eigh subset_by_value
2014-10-01,2014-10,0.6747544053110693,0.5116629758696746,0.04742966188342496,0.4642333139862496,0,0,,,0.0,scipy.linalg.eigh subset_by_value
2014-10-01,2014-10,0.7067181273927491,0.5007340992935814,0.046540865575585094,0.45419323371799625,0,0,,,0.0,scipy.linalg.eigh subset_by_value
2014-10-01,2014-10,0.7401959996915645,0.48979180734469757,0.04564499378224751,0.44414681356245006,0,0,,,0.0,scipy.linalg.eigh subset_by_value
2014-10-01,2014-10,0.775259748862946,0.47884648547903735,0.04474293187571715,0.4341035536033202,0,0,,,0.0,scipy.linalg.eigh subset_by_value
2014-10-01,2014-10,0.8119844993184013,0.4679085734997649,0.04383559083920689,0.424072982660558,0,0,,,0.0,scipy.linalg.eigh subset_by_value
2014-10-01,2014-10,0.8504489341802677,0.4569885257956727,0.04292390370889457,0.4140646220867781,0,0,,,0.0,scipy.linalg.eigh subset_by_value
2014-10-01,2014-10,0.890735463861044,0.4460967711834,0.04200882182214981,0.4040879493612502,0,0,,,0.0,scipy.linalg.eigh subset_by_value
2014-10-01,2014-10,0.9329304026284686,0.4352436726817672,0.041091310903136086,0.3941523617786311,0,0,,,0.0,scipy.linalg.eigh subset_by_value
2014-10-01,2014-10,0.9771241535346497,0.4244394875506445,0.040172347019453956,0.38426714053119054,0,0,,,0.0,scipy.linalg.eigh subset_by_value
2014-10-01,2014-10,1.0234114021054528,0.4136943279260915,0.039252912445465936,0.3744414154806256,0,0,,,0.0,scipy.linalg.eigh subset_by_value
2014-10-01,2014-10,1.0718913192051276,0.4030181223780541,0.03833399146938268,0.36468413090867147,0,0,,,0.0,scipy.linalg.eigh subset_by_value
2014-10-01,2014-10,1.1226677735108135,0.39242057870674385,0.03741656618206349,0.3550040125246804,0,0,,,0.0,scipy.linalg.eigh subset_by_value
2014-10-01,2014-10,1.175849554052157,0.3819111482791455,0.03650161228576772,0.3454095359933778,0,0,,,0.0,scipy.linalg.eigh subset_by_value
2014-10-01,2014-10,1.231550603292826,0.3714989921881473,0.03559009496078435,0.33590889722736295,0,0,,,0.0,scipy.linalg.eigh subset_by_value
2014-10-01,2014-10,1.289890261253308,0.36119294949393965,0.0346829648269682,0.32650998466697145,0,0,,,0.0,scipy.linalg.eigh subset_by_value
2014-10-01,2014-10,1.3509935211980264,0.351001507781041,0.03378115403574772,0.3172203537452933,0,0,,,0.0,scipy.linalg.eigh subset_by_value
2014-10-01,2014-10,1.414991297434576,0.3409327762350829,0.03288557252617339,0.3080472037089095,0,0,,,0.0,scipy.linalg.eigh subset_by_value
2014-10-01,2014-10,1.4820207057988586,0.3309944614119041,0.03199710447609379,0.2989973569358103,0,0,,,0.0,scipy.linalg.eigh subset_by_value
2014-10-01,2014-10,1.552225357427048,0.32119384583818644,0.031116604976636805,0.2900772408615496,0,0,,,0.0,scipy.linalg.eigh subset_by_value
2014-10-01,2014-10,1.625755666443795,0.3115377695484377,0.030244896954900354,0.28129287259353736,0,0,,,0.0,scipy.linalg.eigh subset_by_value
2014-10-01,2014-10,1.7027691722258995,0.3020326146282329,0.02938276836619256,0.2726498462620403,0,0,,,0.0,scipy.linalg.eigh subset_by_value
2014-10-01,2014-10,1.7834308769319094,0.29268429279890273,0.02853096967338301,0.2641533231255197,0,0,,,0.0,scipy.linalg.eigh subset_by_value
2014-10-01,2014-10,1.8679135990207827,0.2834982360448994,0.027690211627012986,0.2558080244178864,0,0,,,0.0,scipy.linalg.eigh subset_by_value
2014-10-01,2014-10,1.9563983435170649,0.2744793902524312,0.02686116335583987,0.2476182268965913,0,0,,,0.0,scipy.linalg.eigh subset_by_value
2014-10-01,2014-10,2.049074689815848,0.26563221179716656,0.026044450773539375,0.2395877610236272,0,0,,,0.0,scipy.linalg.eigh subset_by_value
2014-10-01,2014-10,2.1461411978584035,0.2569606669902708,0.025240655303426694,0.2317200116868441,0,0,,,0.0,scipy.linalg.eigh subset_by_value
2014-10-01,2014-10,2.247805833548725,0.24846823426615638,0.024450312919353144,0.22401792134680323,0,0,,,0.0,scipy.linalg.eigh subset_by_value
2014-10-01,2014-10,2.354286414322418,0.24015790897237516,0.023673913497445853,0.2164839954749293,0,0,,,0.0,scipy.linalg.eigh subset_by_value
2014-10-01,2014-10,2.4658110758226037,0.23203221060226903,0.022911900470134916,0.2091203101321341,0,0,,,0.0,scipy.linalg.eigh subset_by_value
2014-10-01,2014-10,2.5826187606826774,0.22409319229447466,0.022164670770997,0.20192852152347768,0,0,,,0.0,scipy.linalg.eigh subset_by_value
2014-10-01,2014-10,2.704959730463134,0.21634245241018776,0.02143257505636805,0.1949098773538197,0,0,,,0.0,scipy.linalg.eigh subset_by_value
2014-10-01,2014-10,2.833096101839324,0.20878114798923034,0.02071591818746234,0.18806522980176799,0,0,,,0.0,scipy.linalg.eigh subset_by_value
2014-10-01,2014-10,2.9673024081888695,0.20141000987935045,0.020014959954894024,0.18139504992445643,0,0,,,0.0,scipy.linalg.eigh subset_by_value
2014-10-01,2014-10,3.107866187782014,0.19422935932967103,0.019329916026033334,0.17489944330363769,0,0,,,0.0,scipy.linalg.eigh subset_by_value
2014-10-01,2014-10,3.2550885998350596,0.1872391258386223,0.0186609590945397,0.1685781667440826,0,0,,,0.0,scipy.linalg.eigh subset_by_value
2014-10-01,2014-10,3.409285069746811,0.18043886604879522,0.018008220210684753,0.16243064583811045,0,0,,,0.0,scipy.linalg.eigh subset_by_value
2014-10-01,2014-10,3.5707859649004625,0.1738277834856961,0.01737179027069281,0.1564559932150033,0,0,,,0.0,scipy.linalg.eigh subset_by_value
2014-10-01,2014-10,3.739937302478798,0.1674047489440753,0.01675172164326109,0.15065302730081423,0,0,,,0.0,scipy.linalg.eigh subset_by_value
2014-10-01,2014-10,3.9171014908092605,0.16116832133405165,0.016148029911648196,0.14502029142240347,0,0,,,0.0,scipy.linalg.eigh subset_by_value
2014-10-01,2014-10,4.102658105827195,0.15511676880936337,0.015560695710208516,0.13955607309915485,0,0,,,0.0,scipy.linalg.eigh subset_by_value
2014-10-01,2014-10,4.297004704320839,0.14924809001144063,0.01498966663496763,0.134258423376473,0,0,,,0.0,scipy.linalg.eigh subset_by_value
2014-10-01,2014-10,4.500557675700498,0.14356003527532205,0.014434859208746844,0.1291251760665752,0,0,,,0.0,scipy.linalg.eigh subset_by_value
2014-10-01,2014-10,4.7137531341167245,0.13805012765646305,0.013896160882420206,0.12415396677404283,0,0,,,0.0,scipy.linalg.eigh subset_by_value
2014-10-01,2014-10,4.937047852839004,0.13271568365092695,0.013373432055090005,0.11934225159583695,0,0,,,0.0,scipy.linalg.eigh subset_by_value
2014-10-01,2014-10,5.17092024289676,0.12755383349509447,0.012866508097267398,0.11468732539782707,0,0,,,0.0,scipy.linalg.eigh subset_by_value
2014-10-01,2014-10,5.415871378079471,0.1225615409446444,0.012375201362511072,0.11018633958213334,0,0,,,0.0,scipy.linalg.eigh subset_by_value
2014-10-01,2014-10,5.672426068491977,0.11773562244596288,0.011899303174382904,0.10583631927157996,0,0,,,0.0,scipy.linalg.eigh subset_by_value
2014-10-01,2014-10,5.941133984965034,0.11307276562617169,0.011438585776999289,0.1016341798491724,0,0,,,0.0,scipy.linalg.eigh subset_by_value
2014-10-01,2014-10,6.222570836730231,0.10856954704048201,0.01099280423886823,0.09757674280161378,0,0,,,0.0,scipy.linalg.eigh subset_by_value
2014-10-01,2014-10,6.517339604882427,0.10422244912747589,0.010561698301086242,0.09366075082638964,0,0,,,0.0,scipy.linalg.eigh subset_by_value
2014-10-01,2014-10,6.826071834272386,0.10002787633409899,0.01014499416230876,0.08988288217179023,0,0,,,0.0,scipy.linalg.eigh subset_by_value
2014-10-01,2014-10,7.149428986597577,0.09598217038255141,0.00974240619418947,0.08623976418836195,0,0,,,0.0,scipy.linalg.eigh subset_by_value
2014-10-01,2014-10,7.488103857590023,0.09208162466084752,0.009353638582197545,0.08272798607864998,0,0,,,0.0,scipy.linalg.eigh subset_by_value
2014-10-01,2014-10,7.842822061337682,0.08832249772754505,0.008978386887857433,0.07934411083968762,0,0,,,0.0,scipy.linalg.eigh subset_by_value
2014-10-01,2014-10,8.21434358491943,0.08470102592902497,0.008616339529509565,0.0760846863995154,0,0,,,0.0,scipy.linalg.eigh subset_by_value
2014-10-01,2014-10,8.603464416684501,0.0812134351347243,0.008267179179656355,0.07294625595506794,0,0,,,0.0,scipy.linalg.eigh subset_by_value
2014-10-01,2014-10,9.01101825166502,0.07785595160191265,0.007930584077835723,0.06992536752407692,0,0,,,0.0,scipy.linalg.eigh subset_by_value
2014-10-01,2014-10,9.437878277775381,0.07462481198698749,0.0076062292587530484,0.06701858272823444,0,0,,,0.0,scipy.linalg.eigh subset_by_value
2014-10-01,2014-10,9.884959046625585,0.07151627252486879,0.00729378769610321,0.06422248482876558,0,0,,,0.0,scipy.linalg.eigh subset_by_value
2014-10-01,2014-10,10.353218432956627,0.06852661740195654,0.00699293136312995,0.061533686038826585,0,0,,,0.0,scipy.linalg.eigh subset_by_value
2014-10-01,2014-10,10.843659686896109,0.06565216635130935,0.0067033322115029855,0.058948834139806366,0,0,,,0.0,scipy.linalg.eigh subset_by_value
2014-10-01,2014-10,11.357333583431052,0.0628892815012673,0.006424663070548521,0.056464618430718774,0,0,,,0.0,scipy.linalg.eigh subset_by_value
2014-10-01,2014-10,11.895340673703195,0.060234373510723214,0.006156598469250654,0.05407777504147256,0,0,,,0.0,scipy.linalg.eigh subset_by_value
2014-10-01,2014-10,12.458833642950081,0.05768390702570216,0.005898815383754715,0.051785091641947445,0,0,,,0.0,scipy.linalg.eigh subset_by_value
2014-10-01,2014-10,13.049019780144029,0.05523440549288373,0.005650993913353856,0.04958341157952987,0,0,,,0.0,scipy.linalg.eigh subset_by_value
2014-10-01,2014-10,13.667163564620074,0.05288245536625595,0.0054128178881332305,0.04746963747812272,0,0,,,0.0,scipy.linalg.eigh subset_by_value
2014-10-01,2014-10,14.314589375234785,0.05062470974326555,0.005183975411586697,0.045440734331678855,0,0,,,0.0,scipy.linalg.eigh subset_by_value
2014-10-01,2014-10,14.992684327860456,0.048457891466677006,0.004964159341614914,0.04349373212506209,0,0,,,0.0,scipy.linalg.eigh subset_by_value
2014-10-01,2014-10,15.702901247293775,0.04637879572791964,0.004753067713366129,0.04162572801455351,0,0,,,0.0,scipy.linalg.eigh subset_by_value
2014-10-01,2014-10,16.446761779946645,0.04438429220702337,0.004550404107396641,0.03983388809962673,0,0,,,0.0,scipy.linalg.eigh subset_by_value
2014-10-01,2014-10,17.225859653987875,0.04247132678336658,0.004355877966612096,0.03811544881675448,0,0,,,0.0,scipy.linalg.eigh subset_by_value
2014-10-01,2014-10,18.04186409392072,0.04063692285041215,0.00416920486540736,0.03646771798500479,0,0,,,0.0,scipy.linalg.eigh subset_by_value
2014-10-01,2014-10,18.896523396912098,0.0388781822664282,0.003990106734356273,0.03488807553207193,0,0,,,0.0,scipy.linalg.eigh subset_by_value
2014-10-01,2014-10,19.791668678535572,0.03719228597190435,0.0038183120437168005,0.03337397392818755,0,0,,,0.0,scipy.linalg.eigh subset_by_value
2014-10-01,2014-10,20.72921779595372,0.03557649430300939,0.003653555948915282,0.031922938354094106,0,0,,,0.0,scipy.linalg.eigh subset_by_value
2014-10-01,2014-10,21.711179456945054,0.03402814702901861,0.003495580401059285,0.030532566627959324,0,0,,,0.0,scipy.linalg.eigh subset_by_value
2014-10-01,2014-10,22.739657523579275,0.03254466314018321,0.0033441342254042533,0.029200528914778954,0,0,,,0.0,scipy.linalg.eigh subset_by_value
2014-10-01,2014-10,23.81685551976158,0.031123540411044617,0.003198973170567737,0.02792456724047688,0,0,,,0.0,scipy.linalg.eigh subset_by_value
2014-10-01,2014-10,24.945081352303166,0.029762354762724583,0.003059859931148498,0.026702494831576086,0,0,,,0.0,scipy.linalg.eigh subset_by_value
2014-10-01,2014-10,26.126752255633292,0.028458759446261493,0.0029265641462681655,0.02553219529999333,0,0,,,0.0,scipy.linalg.eigh subset_by_value
2014-10-01,2014-10,27.36439997074672,0.027210484067627598,0.0027988623764122512,0.024411621691215347,0,0,,,0.0,scipy.linalg.eigh subset_by_value
2014-10-01,2014-10,28.660676169482503,0.026015333473657788,0.0026765380608065412,0.02333879541285125,0,0,,,0.0,scipy.linalg.eigh subset_by_value
2014-10-01,2014-10,30.01835813575589,0.024871186516756454,0.002559381457425412,0.02231180505933104,0,0,,,0.0,scipy.linalg.eigh subset_by_value
2014-10-01,2014-10,31.440354715915,0.0237759947149322,0.002447189567591686,0.021328805147340514,0,0,,,0.0,scipy.linalg.eigh subset_by_value
2014-10-01,2014-10,32.929712550971516,0.02272778082244273,0.00233976604699383,0.020388014775448902,0,0,,,0.0,scipy.linalg.eigh subset_by_value
2014-10-01,2014-10,34.489622604057594,0.021724637325120873,0.0022369211048166235,0.01948771622030425,0,0,,,0.0,scipy.linalg.eigh subset_by_value
2014-10-01,2014-10,36.123426997094306,0.02076472487329699,0.0021384713925562183,0.01862625348074077,0,0,,,0.0,scipy.linalg.eigh subset_by_value
2014-10-01,2014-10,37.83462617131929,0.01984627066413633,0.0020442398839702414,0.017802030780166088,0,0,,,0.0,scipy.linalg.eigh subset_by_value
2014-10-01,2014-10,39.626886387014785,0.018967566784172395,0.0019540557474987084,0.017013511036673687,0,0,,,0.0,scipy.linalg.eigh subset_by_value
2014-10-01,2014-10,41.50404757850477,0.018126968521838604,0.0018677542123819804,0.016259214309456625,0,0,,,0.0,scipy.linalg.eigh subset_by_value
2014-10-01,2014-10,43.470131581250264,0.017322892658881168,0.001785176429598236,0.015537716229282931,0,0,,,0.0,scipy.linalg.eigh subset_by_value
2014-10-01,2014-10,45.52935074866948,0.016553815748674566,0.0017061693286447386,0.014847646420029828,0,0,,,0.0,scipy.linalg.eigh subset_by_value
2014-10-01,2014-10,47.68611697714469,0.015818272388655033,0.001630585471094701,0.014187686917560331,0,0,,,0.0,scipy.linalg.eigh subset_by_value
2014-10-01,2014-10,49.9450511585514,0.015114853493337953,0.0015582829017747075,0.013556570591563245,0,0,,,0.0,scipy.linalg.eigh subset_by_value
2014-10-01,2014-10,52.31099308056263,0.014442204573686725,0.0014891249983262599,0.012953079575360465,0,0,,,0.0,scipy.linalg.eigh subset_by_value
2014-10-01,2014-10,54.78901179593945,0.013799024027954783,0.0014229803198390573,0.012376043708115726,0,0,,,0.0,scipy.linalg.eigh subset_by_value
2014-10-01,2014-10,57.38441648302393,0.013184061448524312,0.001359722455172853,0.011824338993351459,0,0,,,0.0,scipy.linalg.eigh subset_by_value
2014-10-01,2014-10,60.10276782070382,0.012596115948713618,0.0012992298715189463,0.011296886077194672,0,0,,,0.0,scipy.linalg.eigh subset_by_value
2014-10-01,2014-10,62.94988990221888,0.012034034513018165,0.0012413857636914957,0.010792648749326669,0,0,,,0.0,scipy.linalg.eigh subset_by_value
2014-10-01,2014-10,65.93188271333548,0.011496710373783792,0.0011860779045824435,0.010310632469201348,0,0,,,0.0,scipy.linalg.eigh subset_by_value
2014-10-01,2014-10,69.0551352016233,0.01098308141688484,0.0011331984971619552,0.009849882919722884,0,0,,,0.0,scipy.linalg.eigh subset_by_value
2014-10-01,2014-10,72.32633896483533,0.01049212861858988,0.0010826440283584588,0.009409484590231422,0,0,,,0.0,scipy.linalg.eigh subset_by_value
2014-10-01,2014-10,75.75250258771912,0.010022874515443111,0.0010343151251085046,0.008988559390334607,0,0,,,0.0,scipy.linalg.eigh subset_by_value
2014-10-01,2014-10,79.34096665797492,0.009574381708666766,0.0009881164128265234,0.008586265295840242,0,0,,,0.0,scipy.linalg.eigh subset_by_value
2014-10-01,2014-10,83.09941949353396,0.009145751404297624,0.0009439563765078398,0.008201795027789784,0,0,,,0.0,scipy.linalg.eigh subset_by_value
2014-10-01,2014-10,87.03591361485165,0.008736121990006552,0.0009017472246448913,0.007834374765361661,0,0,,,0.0,scipy.linalg.eigh subset_by_value
2014-10-01,2014-10,91.15888299750827,0.008344667649311827,0.0008614047561062043,0.007483262893205622,0,0,,,0.0,scipy.linalg.eigh subset_by_value
2014-10-01,2014-10,95.47716114208056,0.007970597013683146,0.0008228482301001227,0.007147748783583024,0,0,,,0.0,scipy.linalg.eigh subset_by_value
2014-10-01,2014-10,100.0,0.0076131518528416205,0.0007860002393203688,0.006827151613521252,0,0,,,0.0,scipy.linalg.eigh subset_by_value
2020-03-01,2020-03,0.01,0.981646245328415,0.07867779128709791,0.9029684540413171,0,0,,,0.0,scipy.linalg.eigh subset_by_value
2020-03-01,2020-03,0.010473708979594498,0.9808296736438457,0.07864087097005662,0.902188802673789,0,0,,,0.0,scipy.linalg.eigh subset_by_value
2020-03-01,2020-03,0.010969857978923836,0.9799783219490441,0.07860223883767006,0.9013760831113741,0,0,,,0.0,scipy.linalg.eigh subset_by_value
2020-03-01,2020-03,0.011489510001873092,0.9790908158312416,0.07856181734105937,0.9005289984901822,0,0,,,0.0,scipy.linalg.eigh subset_by_value
2020-03-01,2020-03,0.012033778407775893,0.978165734021459,0.07851952559244142,0.8996462084290175,0,0,,,0.0,scipy.linalg.eigh subset_by_value
2020-03-01,2020-03,0.012603829296797275,0.9772016073394122,0.07847527923813524,0.898726328101277,0,0,,,0.0,scipy.linalg.eigh subset_by_value
2020-03-01,2020-03,0.01320088400831418,0.9761969176570501,0.0784289903283901,0.89776792732866,0,0,,,0.0,scipy.linalg.eigh subset_by_value
2020-03-01,2020-03,0.013826221737646556,0.9751500968850209,0.07838056718413365,0.8967695297008872,0,0,,,0.0,scipy.linalg.eigh subset_by_value
2020-03-01,2020-03,0.014481182276745337,0.9740595259867059,0.07832991426076322,0.8957296117259427,0,0,,,0.0,scipy.linalg.eigh subset_by_value
2020-03-01,2020-03,0.015167168884709226,0.972923534024823,0.078276932009131,0.894646602015692,0,0,,,0.0,scipy.linalg.eigh subset_by_value
2020-03-01,2020-03,0.015885651294280528,0.9717403972459953,0.0782215167339044,0.8935188805120908,0,0,,,0.0,scipy.linalg.eigh subset_by_value
2020-03-01,2020-03,0.01663816886076129,0.9705083382091039,0.07816356044951683,0.892344777759587,0,0,,,0.0,scipy.linalg.eigh subset_by_value
2020-03-01,2020-03,0.0174263338600965,0.9692255249636936,0.0781029507339599,0.8911225742297337,0,0,,,0.0,scipy.linalg.eigh subset_by_value
2020-03-01,2020-03,0.018251834943190434,0.967890070285184,0.07803957058071,0.889850499704474,0,0,,,0.0,scipy.linalg.eigh subset_by_value
2020-03-01,2020-03,0.019116440753857017,0.9665000309741587,0.07797329824912447,0.8885267327250342,0,0,,,0.0,scipy.linalg.eigh subset_by_value
2020-03-01,2020-03,0.020022003718155844,0.965053407227561,0.07790400711369214,0.8871494001138689,0,0,,,0.0,scipy.linalg.eigh subset_by_value
2020-03-01,2020-03,0.02097046401323233,0.9635481420902062,0.07783156551257381,0.8857165765776325,0,0,,,0.0,scipy.linalg.eigh subset_by_value
2020-03-01,2020-03,0.02196385372416546,0.9619821209956635,0.07775583659592572,0.8842262843997377,0,0,,,0.0,scipy.linalg.eigh subset_by_value
2020-03-01,2020-03,0.02300430119772918,0.960353171406212,0.07767667817455974,0.8826764932316523,0,0,,,0.0,scipy.linalg.eigh subset_by_value
2020-03-01,2020-03,0.024094035602395245,0.958659062562291,0.07759394256956006,0.881065119992731,0,0,,,0.0,scipy.linalg.eigh subset_by_value
2020-03-01,2020-03,0.02523539170434766,0.9568975053525971,0.0775074764635471,0.87939002888905,0,0,,,0.0,scipy.linalg.eigh subset_by_value
2020-03-01,2020-03,0.026430814869741057,0.9550661523167677,0.07741712075435575,0.8776490315624119,0,0,,,0.0,scipy.linalg.eigh subset_by_value
2020-03-01,2020-03,0.027682866303920667,0.9531625977933925,0.07732271041197644,0.875839887381416,0,0,,,0.0,scipy.linalg.eigh subset_by_value
2020-03-01,2020-03,0.028994228538828767,0.9511843782269415,0.07722407433969479,0.8739603038872467,0,0,,,0.0,scipy.linalg.eigh subset_by_value
2020-03-01,2020-03,0.030367711180354574,0.9491289726480685,0.07712103524045812,0.8720079374076104,0,0,,,0.0,scipy.linalg.eigh subset_by_value
2020-03-01,2020-03,0.031806256927941194,0.9469938033426323,0.07701340948959587,0.8699803938530364,0,0,,,0.0,scipy.linalg.eigh subset_by_value
2020-03-01,2020-03,0.03331294787934674,0.9447762367256914,0.07690100701512459,0.8678752297105669,0,0,,,0.0,scipy.linalg.eigh subset_by_value
2020-03-01,2020-03,0.034891012134067735,0.9424735844376336,0.07678363118697829,0.8656899532506553,0,0,,,0.0,scipy.linalg.eigh subset_by_value
2020-03-01,2020-03,0.03654383070957257,0.9400831046805173,0.07666107871661963,0.8634220259638976,0,0,,,0.0,scipy.linalg.eigh subset_by_value
2020-03-01,2020-03,0.03827494478516311,0.9376020038136018,0.07653313956860862,0.8610688642449932,0,0,,,0.0,scipy.linalg.eigh subset_by_value
2020-03-01,2020-03,0.04008806328898465,0.9350274382279133,0.07639959688582995,0.8586278413420834,0,0,,,0.0,scipy.linalg.eigh subset_by_value
2020-03-01,2020-03,0.0419870708444391,0.932356516520537,0.07626022693021096,0.856096289590326,0,0,,,0.0,scipy.linalg.eigh subset_by_value
2020-03-01,2020-03,0.043976036093027214,0.9295863019901028,0.07611479904089533,0.8534715029492075,0,0,,,0.0,scipy.linalg.eigh subset_by_value
2020-03-01,2020-03,0.04605922041145106,0.9267138154756507,0.07596307561197521,0.8507507398636754,0,0,,,0.0,scipy.linalg.eigh subset_by_value
2020-03-01,2020-03,0.04824108704165369,0.9237360385616813,0.07580481209202405,0.8479312264696572,0,0,,,0.0,scipy.linalg.eigh subset_by_value
2020-03-01,2020-03,0.0505263106533568,0.9206499171727088,0.0756397570078125,0.8450101601648963,0,0,,,0.0,scipy.linalg.eigh subset_by_value
2020-03-01,2020-03,0.05291978735958442,0.9174523655810168,0.07546765201473178,0.841984713566285,0,0,,,0.0,scipy.linalg.eigh subset_by_value
2020-03-01,2020-03,0.05542664520663107,0.9141402708515306,0.07528823197658735,0.8388520388749432,0,0,,,0.0,scipy.linalg.eigh subset_by_value
2020-03-01,2020-03,0.05805225516094899,0.9107104977477664,0.07510122507756259,0.8356092726702038,0,0,,,0.0,scipy.linalg.eigh subset_by_value
2020-03-01,2020-03,0.06080224261649424,0.9071598941226402,0.07490635296928336,0.8322535411533568,0,0,,,0.0,scipy.linalg.eigh subset_by_value
2020-03-01,2020-03,0.06368249944718586,0.9034852968175002,0.07470333095603776,0.8287819658614625,0,0,,,0.0,scipy.linalg.eigh subset_by_value
2020-03-01,2020-03,0.06669919663030122,0.8996835380920737,0.07449186822132005,0.8251916698707537,0,0,,,0.0,scipy.linalg.eigh subset_by_value
2020-03-01,2020-03,0.0698587974678525,0.8957514526070263,0.07427166809896756,0.8214797845080587,0,0,,,0.0,scipy.linalg.eigh subset_by_value
2020-03-01,2020-03,0.07316807143427195,0.8916858849795157,0.07404242839224592,0.8176434565872698,0,0,,,0.0,scipy.linalg.eigh subset_by_value
2020-03-01,2020-03,0.07663410868007459,0.8874836979304457,0.07380384174430236,0.8136798561861434,0,0,,,0.0,scipy.linalg.eigh subset_by_value
2020-03-01,2020-03,0.08026433522257174,0.8831417810400393,0.07355559606344932,0.80958618497659,0,0,,,0.0,scipy.linalg.eigh subset_by_value
2020-03-01,2020-03,0.08406652885618325,0.878657060125857,0.07329737500675597,0.805359685119101,0,0,,,0.0,scipy.linalg.eigh subset_by_value
2020-03-01,2020-03,0.08804883581643465,0.8740265072544219,0.07302885852540693,0.8009976487290149,0,0,,,0.0,scipy.linalg.eigh subset_by_value
2020-03-01,2020-03,0.09221978823334327,0.8692471513941642,0.0727497234752341,0.7964974279189301,0,0,,,0.0,scipy.linalg.eigh subset_by_value
2020-03-01,2020-03,0.09658832241158703,0.864316089713458,0.07245964429573142,0.7918564454177266,0,0,,,0.0,scipy.linalg.eigh subset_by_value
2020-03-01,2020-03,0.1011637979766207,0.8592304995230334,0.07215829376071974,0.7870722057623137,0,0,,,0.0,scipy.linalg.eigh subset_by_value
2020-03-01,2020-03,0.10595601792776159,0.8539876508570259,0.07184534380363349,0.7821423070533924,0,0,,,0.0,scipy.linalg.eigh subset_by_value
2020-03-01,2020-03,0.11097524964120721,0.8485849196813315,0.07152046642014781,0.7770644532611837,0,0,,,0.0,scipy.linalg.eigh subset_by_value
2020-03-01,2020-03,0.11623224686798524,0.8430198017118006,0.07118333465054892,0.7718364670612516,0,0,,,0.0,scipy.linalg.eigh subset_by_value
2020-03-01,2020-03,0.12173827277396614,0.8372899268180762,0.07083362364386495,0.7664563031742113,0,0,,,0.0,scipy.linalg.eigh subset_by_value
2020-03-01,2020-03,0.12750512407130135,0.8313930739816456,0.07047101180531626,0.7609220621763294,0,0,,,0.0,scipy.linalg.eigh subset_by_value
2020-03-01,2020-03,0.13354515629298988,0.8253271867688613,0.07009518202810788,0.7552320047407535,0,0,,,0.0,scipy.linalg.eigh subset_by_value
2020-03-01,2020-03,0.13987131026472385,0.8190903892714179,0.0697058230099668,0.7493845662614511,0,0,,,0.0,scipy.linalg.eigh subset_by_value
2020-03-01,2020-03,0.14649713983072857,0.8126810024580156,0.06930263065412309,0.7433783718038924,0,0,,,0.0,scipy.linalg.eigh subset_by_value
2020-03-01,2020-03,0.15343684089300125,0.8060975608718091,0.06888530955364071,0.7372122513181684,0,0,,,0.0,scipy.linalg.eigh subset_by_value
2020-03-01,2020-03,0.16070528182616392,0.7993388295987546,0.06845357455712273,0.7308852550416318,0,0,,,0.0,scipy.linalg.eigh subset_by_value
2020-03-01,2020-03,0.16831803533309567,0.792403821422264,0.06800715241284508,0.7243966690094189,0,0,,,0.0,scipy.linalg.eigh subset_by_value
2020-03-01,2020-03,0.1762914118095948,0.7852918140697014,0.06754578348731662,0.7177460305823847,0,0,,,0.0,scipy.linalg.eigh subset_by_value
2020-03-01,2020-03,0.18464249428955434,0.7780023674463726,0.06706922355312303,0.7109331438932496,0,0,,,0.0,scipy.linalg.eigh subset_by_value
2020-03-01,2020-03,0.1933891750455231,0.7705353407428618,0.06657724563969625,0.7039580951031655,0,0,,,0.0,scipy.linalg.eigh subset_by_value
2020-03-01,2020-03,0.20255019392306675,0.7628909092920348,0.06606964193936622,0.6968212673526686,0,0,,,0.0,scipy.linalg.eigh subset_by_value
2020-03-01,2020-03,0.21214517849106299,0.7550695810428982,0.06554622575970977,0.6895233552831884,0,0,,,0.0,scipy.linalg.eigh subset_by_value
2020-03-01,2020-03,0.22219468609395238,0.7470722125099596,0.06500683351182637,0.6820653789981332,0,0,,,0.0,scipy.linalg.eigh subset_by_value
2020-03-01,2020-03,0.23272024789604084,0.7389000240489789,0.06445132672275806,0.6744486973262208,0,0,,,0.0,scipy.linalg.eigh subset_by_value
2020-03-01,2020-03,0.24374441501222205,0.7305546143032077,0.06387959405885099,0.6666750202443567,0,0,,,0.0,scipy.linalg.eigh subset_by_value
2020-03-01,2020-03,0.2552908068239518,0.7220379736586161,0.06329155334545174,0.6587464203131643,0,0,,,0.0,scipy.linalg.eigh subset_by_value
2020-03-01,2020-03,0.26738416158399464,0.7133524965423989,0.06268715356696686,0.650665342975432,0,0,,,0.0,scipy.linalg.eigh subset_by_value
2020-03-01,2020-03,0.2800503894183631,0.7045009923964493,0.062066376830017866,0.6424346155664313,0,0,,,0.0,scipy.linalg.eigh subset_by_value
2020-03-01,2020-03,0.29331662783900436,0.6954866951567076,0.061429240271225156,0.6340574548854824,0,0,,,0.0,scipy.linalg.eigh subset_by_value
2020-03-01,2020-03,0.30721129988617574,0.6863132710705171,0.06077579789008622,0.6255374731804308,0,0,,,0.0,scipy.linalg.eigh subset_by_value
2020-03-01,2020-03,0.3217641750250737,0.6769848246875403,0.060106142286507944,0.6168786824010324,0,0,,,0.0,scipy.linalg.eigh subset_by_value
2020-03-01,2020-03,0.33700643292719284,0.6675059028655717,0.059420406281844224,0.6080854965837275,0,0,,,0.0,scipy.linalg.eigh subset_by_value
2020-03-01,2020-03,0.352970730273065,0.657881496640857,0.05871876440181225,0.5991627322390448,0,0,,,0.0,scipy.linalg.eigh subset_by_value
2020-03-01,2020-03,0.3696912707195028,0.6481170408233906,0.05800143419944639,0.5901156066239442,0,0,,,0.0,scipy.linalg.eigh subset_by_value
2020-03-01,2020-03,0.3872038781812555,0.6382184111911848,0.05726867739632668,0.5809497337948581,0,0,,,0.0,scipy.linalg.eigh subset_by_value
2020-03-01,2020-03,0.40554607358408296,0.6281919191736898,0.05652080082071971,0.57167111835297,0,0,,,0.0,scipy.linalg.eigh subset_by_value
2020-03-01,2020-03,0.42475715525368984,0.6180443039333502,0.05575815712201324,0.5622861468113369,0,0,,,0.0,scipy.linalg.eigh subset_by_value
2020-03-01,2020-03,0.4448782831127585,0.6077827217756353,0.054981145241932525,0.5528015765337028,0,0,,,0.0,scipy.linalg.eigh subset_by_value
2020-03-01,2020-03,0.4659525668664682,0.5974147328415963,0.05419021062450634,0.54322452221709,0,0,,,0.0,scipy.linalg.eigh subset_by_value
2020-03-01,2020-03,0.48802515836544313,0.5869482850628778,0.05338584514860776,0.53356243991427,0,0,,,0.0,scipy.linalg.eigh subset_by_value
2020-03-01,2020-03,0.5111433483440168,0.5763916953868709,0.05256858676912672,0.5238231086177442,0,0,,,0.0,scipy.linalg.eigh subset_by_value
2020-03-01,2020-03,0.5353566677410724,0.5657536283089701,0.05173901885542244,0.5140146094535477,0,0,,,0.0,scipy.linalg.eigh subset_by_value
2020-03-01,2020-03,0.5607169938205459,0.5550430717793158,0.050897769218633454,0.5041453025606824,0,0,,,0.0,scipy.linalg.eigh subset_by_value
2020-03-01,2020-03,0.5872786613189482,0.5442693105824788,0.050045508822658576,0.4942238017598203,0,0,,,0.0,scipy.linalg.eigh subset_by_value
2020-03-01,2020-03,0.6150985788580501,0.533441897319808,0.04918295017712131,0.48425894714268664,0,0,,,0.0,scipy.linalg.eigh subset_by_value
2020-03-01,2020-03,0.6442363508721374,0.522570621155041,0.04831084541434329,0.4742597757406978,0,0,,,0.0,scipy.linalg.eigh subset_by_value
2020-03-01,2020-03,0.6747544053110693,0.5116654745137447,0.047429984056219635,0.46423549045752505,0,0,,,0.0,scipy.linalg.eigh subset_by_value
2020-03-01,2020-03,0.7067181273927491,0.5007366179555945,0.04654119048084362,0.45419542747475095,0,0,,,0.0,scipy.linalg.eigh subset_by_value
2020-03-01,2020-03,0.7401959996915645,0.48979434346489714,0.045645321102699365,0.4441490223621978,0,0,,,0.0,scipy.linalg.eigh subset_by_value
2020-03-01,2020-03,0.775259748862946,0.4788490364285049,0.04474326128415095,0.43410577514435394,0,0,,,0.0,scipy.linalg.eigh subset_by_value
2020-03-01,2020-03,0.8119844993184013,0.4679111365908813,0.043835921999727134,0.42407521459115416,0,0,,,0.0,scipy.linalg.eigh subset_by_value
2020-03-01,2020-03,0.8504489341802677,0.4569910982930827,0.04292423627825415,0.41406686201482856,0,0,,,0.0,scipy.linalg.eigh subset_by_value
2020-03-01,2020-03,0.890735463861044,0.4460993503153845,0.042009155451147626,0.40409019486423686,0,0,,,0.0,scipy.linalg.eigh subset_by_value
2020-03-01,2020-03,0.9329304026284686,0.4352462556519274,0.04109164523806767,0.39415461041385974,0,0,,,0.0,scipy.linalg.eigh subset_by_value
2020-03-01,2020-03,0.9771241535346497,0.4244420715497947,0.04017268170360284,0.38426938984619186,0,0,,,0.0,scipy.linalg.eigh subset_by_value
2020-03-01,2020-03,1.0234114021054528,0.4136969101442541,0.03925324712062204,0.374443663023632,0,0,,,0.0,scipy.linalg.eigh subset_by_value
2020-03-01,2020-03,1.0718913192051276,0.4030207000164484,0.038334325777374466,0.36468637423907396,0,0,,,0.0,scipy.linalg.eigh subset_by_value
2020-03-01,2020-03,1.1226677735108135,0.39242314898966363,0.03741689976628957,0.35500624922337404,0,0,,,0.0,scipy.linalg.eigh subset_by_value
2020-03-01,2020-03,1.175849554052157,0.38191370846561784,0.036501944792714375,0.3454117636729035,0,0,,,0.0,scipy.linalg.eigh subset_by_value
2020-03-01,2020-03,1.231550603292826,0.37150153958326954,0.03559042604151502,0.3359111135417545,0,0,,,0.0,scipy.linalg.eigh subset_by_value
2020-03-01,2020-03,1.289890261253308,0.36119548145979974,0.03468329413857185,0.3265121873212279,0,0,,,0.0,scipy.linalg.eigh subset_by_value
2020-03-01,2020-03,1.3509935211980264,0.3510040217471275,0.03378148124273343,0.3172225405043941,0,0,,,0.0,scipy.linalg.eigh subset_by_value
2020-03-01,2020-03,1.414991297434576,0.34093526970810273,0.03288589730179932,0.3080493724063034,0,0,,,0.0,scipy.linalg.eigh subset_by_value
2020-03-01,2020-03,1.4820207057988586,0.33099693198493146,0.03199742650361979,0.29899950548131166,0,0,,,0.0,scipy.linalg.eigh subset_by_value
2020-03-01,2020-03,1.552225357427048,0.3211962911990796,0.031116923950490982,0.2900793672485886,0,0,,,0.0,scipy.linalg.eigh subset_by_value
2020-03-01,2020-03,1.625755666443795,0.31154018748746637,0.030245212581751134,0.28129497490571526,0,0,,,0.0,scipy.linalg.eigh subset_by_value
2020-03-01,2020-03,1.7027691722258995,0.30203500304487424,0.029383080365919127,0.2726519226789551,0,0,,,0.0,scipy.linalg.eigh subset_by_value
2020-03-01,2020-03,1.7834308769319094,0.292686649707771,0.028531277779938566,0.2641553719278324,0,0,,,0.0,scipy.linalg.eigh subset_by_value
2020-03-01,2020-03,1.8679135990207827,0.28350055958078746,0.027690515589176436,0.255810043991611,0,0,,,0.0,scipy.linalg.eigh subset_by_value
2020-03-01,2020-03,1.9563983435170649,0.27448167867445433,0.02686146293785326,0.24762021573660106,0,0,,,0.0,scipy.linalg.eigh subset_by_value
2020-03-01,2020-03,2.049074689815848,0.2656344634920057,0.026044745755629633,0.23958971773637608,0,0,,,0.0,scipy.linalg.eigh subset_by_value
2020-03-01,2020-03,2.1461411978584035,0.25696288047452703,0.025240945482211737,0.2317219349923153,0,0,,,0.0,scipy.linalg.eigh subset_by_value
2020-03-01,2020-03,2.247805833548725,0.2484704081878349,0.024450598108133634,0.22401981007970126,0,0,,,0.0,scipy.linalg.eigh subset_by_value
2020-03-01,2020-03,2.354286414322418,0.24016004211152647,0.023674193526385244,0.21648584858514122,0,0,,,0.0,scipy.linalg.eigh subset_by_value
2020-03-01,2020-03,2.4658110758226037,0.23203430187082347,0.022912175186331284,0.20912212668449218,0,0,,,0.0,scipy.linalg.eigh subset_by_value
2020-03-01,2020-03,2.5826187606826774,0.22409524073531215,0.02216494003845151,0.20193030069686063,0,0,,,0.0,scipy.linalg.eigh subset_by_value
2020-03-01,2020-03,2.704959730463134,0.21634445719549183,0.021432838755855523,0.1949116184396363,0,0,,,0.0,scipy.linalg.eigh subset_by_value
2020-03-01,2020-03,2.833096101839324,0.20878310841817802,0.020716176216310164,0.18806693220186785,0,0,,,0.0,scipy.linalg.eigh subset_by_value
2020-03-01,2020-03,2.9673024081888695,0.20141192537519598,0.020015212226676335,0.18139671314851963,0,0,,,0.0,scipy.linalg.eigh subset_by_value
2020-03-01,2020-03,3.107866187782014,0.1942312294362819,0.01933016247018786,0.17490106696609403,0,0,,,0.0,scipy.linalg.eigh subset_by_value
2020-03-01,2020-03,3.2550885998350596,0.18724095021652828,0.01866119965591483,0.16857975056061344,0,0,,,0.0,scipy.linalg.eigh subset_by_value
2020-03-01,2020-03,3.409285069746811,0.18044064447081298,0.01800845484902476,0.16243218962178824,0,0,,,0.0,scipy.linalg.eigh subset_by_value
2020-03-01,2020-03,3.5707859649004625,0.17382951583218959,0.01737201896006926,0.15645749687212032,0,0,,,0.0,scipy.linalg.eigh subset_by_value
2020-03-01,2020-03,3.739937302478798,0.16740643519791312,0.016751944371458237,0.15065449082645488,0,0,,,0.0,scipy.linalg.eigh subset_by_value
2020-03-01,2020-03,3.9171014908092605,0.16116996157532026,0.01614824667951022,0.14502171489581003,0,0,,,0.0,scipy.linalg.eigh subset_by_value
2020-03-01,2020-03,4.102658105827195,0.1551183632098926,0.015560906530956195,0.13955745667893643,0,0,,,0.0,scipy.linalg.eigh subset_by_value
2020-03-01,2020-03,4.297004704320839,0.14924963882919512,0.014989871533491652,0.13425976729570346,0,0,,,0.0,scipy.linalg.eigh subset_by_value
2020-03-01,2020-03,4.500557675700498,0.14356153884870948,0.014435058220884733,0.12912648062782475,0,0,,,0.0,scipy.linalg.eigh subset_by_value
2020-03-01,2020-03,4.7137531341167245,0.138051586398607,0.013896354054223313,0.12415523234438369,0,0,,,0.0,scipy.linalg.eigh subset_by_value
2020-03-01,2020-03,4.937047852839004,0.13271709804394638,0.013373619442086622,0.11934347860185976,0,0,,,0.0,scipy.linalg.eigh subset_by_value
2020-03-01,2020-03,5.17092024289676,0.12755520408443063,0.012866689763727488,0.11468851432070315,0,0,,,0.0,scipy.linalg.eigh subset_by_value
2020-03-01,2020-03,5.415871378079471,0.12256286833347035,0.012375377380717763,0.1101874909527526,0,0,,,0.0,scipy.linalg.eigh subset_by_value
2020-03-01,2020-03,5.672426068491977,0.11773690728970689,0.011899473623915132,0.10583743366579175,0,0,,,0.0,scipy.linalg.eigh subset_by_value
2020-03-01,2020-03,5.941133984965034,0.11307400862718274,0.011438750744029703,0.10163525788315303,0,0,,,0.0,scipy.linalg.eigh subset_by_value
2020-03-01,2020-03,6.222570836730231,0.10857074894286044,0.010992963815479831,0.0975777851273806,0,0,,,0.0,scipy.linalg.eigh subset_by_value
2020-03-01,2020-03,6.517339604882427,0.10422361071208992,0.010561852584610718,0.0936617581274792,0,0,,,0.0,scipy.linalg.eigh subset_by_value
2020-03-01,2020-03,6.826071834272386,0.10002899841380329,0.010145143254689086,0.0898838551591142,0,0,,,0.0,scipy.linalg.eigh subset_by_value
2020-03-01,2020-03,7.149428986597577,0.09598325379762107,0.00974255020136882,0.08624070359625224,0,0,,,0.0,scipy.linalg.eigh subset_by_value
2020-03-01,2020-03,7.488103857590023,0.09208267027463694,0.009353777613536163,0.08272889266110078,0,0,,,0.0,scipy.linalg.eigh subset_by_value
2020-03-01,2020-03,7.842822061337682,0.08832350642237985,0.008978521055578698,0.07934498536680115,0,0,,,0.0,scipy.linalg.eigh subset_by_value
2020-03-01,2020-03,8.21434358491943,0.0847019986023308,0.008616468948176133,0.07608552965415466,0,0,,,0.0,scipy.linalg.eigh subset_by_value
2020-03-01,2020-03,8.603464416684501,0.08121437269539471,0.00826730396567691,0.07294706872971779,0,0,,,0.0,scipy.linalg.eigh subset_by_value
2020-03-01,2020-03,9.01101825166502,0.07785685496691634,0.007930704349002563,0.06992615061791378,0,0,,,0.0,scipy.linalg.eigh subset_by_value
2020-03-01,2020-03,9.437878277775381,0.07462568207821327,0.007606345133810501,0.06701933694440276,0,0,,,0.0,scipy.linalg.eigh subset_by_value
2020-03-01,2020-03,9.884959046625585,0.07151711026620383,0.007293899294346569,0.06422321097185726,0,0,,,0.0,scipy.linalg.eigh subset_by_value
2020-03-01,2020-03,10.353218432956627,0.06852742371659405,0.006993038804034469,0.06153438491255958,0,0,,,0.0,scipy.linalg.eigh subset_by_value
2020-03-01,2020-03,10.843659686896109,0.06565294215927892,0.006703435614382257,0.05894950654489666,0,0,,,0.0,scipy.linalg.eigh subset_by_value
2020-03-01,2020-03,11.357333583431052,0.0628900277171809,0.006424762554241426,0.056465265162939475,0,0,,,0.0,scipy.linalg.eigh subset_by_value
2020-03-01,2020-03,11.895340673703195,0.060235091041728916,0.006156694151835945,0.05407839688989297,0,0,,,0.0,scipy.linalg.eigh subset_by_value
2020-03-01,2020-03,12.458833642950081,0.05768459676963689,0.005898907382292189,0.051785689387344694,0,0,,,0.0,scipy.linalg.eigh subset_by_value
2020-03-01,2020-03,13.049019780144029,0.05523506833661599,0.0056510823436509905,0.049583985992965,0,0,,,0.0,scipy.linalg.eigh subset_by_value
2020-03-01,2020-03,13.667163564620074,0.052883092184209085,0.005412902864536088,0.047470189319673,0,0,,,0.0,scipy.linalg.eigh subset_by_value
2020-03-01,2020-03,14.314589375234785,0.05062532139611179,0.005184057046793898,0.04544126434931789,0,0,,,0.0,scipy.linalg.eigh subset_by_value
2020-03-01,2020-03,14.992684327860456,0.04845847880019247,0.004964237746513399,0.04349424105367907,0,0,,,0.0,scipy.linalg.eigh subset_by_value
2020-03-01,2020-03,15.702901247293775,0.046379359571990665,0.004753142996887453,0.04162621657510321,0,0,,,0.0,scipy.linalg.eigh subset_by_value
2020-03-01,2020-03,16.446761779946645,0.04438483337479424,0.004550476376392549,0.039834356998401696,0,0,,,0.0,scipy.linalg.eigh subset_by_value
2020-03-01,2020-03,17.225859653987875,0.042471846070519056,0.004355947325748104,0.038115898744770955,0,0,,,0.0,scipy.linalg.eigh subset_by_value
2020-03-01,2020-03,18.04186409392072,0.040637421034567696,0.004169271417073121,0.036468149617494575,0,0,,,0.0,scipy.linalg.eigh subset_by_value
2020-03-01,2020-03,18.896523396912098,0.038878660106663396,0.003990170578591526,0.03488848952807187,0,0,,,0.0,scipy.linalg.eigh subset_by_value
2020-03-01,2020-03,19.791668678535572,0.03719274420837089,0.0038183732781517186,0.03337437093021917,0,0,,,0.0,scipy.linalg.eigh subset_by_value
2020-03-01,2020-03,20.72921779595372,0.035576933656650184,0.0036536146687241033,0.03192331898792608,0,0,,,0.0,scipy.linalg.eigh subset_by_value
2020-03-01,2020-03,21.711179456945054,0.034028568201371734,0.0034956366989261226,0.030532931502445612,0,0,,,0.0,scipy.linalg.eigh subset_by_value
2020-03-01,2020-03,22.739657523579275,0.03254506681326605,0.0033441881915000572,0.029200878621765992,0,0,,,0.0,scipy.linalg.eigh subset_by_value
2020-03-01,2020-03,23.81685551976158,0.031123927247310734,0.0031990248925374064,0.027924902354773327,0,0,,,0.0,scipy.linalg.eigh subset_by_value
2020-03-01,2020-03,24.945081352303166,0.029762725405086454,0.0030599094941072104,0.026702815910979245,0,0,,,0.0,scipy.linalg.eigh subset_by_value
2020-03-01,2020-03,26.126752255633292,0.028459114518172412,0.00292661163280602,0.025532502885366393,0,0,,,0.0,scipy.linalg.eigh subset_by_value
2020-03-01,2020-03,27.36439997074672,0.02721082417321664,0.0027989078666063975,0.024411916306610243,0,0,,,0.0,scipy.linalg.eigh subset_by_value
2020-03-01,2020-03,28.660676169482503,0.026015659197912048,0.0026765816322400025,0.023339077565672044,0,0,,,0.0,scipy.linalg.eigh subset_by_value
2020-03-01,2020-03,30.01835813575589,0.024871498425745077,0.0025594231852118596,0.02231207524053322,0,0,,,0.0,scipy.linalg.eigh subset_by_value
2020-03-01,2020-03,31.440354715915,0.023776293356067263,0.0024472295244054878,0.021329063831661776,0,0,,,0.0,scipy.linalg.eigh subset_by_value
2020-03-01,2020-03,32.929712550971516,0.022728066724772233,0.002339804303104716,0.020388262421667518,0,0,,,0.0,scipy.linalg.eigh subset_by_value
2020-03-01,2020-03,34.489622604057594,0.021724910999649565,0.0022369577281283895,0.019487953271521176,0,0,,,0.0,scipy.linalg.eigh subset_by_value
2020-03-01,2020-03,36.123426997094306,0.020764986813330992,0.0021385064486489098,0.018626480364682084,0,0,,,0.0,scipy.linalg.eigh subset_by_value
2020-03-01,2020-03,37.83462617131929,0.019846521345647933,0.0020442734361453144,0.01780224790950262,0,0,,,0.0,scipy.linalg.eigh subset_by_value
2020-03-01,2020-03,39.626886387014785,0.018967806666181676,0.001954087856826698,0.01701371880935498,0,0,,,0.0,scipy.linalg.eigh subset_by_value
2020-03-01,2020-03,41.50404757850477,0.018127198046808658,0.0018677849377522538,0.016259413109056403,0,0,,,0.0,scipy.linalg.eigh subset_by_value
2020-03-01,2020-03,43.470131581250264,0.017323112253124377,0.0017852058277704366,0.01553790642535394,0,0,,,0.0,scipy.linalg.eigh subset_by_value
2020-03-01,2020-03,45.52935074866948,0.016554025822767108,0.001706197454301569,0.01484782836846554,0,0,,,0.0,scipy.linalg.eigh subset_by_value
2020-03-01,2020-03,47.68611697714469,0.015818473337857516,0.001630612376895717,0.0141878609609618,0,0,,,0.0,scipy.linalg.eigh subset_by_value
2020-03-01,2020-03,49.9450511585514,0.015115045698019943,0.0015583086384108366,0.013556737059609107,0,0,,,0.0,scipy.linalg.eigh subset_by_value
2020-03-01,2020-03,52.31099308056263,0.014442388399753427,0.0014891496145747756,0.012953238785178652,0,0,,,0.0,scipy.linalg.eigh subset_by_value
2020-03-01,2020-03,54.78901179593945,0.013799199827274065,0.0014230038626187758,0.01237619596465529,0,0,,,0.0,scipy.linalg.eigh subset_by_value
2020-03-01,2020-03,57.38441648302393,0.013184229559352657,0.0013597449695993357,0.01182448458975332,0,0,,,0.0,scipy.linalg.eigh subset_by_value
2020-03-01,2020-03,60.10276782070382,0.01259627669611965,0.001299251400959525,0.011297025295160124,0,0,,,0.0,scipy.linalg.eigh subset_by_value
2020-03-01,2020-03,62.94988990221888,0.012034188209302557,0.0012414063498199473,0.01079278185948261,0,0,,,0.0,scipy.linalg.eigh subset_by_value
2020-03-01,2020-03,65.93188271333548,0.01149685731889453,0.0011860975874331684,0.010310759731461361,0,0,,,0.0,scipy.linalg.eigh subset_by_value
2020-03-01,2020-03,69.0551352016233,0.010983221898826957,0.00113321731518353,0.009850004583643428,0,0,,,0.0,scipy.linalg.eigh subset_by_value
2020-03-01,2020-03,72.32633896483533,0.010492262913828857,0.0010826620184664483,0.009409600895362408,0,0,,,0.0,scipy.linalg.eigh subset_by_value
2020-03-01,2020-03,75.75250258771912,0.01002300288930126,0.0010343323227374349,0.008988670566563826,0,0,,,0.0,scipy.linalg.eigh subset_by_value
2020-03-01,2020-03,79.34096665797492,0.009574504415712068,0.0009881328519809353,0.008586371563731134,0,0,,,0.0,scipy.linalg.eigh subset_by_value
2020-03-01,2020-03,83.09941949353396,0.009145868688724485,0.0009439720898123457,0.008201896598912139,0,0,,,0.0,scipy.linalg.eigh subset_by_value
2020-03-01,2020-03,87.03591361485165,0.008736234086008132,0.0009017622433931814,0.007834471842614951,0,0,,,0.0,scipy.linalg.eigh subset_by_value
2020-03-01,2020-03,91.15888299750827,0.008344774781443588,0.0008614191103089489,0.007483355671134639,0,0,,,0.0,scipy.linalg.eigh subset_by_value
2020-03-01,2020-03,95.47716114208056,0.007970699397217357,0.0008228619485317324,0.007147837448685625,0,0,,,0.0,scipy.linalg.eigh subset_by_value
2020-03-01,2020-03,100.0,0.007613249694112673,0.0007860133495645816,0.006827236344548091,0,0,,,0.0,scipy.linalg.eigh subset_by_value
