date,tau_soft,log_tau_soft,shape_rms_log_relative,weight_ess,weight_ess_normalized
1993-11-01,0.9143501485002303,-0.08954168625080086,2.0653166981462254,7.002752503325251,0.01950627438252159
1993-12-01,0.9179929443288766,-0.08556557430743986,2.01677846137209,7.719324670141251,0.02150229713131267
1994-01-01,0.9199408924679205,-0.08344585832047603,1.9401455726670185,8.73973710731296,0.024344671608114096
1994-02-01,0.9451378095783775,-0.056424531878921075,1.8527235632363035,9.746322295249271,0.027148530070332234
1994-03-01,0.9362369879256123,-0.0658866423240696,1.7577775175970414,10.896376935868817,0.03035202489099948
1994-04-01,0.9095005709512167,-0.09485965326031248,1.6662064266462207,11.323177325658069,0.031540883915482085
1994-05-01,0.8751772008489711,-0.13332889787200197,1.5756671204586525,12.25872808421791,0.03414687488640085
1994-06-01,0.8552795417259045,-0.1563269140946579,1.4993946393020068,12.712645075259564,0.03541126761910743
1994-07-01,0.8390544642099923,-0.17547965899612317,1.4112406651470022,13.064120264994061,0.03639030714483025
1994-08-01,0.836291668599078,-0.17877784085989898,1.3305555704844902,13.27248864069983,0.03697072044763184
1994-09-01,0.8441634783560023,-0.16940910840798326,1.2321257420674878,13.426288028744327,0.03739913099928782
1994-10-01,0.8660780723697764,-0.14378022163129023,1.1633516851325574,13.584536542429726,0.03783993465857861
1994-11-01,0.8906783994229671,-0.11577186007564531,1.119341682536297,13.57622127034347,0.03781677234078961
1994-12-01,0.9151054019681675,-0.08871602693303356,1.0410685720350763,13.728426902531838,0.03824074346109145
1995-01-01,0.9155264376615743,-0.08825603744556144,0.965548061341946,13.21946038237759,0.03682300942166458
1995-02-01,0.9369003698348678,-0.06517833128191111,0.9720909888147666,13.270178022979596,0.03696428418657268
1995-03-01,0.9762297875677581,-0.0240572821985209,1.0271460276027617,13.460833063041978,0.0374953567215654
1995-04-01,0.9934016022098062,-0.006620263455540676,1.073207124310095,13.603688366345255,0.037893282357507656
1995-05-01,0.996143543116635,-0.00386391218675489,1.1181891032182463,13.6825474065437,0.03811294542212731
1995-06-01,0.9944295215181526,-0.0055860514566461366,1.1753123436660053,13.716987674739697,0.038208879316823666
1995-07-01,0.9807184410065152,-0.019469872838440056,1.249501966578447,13.550370886704744,0.03774476570112742
1995-08-01,0.9468052057136119,-0.054661903138568314,1.285893054165596,13.632917693312121,0.03797470109557694
1995-09-01,0.8946145202738204,-0.11136235709139043,1.2958161191160982,13.661618742803533,0.03805464830864494
1995-10-01,0.8576007200475311,-0.1536166490582898,1.313489798924548,13.675184467353368,0.038092435842209914
1995-11-01,0.8380944768678122,-0.17662444396245341,1.3277185775715694,13.68215372367141,0.03811184881245518
1995-12-01,0.8312646553088622,-0.18480705672073616,1.32937634231741,13.680909018790128,0.038108381667939076
1996-01-01,0.8241907269593656,-0.19335331109998757,1.3635768151030279,13.744593800766381,0.038285776603806054
1996-02-01,0.7991822691806576,-0.22416623760378768,1.3714436923167914,13.7228873610454,0.03822531298341336
1996-03-01,0.7814154989651209,-0.246648261690815,1.420948619821834,13.37473475167901,0.03725552855620893
1996-04-01,0.7831202435050907,-0.2444690270867658,1.48876751251756,12.926032767266475,0.03600566230436344
1996-05-01,0.8071018177064827,-0.21430545050903277,1.5464820213612418,13.052588264109476,0.036358184579692136
1996-06-01,0.8542040710562036,-0.15758515465753561,1.5987655489289243,13.334704175152652,0.03714402277201296
1996-07-01,0.9242714521637125,-0.07874947108721313,1.6420956846343844,13.612229273101434,0.03791707318412656
1996-08-01,0.9507927075308064,-0.05045921335007354,1.639674575942692,13.654313345595758,0.03803429901280155
1996-09-01,0.9400577278908284,-0.06181399295394958,1.6558280925399227,13.422770914263152,0.03738933402301714
1996-10-01,0.8985665462583846,-0.1069545117744673,1.6443378013463934,13.379790957319825,0.03726961269448419
1996-11-01,0.8707564203218557,-0.13839299643922912,1.6342150808185854,13.511129056548855,0.03763545698203024
1996-12-01,0.8596792542737711,-0.1511959194482946,1.6228937772874774,13.383702151005911,0.03728050738441758
1997-01-01,0.8538157268804978,-0.15803988496319918,1.602698612220517,13.276936377978478,0.03698310968796235
1997-02-01,0.8627950730944969,-0.1475780748514315,1.607207434462382,13.53174974472223,0.03769289622485301
1997-03-01,0.8788578960534394,-0.12913205983444495,1.6256099167034468,13.533337079036686,0.03769731776890442
1997-04-01,0.8918816930079468,-0.11442178635542763,1.627400389996245,13.7014965390669,0.03816572852107772
1997-05-01,0.8989625594479944,-0.10651389226543165,1.616694696558727,13.326972328234948,0.03712248559396922
1997-06-01,0.9060304220419689,-0.09868239509013077,1.5995985191641398,12.944012099143439,0.03605574400875611
1997-07-01,0.9205463835859162,-0.08278789002293026,1.5853155934922534,12.828104169387421,0.03573288069467248
1997-08-01,0.929874521209094,-0.07270562536890211,1.610508792941128,13.554622123116886,0.037756607585283805
1997-09-01,0.9008751086241532,-0.10438864516126257,1.5920609552944893,13.21108702209746,0.036799685298321616
1997-10-01,0.8711880503120177,-0.13789742381188966,1.56063174503319,13.182811019751833,0.036720922060590064
1997-11-01,0.858574685732127,-0.15248160681740824,1.52264177686861,13.183221264307953,0.036722064803086235
1997-12-01,0.8649580757436584,-0.14507424057320947,1.4823712736121628,13.150561034681964,0.036631089233097394
1998-01-01,0.8890021323919911,-0.11765564482994936,1.4363547065874724,13.047620070953972,0.0363443456015431
1998-02-01,0.9137508115566779,-0.09019737975802017,1.3827163577441528,12.99853467453918,0.036207617477825034
1998-03-01,0.9362208299585619,-0.06590390088861126,1.3225148578751758,12.887368769553534,0.035897963146388656
1998-04-01,0.9582861524027643,-0.042608847906120594,1.2683615717392387,12.453723851853631,0.034690038584550484
1998-05-01,0.9826175316566526,-0.01753531729740239,1.21760963044362,12.099941529773812,0.03370457250633373
1998-06-01,1.0223252003850865,0.02207964115204164,1.1919941945215882,11.7876966500726,0.03283480961023008
1998-07-01,1.0686235156738375,0.06637138635764626,1.1736099508917988,11.347725101526365,0.03160926212124334
1998-08-01,1.1310134822688223,0.12311411772502152,1.1632936323125813,10.890088350675075,0.030334507940599095
1998-09-01,1.2177799808096965,0.1970295132410711,1.1914642955913342,9.645320003690708,0.026867186639806986
1998-10-01,1.295087251430522,0.25857806850389053,1.0766476824172482,8.912636807840427,0.02482628637281456
1998-11-01,1.1259511002815619,0.11862810096059562,1.0189915993780085,10.044163798248535,0.027978172139968085
1998-12-01,1.0607079711717875,0.058936582511691496,1.0168127937381792,9.654091559723685,0.02689161994352002
1999-01-01,1.066572134208833,0.0644498930309975,0.9899905685734226,10.445989918496657,0.029097464954029685
1999-02-01,1.0703073182021035,0.06794582050897244,0.9615506090439631,10.528376619887432,0.029326954372945482
1999-03-01,1.071459821146068,0.06902203746461696,0.9552873433992568,10.455342959706408,0.029123517993611167
1999-04-01,1.0963783396450857,0.09201232936397188,0.9513944677279375,10.243600220099996,0.028533705348467966
1999-05-01,1.263502704324938,0.23388778818805406,0.8362228972418361,9.925986628325589,0.027648987822633954
1999-06-01,1.1654235540172466,0.15308458662371638,1.031738707090682,7.102558944669889,0.01978428675395513
1999-07-01,1.194062824683658,0.17736163057417345,1.0199980982199173,8.788383201052817,0.02448017604750088
1999-08-01,1.233955766830323,0.2102250794844336,1.0202485364551357,9.782954265691393,0.027250568985212793
1999-09-01,1.2962232567194756,0.25945484908125127,0.9907044430670144,10.628885260699752,0.029606922731754182
1999-10-01,1.3589202967705962,0.30669048500952895,0.9464619259875812,11.1876078983417,0.031163253198723387
1999-11-01,1.3614515583621598,0.3085514528895708,0.8872903533880094,11.42575688433746,0.03182662084773666
1999-12-01,1.318295079552747,0.27633929535636387,0.8704615380145662,11.379456221849177,0.031697649643033926
2000-01-01,1.2800653891503786,0.24691116190045093,0.8582204292948379,11.520238840242417,0.032089801783405064
2000-02-01,1.251228605005476,0.22412595260438298,0.8410072081573768,11.6167095241335,0.03235852235134679
2000-03-01,1.2428287730277714,0.2173900500452065,0.8246321978775589,11.666551640911475,0.032497358331229735
2000-04-01,1.2582688862082247,0.22973687646291654,0.8098650696704189,11.633325548703636,0.03240480654234998
2000-05-01,1.275256380550763,0.24314724118086828,0.7975176640610326,11.169499000197982,0.0311128105855097
2000-06-01,1.296785653917446,0.2598886286988083,0.7861883327449519,11.128330504032943,0.03099813510872686
2000-07-01,1.3064733609926817,0.2673314161745491,0.772791243318618,11.041618767665668,0.03075659823862303
2000-08-01,1.3396628058194286,0.29241794484861744,0.7585902207333237,10.932721774767275,0.030453263996566216
2000-09-01,1.3969715496365311,0.33430671473926765,0.7421823167823305,10.58050718279333,0.0294721648545775
2000-10-01,1.479344357563807,0.39159898797572873,0.7444670822469192,9.331763918048715,0.025993771359467156
2000-11-01,1.5596570927867264,0.4444659847829766,0.7454782627103803,8.394858988079708,0.02338400832334181
2000-12-01,1.6439562280642228,0.49710567101445824,0.7539613090560663,6.83348986890147,0.019034790721174002
2001-01-01,1.4868325520932668,0.3966480532645565,0.8287927091260877,6.740977653054785,0.018777096526614995
2001-02-01,1.403297487800085,0.3388248155646176,0.8303018114581195,8.024783699635938,0.022353157937704562
2001-03-01,1.3437598372498993,0.29547153361115047,0.8529116999690892,9.534388591911467,0.026558185492789592
2001-04-01,1.2524946026809172,0.22513724473080535,1.0278538065504494,8.270793863134235,0.023038423017087
2001-05-01,1.1576268397759055,0.14637208177463318,1.0905136659750034,8.498788663448064,0.023673506026317723
2001-06-01,1.1003141557601688,0.09559573517511688,1.1068825608427015,9.757651790074636,0.02718008855173992
2001-07-01,1.0848289245783207,0.08142230136099271,1.1034702345620877,10.697189638219154,0.02979718562178038
2001-08-01,1.1118017662477298,0.10598191217397138,1.078549817056652,11.340794302042186,0.03158995627309801
2001-09-01,1.1588186943233345,0.1474011192676865,1.045808616801672,11.76066038344732,0.032759499675340725
2001-10-01,1.222045816357109,0.20052635297381918,1.0121232053796922,12.027586579671368,0.03350302668432135
2001-11-01,1.2570383864920787,0.2287584673216854,0.9975034652884507,12.304998803196598,0.03427576268299888
2001-12-01,1.27026781525357,0.23922775639124505,0.9872868185537617,12.4747600269289,0.03474863517250391
2002-01-01,1.2702050004620729,0.23917830513073843,0.9629321147286861,12.594252779420351,0.035081484065237735
2002-02-01,1.2484864362066397,0.22193196660710227,0.9189625003687805,12.685209609427249,0.035334845708710996
2002-03-01,1.203350502100464,0.1851097512484134,0.8885118723902972,12.874868392211745,0.035863143153793145
2002-04-01,1.158573352349519,0.14718937954493702,0.8751928637748289,13.058758390222991,0.036375371560509705
2002-05-01,1.0975370509772844,0.0930686248299579,0.8841190722398824,13.1135219660004,0.03652791633983398
2002-06-01,1.0065352573463997,0.006513995137836105,0.9138382144513484,13.225647526664494,0.03684024380686488
2002-07-01,0.9352643664153562,-0.06692604482897832,0.9579494875547262,13.346474627045325,0.03717680954608724
2002-08-01,0.884520972864976,-0.12270905411454087,1.0118286112297479,13.424558692556797,0.03739431390684347
2002-09-01,0.8493059575165449,-0.1633357836010361,1.0803908974289296,13.563792318158049,0.0377821513040614
2002-10-01,0.8251432325662854,-0.19219829248497516,1.1783179193376219,13.331385683457674,0.037134779062556196
2002-11-01,0.8225591147418051,-0.1953349268987697,1.2538483292022045,13.360571446977422,0.03721607645397611
2002-12-01,0.8192003580785084,-0.199426587589435,1.3258640473788257,13.505190726607397,0.03761891567300111
2003-01-01,0.8105403308644762,-0.21005417857004846,1.3952745147968886,13.522911810451873,0.03766827802354284
2003-02-01,0.8082658495979828,-0.21286425279715593,1.453462327581877,13.600848076649791,0.037885370687046775
2003-03-01,0.8171365598794976,-0.20194905013447578,1.51615915835431,13.593937445475198,0.03786612101803676
2003-04-01,0.8253944505558353,-0.1918938850254441,1.5783502641935556,13.632739117572878,0.03797420367011942
2003-05-01,0.8320310425920936,-0.18388552804915453,1.6354351274382328,13.588548152446506,0.03785110905973956
2003-06-01,0.8171199005978114,-0.20196943773224849,1.6617472969424456,13.707446218431635,0.03818230144409925
2003-07-01,0.8089088383552815,-0.2120690526298877,1.6869217909945795,13.644990964375427,0.03800833137709031
2003-08-01,0.8095615283045134,-0.21126250096473537,1.6991352892917688,13.599280697216185,0.03788100472762169
2003-09-01,0.8123508143421897,-0.20782299475450164,1.7052807967974137,13.595917150746741,0.037871635517400394
2003-10-01,0.8252340079096574,-0.19208828691626367,1.7112048667428204,13.587442495579142,0.03784802923559648
2003-11-01,0.8375747425850464,-0.1772447743873354,1.704543194133706,13.691205311918733,0.038137062150191456
2003-12-01,0.839565055668833,-0.1748713121151999,1.6994220700438367,13.734884193317773,0.03825873034350355
2004-01-01,0.8270856366356726,-0.18984703836944797,1.7033212516399425,13.16086579830041,0.036659793310029
2004-02-01,0.8289396639231355,-0.18760790825293852,1.7100676948669606,13.253198469154533,0.03691698737926051
2004-03-01,0.841806365251575,-0.17220526119697374,1.7100773454743352,13.556321896486637,0.03776134233004633
2004-04-01,0.8536801596260575,-0.15819867568802196,1.7124135998583188,13.371817107620608,0.03724740141398499
2004-05-01,0.8771830082434303,-0.13103963307353933,1.7080927754010578,13.57352418340679,0.03780925956380721
2004-06-01,0.9004685416252983,-0.10484004931804553,1.691260543280832,13.565862396082625,0.037787917537834614
2004-07-01,0.8757890442045332,-0.13263003416495667,1.671844234936637,13.486833701656431,0.03756778189876442
2004-08-01,0.8623503134670968,-0.14809369474146333,1.659550993666045,13.474601842447912,0.03753370986754292
2004-09-01,0.867068063476079,-0.14263780069689933,1.6484587153969978,13.457832805415894,0.03748699945798299
2004-10-01,0.882863639498791,-0.12458451895720019,1.6327843956902937,13.464790563057834,0.03750638039848979
2004-11-01,0.9152156241886823,-0.08859558661783978,1.6136239808069055,13.430907428261706,0.03741199840741422
2004-12-01,0.9501226473433504,-0.051164200253872166,1.602149941083175,13.495028748083373,0.03759060932613753
2005-01-01,0.9734318382116454,-0.02692747386656101,1.575095571652777,13.598007047699326,0.03787745695737974
2005-02-01,0.97537120866835,-0.024937153603029033,1.5461844189829912,13.235230015798706,0.03686693597715517
2005-03-01,0.9845933199189434,-0.015526596244384015,1.540978380427939,13.26457723649292,0.03694868311000814
2005-04-01,1.006415357042553,0.006394866230120718,1.5461036130652928,12.9617824514023,0.03610524359722088
2005-05-01,1.0340026380572698,0.03343732739562281,1.5688147614702206,12.237865655600329,0.03408876227186721
2005-06-01,1.0264834441526367,0.02613882890317877,1.6052889660218754,13.627991401016274,0.037960978832914424
2005-07-01,1.0004081552644313,0.0004080719917293582,1.6525934079274969,13.582719726440557,0.03783487388980657
2005-08-01,0.9610186851801702,-0.03976142672514307,1.6715699960438317,13.540852835020905,0.03771825302234235
2005-09-01,0.9147287608755966,-0.08912769385404526,1.6866413060556298,13.401070157791949,0.03732888623340376
2005-10-01,0.8757986888645406,-0.13261902168773337,1.7229951178363374,13.460948254344018,0.037495677588702016
2005-11-01,0.8585029628856189,-0.15256514741512972,1.7619656016207723,13.476682013718943,0.03753950421648732
2005-12-01,0.8547537457514258,-0.15694186819514125,1.8038993461431818,13.350432392829244,0.03718783396331264
2006-01-01,0.8529780663027644,-0.15902144541687943,1.8365160530271019,13.441318817369133,0.03744099949127892
2006-02-01,0.8613782388751234,-0.14922156918979285,1.8655431366188804,13.599183207606783,0.03788073316882114
2006-03-01,0.8750636444864381,-0.13345865871376833,1.8844496522268026,13.527006152664319,0.03767968287650226
2006-04-01,0.8895103143687428,-0.11708417625067985,1.8817321676022651,13.451065980937937,0.03746815036472963
2006-05-01,0.9089671093143463,-0.09544636883184854,1.8630089359728654,13.31575764237983,0.03709124691470705
2006-06-01,0.9328806966618869,-0.06947795698416354,1.83773023468623,13.400610963634438,0.037327607141043
2006-07-01,0.950742937853392,-0.05051156017569998,1.8284144579986454,13.365991419012587,0.037231173869115834
2006-08-01,0.9696681116513896,-0.030801418969091617,1.8253884383546848,13.320882271810632,0.037105521648497584
2006-09-01,1.0052808509040685,0.00526695610703387,1.8412303505749354,13.215055596586119,0.03681073982335966
2006-10-01,1.035157949729217,0.03455402350787593,1.8521978450245489,12.917131910149177,0.0359808688304991
2006-11-01,1.0581736082365312,0.05654441093546302,1.8566354648682506,12.444363884406723,0.03466396625182931
2006-12-01,1.0782673942466832,0.07535548833935439,1.8556675234720827,12.734578764330065,0.03547236424604473
2007-01-01,1.101137890176883,0.09634409074950044,1.8421937280825396,12.636490414767787,0.035199137645592724
2007-02-01,1.11764031527456,0.11121960139031203,1.8233071746881417,12.530342997300046,0.03490346238802242
2007-03-01,1.1519999144671433,0.14149948802642534,1.772314271220751,11.725777925472752,0.03266233405424166
2007-04-01,1.1598709559006166,0.14830875401683744,1.717868243891201,10.900011611610173,0.030362149335961472
2007-05-01,1.116212310727615,0.10994108845276153,1.616679185989304,11.22575654894247,0.03126951684942195
2007-06-01,1.0719033116471395,0.06943586422184277,1.5117785741702208,10.261555064746824,0.028583718843305916
2007-07-01,1.0600304936338474,0.05829767528929821,1.396548009502207,10.047244745123136,0.0279867541646884
2007-08-01,1.0754877659602617,0.07277429444966332,1.286992125238658,10.069981518150215,0.028050087794290305
2007-09-01,1.2719245677093343,0.2405311610441872,1.3371318694999197,8.2897764006104,0.023091299166045673
2007-10-01,1.3124266769985125,0.27187784877913596,1.0920432004186058,7.250928255470429,0.02019757174225746
2007-11-01,1.3157065585933867,0.2743738282471761,1.0324191820405098,9.077090436792856,0.025284374475746097
2007-12-01,1.3682080966769141,0.31350192508555663,1.021424042842121,7.728175143408881,0.021526950260191878
2008-01-01,1.3314291118383106,0.28625288552924727,0.9988312152921833,8.127142577379425,0.022638280159831266
2008-02-01,1.28175826818054,0.24823278235760216,0.9845404971779643,9.684996908129312,0.026977707264984167
2008-03-01,1.2619193757645697,0.2326338759962613,0.9944850843233821,10.358221119194155,0.028852983618925222
2008-04-01,1.2566332148485142,0.228436092953564,1.0048885633305917,9.938853500012485,0.02768482869084259
2008-05-01,1.225891442058734,0.20366828714879967,1.071693397305803,10.631449154541645,0.029614064497330488
2008-06-01,1.1964457851569537,0.1793553161461881,1.1478900770867049,11.016035285051139,0.030685335055852754
2008-07-01,1.1653420734986812,0.15301466923894236,1.2239478795606626,11.363337478698524,0.031652750637043245
2008-08-01,1.1617790931662908,0.14995253120547145,1.3163153063805126,12.140168540534816,0.033816625461099765
2008-09-01,1.210194387733376,0.19078099772497567,1.5139626931076517,9.538204737837608,0.026568815425731498
2008-10-01,1.2318417297863895,0.20851039077637804,1.4879225856642364,10.75286420676554,0.029952267985419334
2008-11-01,1.1975609310280484,0.1802869308690785,1.4465032253249166,11.671760219267256,0.032511866906036926
2008-12-01,1.165860760041253,0.15345966402332434,1.4151134319493603,11.998235533349092,0.03342126889512282
2009-01-01,1.1381582687294272,0.12941140224608977,1.342869052876355,12.44088141757358,0.03465426578711304
2009-02-01,1.084292227115227,0.08092744889631896,1.2869369648153495,12.703264742323265,0.03538513855800352
2009-03-01,1.02965667585964,0.02922542226849954,1.2666912722905583,12.784688541939547,0.03561194579927449
2009-04-01,0.9940399460519981,-0.005977885957997532,1.2349500431556317,12.910807722407874,0.03596325270865702
2009-05-01,0.9747349857341937,-0.025589654434579178,1.2004978378834215,13.025360269351246,0.036282340583151114
2009-06-01,0.9291700611596675,-0.07346349862253584,1.1434513879743777,13.162746110923024,0.03666503094964631
2009-07-01,0.8907759509135981,-0.11566234114162377,1.0928208177299532,13.23527695613841,0.03686706673019057
2009-08-01,0.8659811317954372,-0.14389215842214273,1.054164066687834,13.267659465519245,0.03695726870618174
2009-09-01,0.8627204073607327,-0.14766461795655744,1.0439925286916751,13.353470595233919,0.03719629692265716
2009-10-01,0.8569655008433399,-0.15435761692003175,1.069452342090161,13.424531312399687,0.03739423763899634
2009-11-01,0.8485638071989455,-0.16420999713647697,1.1436532141045093,13.474632206951645,0.03753379444833329
2009-12-01,0.849869859498139,-0.1626720476925451,1.2524330554842913,13.496577839961935,0.03759492434529787
2010-01-01,0.8395002351711713,-0.17494852233215513,1.3562879915783266,13.447851401389373,0.0374591961041487
2010-02-01,0.8309696952405081,-0.18516195261294588,1.469784035245728,13.531507427523513,0.037692221246583585
2010-03-01,0.806678700051614,-0.21482983119142204,1.5448104404252936,13.543240788586637,0.03772490470358396
2010-04-01,0.7932136898843545,-0.2316626234280007,1.6082021135479103,13.540591238065277,0.037717524340014685
2010-05-01,0.7849562790553992,-0.24212725822160797,1.6559532126651448,13.542718920638418,0.03772345103241899
2010-06-01,0.7816718549173123,-0.246320249371026,1.6837285040257015,13.53534525633568,0.03770291157753671
2010-07-01,0.7879263095149263,-0.2383507093411393,1.7041811384719057,13.591948154933984,0.03786057981875763
2010-08-01,0.8029120405066626,-0.21951010963209883,1.7160332515576915,13.627589778069103,0.03795986010604208
2010-09-01,0.8064059982661089,-0.21516794336666917,1.7018031694488758,13.26349875870017,0.036945678993593786
2010-10-01,0.8073153294257807,-0.2140409442493934,1.6837916796769055,13.3730447857271,0.037250821130159054
2010-11-01,0.8089425811040764,-0.21202733959197345,1.6691855062965864,13.519212060564817,0.03765797231355102
2010-12-01,0.8038987261074896,-0.21828198028999296,1.643030336920302,13.439678174563017,0.03743642945560729
2011-01-01,0.7995690136674932,-0.22368242939856087,1.620157662169942,13.402427112226112,0.037332666050769105
2011-02-01,0.7775312212375349,-0.2516314798024549,1.5799512999063463,13.304977847214962,0.037061219630125236
2011-03-01,0.7555765422747691,-0.28027418899978374,1.5485472347241376,13.203177468974822,0.03677765311692153
2011-04-01,0.7277228751697871,-0.31783496923270305,1.510770666566039,12.962011325291941,0.036105881128946894
2011-05-01,0.7204237424120381,-0.3279157089607299,1.492374708380361,12.830697997054076,0.03574010584137625
2011-06-01,0.7330973819426206,-0.31047673197351305,1.495563825776532,12.754482236701364,0.03552780567326285
2011-07-01,0.7542188205694365,-0.28207274012100303,1.5098890564862353,12.933162424838862,0.03602552207476006
2011-08-01,0.7844381738623637,-0.24278751952289446,1.5484811307829518,13.325694926035519,0.03711892737057246
2011-09-01,0.8248954759406985,-0.19249859650350706,1.6449669875646116,13.109022291532934,0.03651538242766832
2011-10-01,0.8050924419838625,-0.21679817339401813,1.7082780761577339,11.83077002137802,0.03295479114589977
2011-11-01,0.7856640862804635,-0.24122594904645414,1.7203154285891966,12.442888416619944,0.034659856313704586
2011-12-01,0.7702263728560133,-0.2610708166191167,1.7510702225419201,12.371125906856502,0.034459960743332865
2012-01-01,0.7631121237025812,-0.2703503073765313,1.7668648822013,12.703191713551712,0.03538493513524154
2012-02-01,0.7580919690859549,-0.2769505694518443,1.7874532016040328,12.80575915331763,0.03567063831007695
2012-03-01,0.7507402463436176,-0.2866955640863859,1.8024543487215183,13.28690160334796,0.037010867975899614
2012-04-01,0.727837510522941,-0.3176774555293655,1.8138372422234437,13.392927577053443,0.037306204950009594
2012-05-01,0.7118391044122381,-0.3399033700559031,1.8315294857587432,13.40466826643107,0.037338908820142236
2012-06-01,0.7091509012421422,-0.3436869383657262,1.8650179130502385,13.502874937526892,0.03761246500703869
2012-07-01,0.7204566377141477,-0.3278700489565144,1.9166669509709,13.548879573988994,0.03774061162671029
2012-08-01,0.7410086853706586,-0.299742932606755,1.9911178109174994,13.595592764505515,0.037870731934555764
2012-09-01,0.766331443966824,-0.26614050835314407,2.0964844336708612,13.632528480310247,0.03797361693679733
2012-10-01,0.7724349545846025,-0.25820747494033586,2.2200371523394113,13.644711995281563,0.038007554304405465
2012-11-01,0.7556507174233842,-0.28017602355418497,2.3276340405252665,13.711073316699787,0.038192404781893556
2012-12-01,0.7443197976976322,-0.2952845008868127,2.428174718182121,13.746698142228801,0.03829163827918886
2013-01-01,0.7374284559508038,-0.304586204354094,2.5162454054305905,13.76666762522479,0.03834726358001334
2013-02-01,0.740620996463732,-0.3002662602918411,2.6015974875144092,13.786117638059396,0.038401441888744836
2013-03-01,0.7533716816372585,-0.2831965718513027,2.671108814672777,13.794690370050427,0.03842532136504296
2013-04-01,0.7617263547644908,-0.2721679022748337,2.716021998301193,13.813606817598316,0.03847801341949393
2013-05-01,0.7582545254610145,-0.2767361641345018,2.7141749191106705,13.820338651371417,0.038496765045602836
2013-06-01,0.7591196260553085,-0.2755959039196264,2.695846388887871,13.826211324167671,0.03851312346564809
2013-07-01,0.7692624605965156,-0.262323066540667,2.671982925111069,13.709458492041158,0.038187906663067275
2013-08-01,0.7695023948904621,-0.2620112134397394,2.660076698285732,13.742376224526607,0.038279599511216164
2013-09-01,0.7472181396870474,-0.2913981154790895,2.6821876457408034,13.893264214092829,0.038699900317807324
2013-10-01,0.7295711192914676,-0.3152984253099525,2.6763524584966287,13.765738408839107,0.03834467523353512
2013-11-01,0.720422495327591,-0.3279174400051877,2.6632880622884976,13.817523263506775,0.03848892273957319
2013-12-01,0.7157547198635851,-0.33441774073493175,2.6294297514516685,13.787346263091754,0.03840486424259541
2014-01-01,0.7223961886484251,-0.32518155285060885,2.583297575140846,13.832481529445651,0.03853058921851157
2014-02-01,0.7400806778382008,-0.3009960746209408,2.5341246228458374,13.768867854117625,0.03835339235130256
2014-03-01,0.7457005573780227,-0.29343115697655536,2.521254780184641,13.87269927997533,0.03864261637876135
2014-04-01,0.7450497810919499,-0.2943042425773007,2.4770662459439317,13.798108336116487,0.038434842161884364
2014-05-01,0.7509517137487006,-0.2864139252255534,2.4458366293617964,13.814518713066878,0.03848055351829213
2014-06-01,0.766224080502871,-0.2662806187275016,2.417847438673907,13.867365353733895,0.03862775864549833
2014-07-01,0.7948307241500802,-0.22962611259706195,2.385278386054036,13.856037647109861,0.038596205145152815
2014-08-01,0.831411881324367,-0.1846299615219457,2.345261314840223,13.814707882555984,0.0384810804528022
2014-09-01,0.8648214246206112,-0.14523223888837353,2.3115332553610815,13.840064964326544,0.03855171299255305
2014-10-01,0.8957787320346738,-0.11006184735874844,2.303457712130014,13.838055896216117,0.038546116702551855
2014-11-01,0.9062422621584306,-0.0984486111576427,2.254390835662027,13.768717723780293,0.03835297416094789
2014-12-01,0.9016163586952202,-0.10356617234927759,2.213026472393174,13.897688323141999,0.038712223741342616
2015-01-01,0.9048417873978013,-0.09999517112002103,2.16328303638219,13.899816138963928,0.03871815080491345
2015-02-01,0.9110301093462194,-0.09317933139434088,2.0958142950962255,13.764192536686943,0.03834036918297197
2015-03-01,0.9028275940485301,-0.10222366954292884,2.0260781353607733,13.743583108390691,0.03828296130470945
2015-04-01,0.8729629446171432,-0.13586217007186588,1.9804117220643749,13.770046122115119,0.03835667443486106
2015-05-01,0.8501743851366934,-0.1623137915556562,1.9412383061421268,13.778816923812167,0.03838110563735978
2015-06-01,0.842673289144267,-0.17117595346153164,1.9289387320622675,13.773323286543938,0.03836580302658479
2015-07-01,0.8509436851337642,-0.16140932752936718,1.9428056786359855,13.866367756675144,0.038624979823607644
2015-08-01,0.8696711524206745,-0.13964012451148028,1.9469650240940781,13.850924535965762,0.03858196249572635
2015-09-01,0.8800569217388838,-0.12776868980760514,1.9260095311487078,13.806084914497616,0.038457061043168844
2015-10-01,0.8949191215434855,-0.11102193178114314,1.9123623934395115,13.891369077160688,0.038694621384848714
2015-11-01,0.9052960355879577,-0.09949327762448329,1.8889276313035843,13.891834950058074,0.038695919080941714
2015-12-01,0.9167611644957077,-0.08690829376211624,1.8542696862945176,13.892285530045907,0.03869717417840088
2016-01-01,0.916865844513452,-0.08679411566881402,1.814783751982586,13.845319560157236,0.03856634974974159
2016-02-01,0.9052432289072999,-0.09955161016850295,1.7732466823861106,13.806975614072579,0.03845954210048072
2016-03-01,0.8876304474144728,-0.1191997854312864,1.7964257712794842,13.853996723238767,0.03859052012044225
2016-04-01,0.8503242222283918,-0.16213756431096787,1.8315091385292854,13.863893535253087,0.038618087841930604
2016-05-01,0.804650116259217,-0.2173477342334368,1.8639063517969294,13.909547123608268,0.03874525661172221
2016-06-01,0.7823973341719838,-0.2453925675117312,1.9223830665444017,13.909183442604727,0.03874424357271512
2016-07-01,0.7797624767899414,-0.24876592260916922,1.9989962873538156,13.914893463529033,0.03876014892347918
2016-08-01,0.7952543031256833,-0.22909333733239792,2.095758844393564,13.92695781870764,0.03879375436965918
2016-09-01,0.8169951236158236,-0.20212215278642934,2.178309399155836,13.865361042466285,0.03862217560575567
2016-10-01,0.8239725878672628,-0.19361801677740942,2.2272756612445517,13.888359562517625,0.03868623833570368
2016-11-01,0.8132127685191208,-0.20676249577826647,2.2650263168508213,13.927282303731586,0.03879465822766457
2016-12-01,0.7983018574534366,-0.22526848557192752,2.2769037212054912,13.855290120420813,0.03859412289810812
2017-01-01,0.7881198787617177,-0.23810507028664377,2.295741508283349,13.812695088215222,0.03847547378332929
2017-02-01,0.7872424325047801,-0.23921903161655295,2.327403703882731,13.8886028795983,0.03868691609915961
2017-03-01,0.775220438804813,-0.2546078529058715,2.335984595898184,13.905507118466508,0.038734003115505615
2017-04-01,0.76243140220198,-0.2712427388728751,2.402889292243039,13.83661150140638,0.03854209331868071
2017-05-01,0.7466594280567737,-0.2921461174149748,2.465719127859123,13.832941920739696,0.03853187164551447
2017-06-01,0.7271183222177892,-0.3186660606093855,2.5099308086531242,13.80465132905088,0.03845306776894397
2017-07-01,0.7230468665154488,-0.32428123663455216,2.5451144681044537,13.769918767663693,0.0383563196870855
2017-08-01,0.7292562098894834,-0.3157301548238935,2.564234146502841,13.733543729055093,0.03825499645976348
2017-09-01,0.7446143237381667,-0.2948888809058669,2.5679872018884864,13.667477459288332,0.038070967853170844
2017-10-01,0.7698040331788741,-0.2616192988907288,2.5619976241859295,13.611810231806409,0.03791590593817941
2017-11-01,0.8042092972274975,-0.21789572374582739,2.5439095777681766,13.509497732947796,0.037630912905147064
2017-12-01,0.8502649825081946,-0.16220723395259107,2.508811549713344,13.440716105947256,0.03743932062937955
2018-01-01,0.9045560974226624,-0.10031095570218475,2.4588336512651336,13.347135732269937,0.037178651064818755
2018-02-01,0.9823911878925249,-0.017765691608596944,2.4224725853371596,13.32084398830322,0.037105415009201184
2018-03-01,1.0871767491330975,0.08358419761902826,2.403590910402711,13.228062855063552,0.03684697174112408
2018-04-01,1.165722636188664,0.15334118329218346,2.391134943263433,12.905333009972837,0.0359480028132948
2018-05-01,1.201275255226947,0.18338370520368985,2.3437470451956166,12.32515721300219,0.03433191424234592
2018-06-01,1.1704873785650696,0.15742022494756483,2.2736113865297316,12.604440810245208,0.03510986298118442
2018-07-01,1.1778141667985083,0.1636603196428761,2.200806510222131,12.227945467899934,0.03406112943704716
2018-08-01,1.207223021672203,0.188322698594672,2.128398695184968,11.846717357046282,0.032999212693722246
2018-09-01,1.2377966155450086,0.21333287606911025,2.032633196851164,11.518092213708751,0.0320838223223085
2018-10-01,1.225740546799074,0.20354518934249255,1.9275671776642764,10.91887512238537,0.030414693934221085
2018-11-01,1.2388079399971668,0.21414957852256247,1.8500184145842358,11.058836524136558,0.030804558563054498
2018-12-01,1.398631967377191,0.3354945927239673,1.9998330947802032,7.430069362454425,0.020696572040263022
2019-01-01,1.3797918915757763,0.3219326845912074,1.8989209123023154,9.229475725318594,0.025708846031528124
2019-02-01,1.3902230146849643,0.32946417649252285,1.8354355328598662,9.906466647157902,0.027594614616038717
2019-03-01,1.4036173875175493,0.3390527524512416,1.7944169686831302,8.51751295810606,0.023725662835950012
2019-04-01,1.4370110137574097,0.36256527147768325,1.745248947874156,8.63369617680883,0.024049292971612332
2019-05-01,1.4724598325797644,0.38693435778768165,1.677946505508704,8.86137582335376,0.024683498115191514
2019-06-01,1.5080746761792816,0.4108337883724752,1.6488400534872774,8.020409757128808,0.022340974253840667
2019-07-01,1.4341401877607098,0.3605654973439436,1.533006300073066,6.580505914593438,0.01833010004065024
2019-08-01,1.4430964156901447,0.36679109369972135,1.426748936510208,6.740577052978175,0.018775980648964276
2019-09-01,1.6244199524314156,0.4851507997091482,1.3179611660033537,5.466644356141799,0.015227421604851804
2019-10-01,1.6367143053022952,0.4926907598240612,1.4149666111814518,4.821411165858021,0.01343011466812819
2019-11-01,1.4804280301512243,0.39233125552463805,1.696022420839677,3.8796085410671144,0.010806709028042092
2019-12-01,1.4824122030831246,0.39367062793241364,1.667342965520606,4.0516332895006375,0.011285886600280322
2020-01-01,1.658788793914843,0.5060876938300405,1.7133184854208494,3.345064477088745,0.009317728348436615
2020-02-01,1.7611096858551063,0.5659441136931123,1.762320351032315,2.3481358690385687,0.006540768437433342
2020-03-01,1.775551020832432,0.5741108090244231,1.9273337546817981,1.2228443646739766,0.0034062517121837806
2020-04-01,1.2163316877905839,0.19583951591374607,1.9047350856290313,3.6137944663915538,0.010066279850672852
2020-05-01,1.2982782695153021,0.261038978598845,1.8239095347553833,5.183400730988741,0.014438442147600946
2020-06-01,1.3762047409450018,0.319329522733805,1.7314345105456845,6.543564393458287,0.018227198867571837
2020-07-01,1.3975909749172604,0.33475002225908945,1.6442141152390233,7.649118617906306,0.021306737097232062
2020-08-01,1.3615018225783406,0.30858837178545667,1.5662631984832867,8.499570817102551,0.023675684727305135
2020-09-01,1.3515416669750973,0.30124591642937854,1.4972299659075476,9.179234095215055,0.02556889720115614
2020-10-01,1.3733059236771787,0.31722091600666086,1.4500178503765264,9.755000573264834,0.027172703546698686
2020-11-01,1.3623675796785848,0.30922405360535643,1.4239988393977423,10.216666490701975,0.02845868103259603
2020-12-01,1.3236040459446172,0.28035835383355323,1.4036334844467468,10.615244355617621,0.029568925781664673
2021-01-01,1.2923412757134283,0.2564555157692166,1.3870307840168217,10.948305092460838,0.030496671566743273
2021-02-01,1.2640728161631025,0.234338901789378,1.3657656820164314,11.24713381310923,0.0313290635462653
2021-03-01,1.2073269289376913,0.18840876619954897,1.3202243237007332,11.52272551179573,0.03209672844511346
2021-04-01,1.1091267212817801,0.10357296809983339,1.2371500807476146,11.849747397194479,0.03300765291697627
2021-05-01,0.947630160486723,-0.05379097891494562,1.2066105327423275,11.444524488986485,0.031878898298012506
2021-06-01,0.8472468116515737,-0.16576323167517756,1.1941152747228034,10.824588202585248,0.030152056274610733
2021-07-01,0.8036362294950551,-0.21860856306675028,1.1999303209241863,10.771522325281364,0.03000424046039378
2021-08-01,0.8194082962661645,-0.1991727891144655,1.2266315545938957,12.082065381479588,0.03365477822139162
2021-09-01,0.8556008085179856,-0.1559513568024003,1.291903595853925,12.71544984874133,0.035419080358610966
2021-10-01,0.857693142295667,-0.1535088864757326,1.3550845469830444,12.016195497593477,0.033471296650678196
2021-11-01,0.8498450020598368,-0.16270129664349106,1.4151632785385055,10.7784922544367,0.030023655304837613
2021-12-01,0.836224484178806,-0.1788581801979634,1.4293771699356044,12.049514536638956,0.03356410734439821
2022-01-01,0.8416261865646187,-0.17241932226814638,1.4548884102304975,12.495862283515194,0.03480741583151865
2022-02-01,0.8676388963748377,-0.14197966888262234,1.4811362965074393,12.80563093320828,0.03567028115099799
2022-03-01,0.9298881684333731,-0.07269094906169868,1.5172893237355045,12.696941852710147,0.0353675260521174
2022-04-01,0.977697275037826,-0.022555191589230333,1.526014122887759,12.937404113397445,0.03603733736322407
2022-05-01,1.0124809131397614,0.01240366860088194,1.4990285633264373,13.154973267550348,0.03664337957534916
2022-06-01,1.0476955016692149,0.04659299183813371,1.4681697817596193,13.21591731786643,0.03681314016118784
2022-07-01,1.0646779294176403,0.06267233973279016,1.4176183587604534,13.091297762631783,0.03646601048086849
2022-08-01,1.0998385902358785,0.09516343288832148,1.438246857100546,13.181654496279194,0.03671770054673869
2022-09-01,1.156230727195488,0.14516534133410913,1.5120575547360398,13.241862063578647,0.0368854096478514
2022-10-01,1.1847508169570036,0.1695324714259927,1.5657611980891903,13.317688779585335,0.03709662612697864
2022-11-01,1.1796591716666767,0.16522555918535525,1.5967883126399134,13.307384010565416,0.03706792203500116
2022-12-01,1.1684186655432567,0.1556512667061873,1.6055952604999613,13.173631485980135,0.03669535232863549
2023-01-01,1.1630767038398584,0.1510688247923562,1.6147303384056786,12.942690178392162,0.03605206177825117
2023-02-01,1.1787551077436793,0.1644588881427204,1.61101065992393,12.70051138319659,0.03537746903397378
2023-03-01,1.209773189254023,0.19043289514078277,1.6046597028666902,12.15905364022115,0.0338692301956021
2023-04-01,1.2397427972393216,0.2149039365209219,1.579817519731801,11.618905163904754,0.032364638339567556
2023-05-01,1.260526518977548,0.2315295058835152,1.5461160145873838,10.798270879286225,0.0300787489673711
2023-06-01,1.2688721153428022,0.23812840772241728,1.4838184378977608,9.651920544669496,0.026885572547825892
2023-07-01,1.288728468649057,0.2536560490506358,1.4523195236489974,8.719481901905024,0.02428825042313376
2023-08-01,1.324561149504604,0.2810811966556744,1.4027902982422937,7.744909830532375,0.021573564987555364
2023-09-01,1.3724752147535293,0.3166158357711186,1.3414036410430692,6.832352978121929,0.019031623894490052
