date,tau_soft_diagonal_old,shape_rms_diagonal_old,weight_ess_diagonal_old,tau_soft_hac_filtered,shape_rms_hac_filtered,weight_ess_hac_filtered,tau_soft_volterra_nonlinear,shape_rms_volterra_nonlinear,weight_ess_volterra_nonlinear
1992-11-01,0.4257292778139343,1.6142478857634501,7.141428428542857,,,,,,
1992-12-01,0.4213489845753795,1.6007841980802808,7.856748489154615,,,,,,
1993-01-01,0.382151103013432,1.5760673614603748,8.867604239501638,,,,,,
1993-02-01,0.3734544175881957,1.568334119517276,9.961567813474005,,,,,,
1993-03-01,0.3930163582332928,1.579607396524517,10.990247959857301,,,,,,
1993-04-01,0.43944111753568377,1.601428843964683,11.861491451273766,,,,,,
1993-05-01,0.46894321513501175,1.5713421467157571,12.54031899737815,,,,,,
1993-06-01,0.5057422542846289,1.5383630618341142,13.035580882810793,,,,,,
1993-07-01,0.49013510928578186,1.442199776988377,13.379207039890545,,,,,,
1993-08-01,0.5001777924428631,1.3614613729898897,13.608857643615412,,,,,,
1993-09-01,0.5387944126957416,1.3000965482838411,13.758169027139022,,,,,,
1993-10-01,0.6006455872899845,1.249853601505366,13.853307236047563,,,,,,
1993-11-01,0.7070709789925363,1.2208181320649072,13.913030315661954,0.9181879497469482,2.0486405224804205,7.141428428542857,0.9143501485002303,2.0653166981462254,7.002752503325251
1993-12-01,0.7736378860521324,1.1591175677915269,13.950104008819881,0.9215275638883564,2.001215924459609,7.856748489154615,0.9179929443288766,2.01677846137209,7.719324670141251
1994-01-01,0.8945330306678506,1.1210740969459856,13.972920747592601,0.9234687386002127,1.9257413420270924,8.867604239501638,0.9199408924679205,1.9401455726670185,8.73973710731296
1994-02-01,1.0864135434357052,1.100417818620703,13.986868280806721,0.9428059802891253,1.8344324302016126,9.961567813474005,0.9451378095783775,1.8527235632363035,9.746322295249271
1994-03-01,1.1554665494138716,1.1002054870861928,13.995347584543065,0.9372445440475844,1.7439590292423488,10.990247959857301,0.9362369879256123,1.7577775175970414,10.896376935868817
1994-04-01,1.1758727828035076,1.0865852527144473,14.000479141058486,0.9069348952329664,1.634732713824641,11.861491451273766,0.9095005709512167,1.6662064266462207,11.323177325658069
1994-05-01,1.08791144344321,1.040352623958934,14.003572750142533,0.8765296939475958,1.5548758313522815,12.54031899737815,0.8751772008489711,1.5756671204586525,12.25872808421791
1994-06-01,0.9688606212069004,0.9872149232977938,14.005431571691775,0.8570866865937043,1.4790331286762428,13.035580882810793,0.8552795417259045,1.4993946393020068,12.712645075259564
1994-07-01,0.9268983828577652,0.9480108520707407,14.006545209174785,0.8417266605164964,1.3975206749566218,13.379207039890545,0.8390544642099923,1.4112406651470022,13.064120264994061
1994-08-01,0.8948408739804794,0.9165289916366842,14.007210675180596,0.8385352247150246,1.3154915116738304,13.608857643615412,0.836291668599078,1.3305555704844902,13.27248864069983
1994-09-01,0.9325224835640201,0.9068097824492667,14.007607409496226,0.8460006977971456,1.2337607471978504,13.758169027139022,0.8441634783560023,1.2321257420674878,13.426288028744327
1994-10-01,0.9186397255659128,0.8803168613084013,14.007843436727224,0.866673355987701,1.164198744675146,13.853307236047563,0.8660780723697764,1.1633516851325574,13.584536542429726
1994-11-01,0.9768204122190458,0.8763028263048889,14.007983587259446,0.8886201952367879,1.0958744028009282,13.913030315661954,0.8906783994229671,1.119341682536297,13.57622127034347
1994-12-01,0.9839557433262368,0.8558745058161294,14.008066661811908,0.9110328825441072,1.0366363716934506,13.950104008819881,0.9151054019681675,1.0410685720350763,13.728426902531838
1995-01-01,0.9496927706661351,0.844066614632992,14.008115825337677,0.9153198195023581,0.9791174601807187,13.972920747592601,0.9155264376615743,0.965548061341946,13.21946038237759
1995-02-01,0.8464118796422626,0.7989946203947162,14.008144877163597,0.9360497351219842,0.9808552952526269,13.986868280806721,0.9369003698348678,0.9720909888147666,13.270178022979596
1995-03-01,0.8108279208038383,0.76054824952686,14.00816202094829,0.9743221686874917,1.0328400357057574,13.995347584543065,0.9762297875677581,1.0271460276027617,13.460833063041978
1995-04-01,0.8357137151266801,0.7466596050163087,14.008172124756324,0.9916681494361006,1.0767753558381197,14.000479141058486,0.9934016022098062,1.073207124310095,13.603688366345255
1995-05-01,0.9163371898884176,0.7684640319411972,14.008178072420138,0.994864627579689,1.121046422702342,14.003572750142533,0.996143543116635,1.1181891032182463,13.6825474065437
1995-06-01,1.067566001719568,0.8246464214216946,14.00818156965433,0.9929203092859729,1.1751030227601065,14.005431571691775,0.9944295215181526,1.1753123436660053,13.716987674739697
1995-07-01,1.1477283038664077,0.8972054269150334,14.008183623892263,0.9786694316409434,1.235210498816949,14.006545209174785,0.9807184410065152,1.249501966578447,13.550370886704744
1995-08-01,1.1056677891176165,0.9741504157519058,14.008184829351078,0.946796675878247,1.2779178810191592,14.007210675180596,0.9468052057136119,1.285893054165596,13.632917693312121
1995-09-01,0.9933448036672046,1.0227720832073557,14.008185536083458,0.8966053976253396,1.2918152298056162,14.007607409496226,0.8946145202738204,1.2958161191160982,13.661618742803533
1995-10-01,0.8233629456784116,1.0298582507595906,14.008185950065705,0.8600842658941592,1.3118944562211041,14.007843436727224,0.8576007200475311,1.313489798924548,13.675184467353368
1995-11-01,0.7038521227541372,1.0384513092912848,14.008186192365901,0.8395361479229839,1.327046385251532,14.007983587259446,0.8380944768678122,1.3277185775715694,13.68215372367141
1995-12-01,0.6381165410414369,1.0621701816042595,14.008186334072665,0.8307348574340715,1.329693667478074,14.008066661811908,0.8312646553088622,1.32937634231741,13.680909018790128
1996-01-01,0.6122093308935629,1.1041206741641914,14.008186416887861,0.8229954139121833,1.3662113131646036,14.008115825337677,0.8241907269593656,1.3635768151030279,13.744593800766381
1996-02-01,0.6320955035522207,1.1696267399337676,14.008186465252578,0.8008251327739558,1.3746788492565951,14.008144877163597,0.7991822691806576,1.3714436923167914,13.7228873610454
1996-03-01,0.6414105221446457,1.2413522734375586,14.008186493479371,0.7879456379936193,1.417082044603024,14.00816202094829,0.7814154989651209,1.420948619821834,13.37473475167901
1996-04-01,0.6240639908477903,1.299697846002612,14.008186509942902,0.7939542506503134,1.4759939276514835,14.008172124756324,0.7831202435050907,1.48876751251756,12.926032767266475
1996-05-01,0.6200506306147096,1.371226431106911,14.008186519539693,0.8159950298806472,1.5351189826015696,14.008178072420138,0.8071018177064827,1.5464820213612418,13.052588264109476
1996-06-01,0.665435855822634,1.4696250944300657,14.008186525130604,0.8584511797889622,1.5914235758990019,14.00818156965433,0.8542040710562036,1.5987655489289243,13.334704175152652
1996-07-01,0.7487830013727483,1.570371364711127,14.008186528386007,0.9213030041101052,1.6390259277044879,14.008183623892263,0.9242714521637125,1.6420956846343844,13.612229273101434
1996-08-01,0.8017972987515887,1.614676260616041,14.008186530280533,0.9466057503812467,1.637740878448664,14.008184829351078,0.9507927075308064,1.639674575942692,13.654313345595758
1996-09-01,0.8695842691122573,1.6370501853537451,14.008186531382542,0.9352525457778376,1.6535496466783732,14.008185536083458,0.9400577278908284,1.6558280925399227,13.422770914263152
1996-10-01,0.8232727713246746,1.615305563387654,14.008186532023252,0.8978107326643857,1.6409648153004077,14.008185950065705,0.8985665462583846,1.6443378013463934,13.379790957319825
1996-11-01,0.8324058078577108,1.606515168309566,14.008186532395605,0.8717386842187406,1.6295373077814057,14.008186192365901,0.8707564203218557,1.6342150808185854,13.511129056548855
1996-12-01,0.8858018410270634,1.6024500825926304,14.008186532611887,0.8625160393858801,1.6174739480604823,14.008186334072665,0.8596792542737711,1.6228937772874774,13.383702151005911
1997-01-01,0.9098040444914709,1.5705967184292495,14.00818653273748,0.8584143130565648,1.598069699837487,14.008186416887861,0.8538157268804978,1.602698612220517,13.276936377978478
1997-02-01,0.9274344747890497,1.5169100942560227,14.008186532810369,0.8664960159458119,1.5994294305423558,14.008186465252578,0.8627950730944969,1.607207434462382,13.53174974472223
1997-03-01,0.9776343039395631,1.4619858928599117,14.008186532852658,0.8807901802408892,1.6089978418911746,14.008186493479371,0.8788578960534394,1.6256099167034468,13.533337079036686
1997-04-01,0.9725474369396208,1.4039250165984787,14.008186532877183,0.8936051064287466,1.6102304480644856,14.008186509942902,0.8918816930079468,1.627400389996245,13.7014965390669
1997-05-01,1.0344765490866132,1.3636784797341086,14.008186532891399,0.9001600754045915,1.5951929421306419,14.008186519539693,0.8989625594479944,1.616694696558727,13.326972328234948
1997-06-01,0.9976744683062315,1.3238115784162057,14.00818653289964,0.907441183886651,1.5745579445346067,14.008186525130604,0.9060304220419689,1.5995985191641398,12.944012099143439
1997-07-01,0.983738553797224,1.2966777826347529,14.008186532904416,0.9221899245323808,1.5598266993259668,14.008186528386007,0.9205463835859162,1.5853155934922534,12.828104169387421
1997-08-01,1.0107389252092256,1.274637083517528,14.008186532907185,0.9308769828289829,1.557916219763674,14.008186530280533,0.929874521209094,1.610508792941128,13.554622123116886
1997-09-01,0.9436543311411305,1.2260786965747927,14.008186532908795,0.9076074695668063,1.5273678643263986,14.008186531382542,0.9008751086241532,1.5920609552944893,13.21108702209746
1997-10-01,0.8398018487696479,1.1274949282972906,14.008186532909724,0.8824321995593977,1.4910324194416942,14.008186532023252,0.8711880503120177,1.56063174503319,13.182811019751833
1997-11-01,0.7922852646988904,1.0482311680166252,14.008186532910257,0.873150175645456,1.4503612303736493,14.008186532395605,0.858574685732127,1.52264177686861,13.183221264307953
1997-12-01,0.7851664043866765,0.9857575932929497,14.008186532910564,0.8820690463350848,1.4075602447510758,14.008186532611887,0.8649580757436584,1.4823712736121628,13.150561034681964
1998-01-01,0.8408395072367227,0.9552302254002506,14.008186532910742,0.9085968153090416,1.3634357955725245,14.00818653273748,0.8890021323919911,1.4363547065874724,13.047620070953972
1998-02-01,0.8731250980743861,0.9116005562383928,14.00818653291084,0.9349683007272558,1.3071878307594025,14.008186532810369,0.9137508115566779,1.3827163577441528,12.99853467453918
1998-03-01,0.9229553154175648,0.8864735332572525,14.0081865329109,0.9584172960571448,1.2445246069293674,14.008186532852658,0.9362208299585619,1.3225148578751758,12.887368769553534
1998-04-01,0.9923015061361127,0.8788060111875222,14.00818653291093,0.9798067170430879,1.1729062794443104,14.008186532877183,0.9582861524027643,1.2683615717392387,12.453723851853631
1998-05-01,0.976351193602478,0.8877647330837615,14.008186532910946,1.0043548492887169,1.1189287661447742,14.008186532891399,0.9826175316566526,1.21760963044362,12.099941529773812
1998-06-01,1.0185095764740097,0.9326415624703487,14.00818653291096,1.0420919714249526,1.0942707493373558,14.00818653289964,1.0223252003850865,1.1919941945215882,11.7876966500726
1998-07-01,1.1271389851221305,0.9906743263010998,14.008186532910965,1.0826658751862126,1.0716561756848477,14.008186532904416,1.0686235156738375,1.1736099508917988,11.347725101526365
1998-08-01,1.2662669307456722,1.060854275279891,14.008186532910965,1.1317674955691146,1.0551160776868103,14.008186532907185,1.1310134822688223,1.1632936323125813,10.890088350675075
1998-09-01,1.4500546411042101,1.1337719841969975,14.00818653291097,1.181012329346633,1.0423595313144935,14.008186532908795,1.2177799808096965,1.1914642955913342,9.645320003690708
1998-10-01,1.5607039805158192,1.239743486236042,14.00818653291097,1.1848267532074335,1.0078046901286104,14.008186532909724,1.295087251430522,1.0766476824172482,8.912636807840427
1998-11-01,1.5697638852626392,1.1590175475612647,14.00818653291097,1.1419573967801566,0.9775727619364182,14.008186532910257,1.1259511002815619,1.0189915993780085,10.044163798248535
1998-12-01,1.5064785733523285,1.1018144221901247,14.008186532910972,1.1057658329938163,0.9617309172045012,14.008186532910564,1.0607079711717875,1.0168127937381792,9.654091559723685
1999-01-01,1.4570088857391144,1.0859961394252666,14.00818653291097,1.0893713076811438,0.9478262370801694,14.008186532910742,1.066572134208833,0.9899905685734226,10.445989918496657
1999-02-01,1.4151819345168273,1.1116156790638714,14.008186532910972,1.0874336642447573,0.9307111137756938,14.00818653291084,1.0703073182021035,0.9615506090439631,10.528376619887432
1999-03-01,1.4278794151481087,1.16315006776235,14.00818653291097,1.0978012383473383,0.9202443634236673,14.0081865329109,1.071459821146068,0.9552873433992568,10.455342959706408
1999-04-01,1.4856562068011354,1.2347292674861037,14.008186532910972,1.1284169351058664,0.9084083206022389,14.00818653291093,1.0963783396450857,0.9513944677279375,10.243600220099996
1999-05-01,1.5812656752840875,1.3192234509550975,14.00818653291097,1.1613896912217203,0.8844929087448605,14.008186532910946,1.263502704324938,0.8362228972418361,9.925986628325589
1999-06-01,1.5811751099434062,1.2451271039069467,14.00818653291097,1.1637191617196199,0.907509185535717,14.00818653291096,1.1654235540172466,1.031738707090682,7.102558944669889
1999-07-01,1.500913983342797,1.128569663348538,14.00818653291097,1.1842208541462185,0.9232641848157312,14.008186532910965,1.194062824683658,1.0199980982199173,8.788383201052817
1999-08-01,1.529217880202483,1.0056466819511478,14.008186532910972,1.2260250863058328,0.9295625114375501,14.008186532910965,1.233955766830323,1.0202485364551357,9.782954265691393
1999-09-01,1.528121778738901,0.9176257372362724,14.008186532910972,1.2808613522865773,0.9188635639417982,14.00818653291097,1.2962232567194756,0.9907044430670144,10.628885260699752
1999-10-01,1.5966558136195976,0.8548153878986559,14.00818653291097,1.3303348858680317,0.89309843308185,14.00818653291097,1.3589202967705962,0.9464619259875812,11.1876078983417
1999-11-01,1.5987259528442341,0.8247653019478631,14.00818653291097,1.3387336889486823,0.8508257564441986,14.00818653291097,1.3614515583621598,0.8872903533880094,11.42575688433746
1999-12-01,1.533231712141157,0.8053880890688913,14.008186532910972,1.3144170386816036,0.8296063616134548,14.008186532910972,1.318295079552747,0.8704615380145662,11.379456221849177
2000-01-01,1.4773978376782735,0.7932909374323991,14.008186532910972,1.2893168677776747,0.8101598372251592,14.00818653291097,1.2800653891503786,0.8582204292948379,11.520238840242417
2000-02-01,1.439722912,0.782816608360794,14.00818653291097,1.2709880048917546,0.7884832064965691,14.008186532910972,1.251228605005476,0.8410072081573768,11.6167095241335
2000-03-01,1.443236253370596,0.774432380393567,14.00818653291097,1.2673292040606576,0.7673638744925144,14.00818653291097,1.2428287730277714,0.8246321978775589,11.666551640911475
2000-04-01,1.452881166662424,0.7620142439766956,14.00818653291097,1.2828859732987692,0.7472012075688472,14.008186532910972,1.2582688862082247,0.8098650696704189,11.633325548703636
2000-05-01,1.4940104082284091,0.7405624695057718,14.008186532910972,1.2979875456590804,0.7263129695830413,14.00818653291097,1.275256380550763,0.7975176640610326,11.169499000197982
2000-06-01,1.45239648982471,0.7254341794511739,14.00818653291097,1.3179030216618626,0.7097467797454959,14.00818653291097,1.296785653917446,0.7861883327449519,11.128330504032943
2000-07-01,1.4846257594595038,0.7148889870585061,14.00818653291097,1.3272995827382166,0.6921284437820122,14.00818653291097,1.3064733609926817,0.772791243318618,11.041618767665668
2000-08-01,1.576159292327796,0.7048802259570666,14.008186532910972,1.3525170285010084,0.6790584444660865,14.008186532910972,1.3396628058194286,0.7585902207333237,10.932721774767275
2000-09-01,1.679395321387868,0.6898422520937294,14.008186532910972,1.3862264609291084,0.6686468224862793,14.008186532910972,1.3969715496365311,0.7421823167823305,10.58050718279333
2000-10-01,1.7581776717644135,0.6929804987429465,14.00818653291097,1.4152869031256594,0.6659236334050707,14.00818653291097,1.479344357563807,0.7444670822469192,9.331763918048715
2000-11-01,1.8031948073856425,0.711510965589211,14.00818653291097,1.4407356053435219,0.6729831458125123,14.00818653291097,1.5596570927867264,0.7454782627103803,8.394858988079708
2000-12-01,1.8454554688968083,0.7355999931142946,14.00818653291097,1.438323535907491,0.6882708642696452,14.008186532910972,1.6439562280642228,0.7539613090560663,6.83348986890147
2001-01-01,1.8412396494826806,0.7718567470358442,14.008186532910972,1.4065563375114942,0.716986882512451,14.008186532910972,1.4868325520932668,0.8287927091260877,6.740977653054785
2001-02-01,1.7541807849803266,0.7529407199012759,14.00818653291097,1.3659488714453953,0.7539136708009124,14.00818653291097,1.403297487800085,0.8303018114581195,8.024783699635938
2001-03-01,1.664854981611337,0.7609936370349288,14.008186532910972,1.3263084690033362,0.7970507609802118,14.00818653291097,1.3437598372498993,0.8529116999690892,9.534388591911467
2001-04-01,1.5764441380159346,0.7903340636566284,14.00818653291097,1.2838708241025496,0.8562471739908081,14.00818653291097,1.2524946026809172,1.0278538065504494,8.270793863134235
2001-05-01,1.382950790731212,0.7607476453779646,14.008186532910972,1.2219657808364746,0.9161241472159223,14.008186532910972,1.1576268397759055,1.0905136659750034,8.498788663448064
2001-06-01,1.1410356787659837,0.7516386953481053,14.00818653291097,1.1663191554087355,0.9704266626771203,14.00818653291097,1.1003141557601688,1.1068825608427015,9.757651790074636
2001-07-01,0.9898042389372873,0.7480949766966096,14.008186532910972,1.1411082537000106,1.0001632253718158,14.00818653291097,1.0848289245783207,1.1034702345620877,10.697189638219154
2001-08-01,0.9169384572485468,0.7630327289668625,14.00818653291097,1.152427261036649,1.0030210824312664,14.008186532910972,1.1118017662477298,1.078549817056652,11.340794302042186
2001-09-01,0.9174183279909098,0.8130848119428322,14.00818653291097,1.1850973883613514,0.9897611814900129,14.008186532910972,1.1588186943233345,1.045808616801672,11.76066038344732
2001-10-01,0.955321311863138,0.8834258867235518,14.00818653291097,1.2307633108422855,0.9716136541135915,14.00818653291097,1.222045816357109,1.0121232053796922,12.027586579671368
2001-11-01,0.9490306151173864,0.9424718764151376,14.00818653291097,1.257563370778941,0.9620032926054648,14.00818653291097,1.2570383864920787,0.9975034652884507,12.304998803196598
2001-12-01,0.971302406423649,1.0076343778494283,14.008186532910967,1.264809608253949,0.9541942932713978,14.00818653291097,1.27026781525357,0.9872868185537617,12.4747600269289
2002-01-01,0.8967201231540737,1.0656242825607556,14.00818653291097,1.2603679306066873,0.9321531557413363,14.008186532910972,1.2702050004620729,0.9629321147286861,12.594252779420351
2002-02-01,0.8901998360039041,1.156951948623289,14.00818653291097,1.2371844718330338,0.8879002774749448,14.00818653291097,1.2484864362066397,0.9189625003687805,12.685209609427249
2002-03-01,0.8924912457362241,1.2449551633204123,14.00818653291097,1.196600891835342,0.8569849319652483,14.008186532910972,1.203350502100464,0.8885118723902972,12.874868392211745
2002-04-01,0.8712502734538643,1.3033888558753528,14.00818653291097,1.1553554152146304,0.8411753042324153,14.00818653291097,1.158573352349519,0.8751928637748289,13.058758390222991
2002-05-01,0.8684277619303029,1.352280835912473,14.008186532910972,1.0981739501919967,0.8445705667665505,14.008186532910972,1.0975370509772844,0.8841190722398824,13.1135219660004
2002-06-01,0.7809078376781309,1.3907900702024738,14.00818653291097,1.0103819298782826,0.8698630251835998,14.00818653291097,1.0065352573463997,0.9138382144513484,13.225647526664494
2002-07-01,0.7392053441748591,1.4401461652122134,14.00818653291097,0.9416876367504378,0.9101084338104,14.008186532910972,0.9352643664153562,0.9579494875547262,13.346474627045325
2002-08-01,0.6914123837081676,1.4747138614073496,14.008186532910972,0.8899749496359015,0.9650844112629673,14.00818653291097,0.884520972864976,1.0118286112297479,13.424558692556797
2002-09-01,0.6460400141007354,1.483219364815724,14.008186532910972,0.8556198612921285,1.029851496639614,14.00818653291097,0.8493059575165449,1.0803908974289296,13.563792318158049
2002-10-01,0.6392823613251328,1.5033535453953526,14.008186532910972,0.8354314686973301,1.0998491828004917,14.00818653291097,0.8251432325662854,1.1783179193376219,13.331385683457674
2002-11-01,0.5567832850046984,1.4806321408512397,14.00818653291097,0.8309129355405123,1.1776053507056412,14.00818653291097,0.8225591147418051,1.2538483292022045,13.360571446977422
2002-12-01,0.5188171882242235,1.4706780386630944,14.00818653291097,0.8255727090128198,1.2609512120844946,14.00818653291097,0.8192003580785084,1.3258640473788257,13.505190726607397
2003-01-01,0.5157075243971672,1.479652092177875,14.008186532910972,0.8160114912874783,1.3340734512641699,14.008186532910972,0.8105403308644762,1.3952745147968886,13.522911810451873
2003-02-01,0.5521364134296637,1.5064014926849019,14.00818653291097,0.8124841435622214,1.4023651360508016,14.008186532910972,0.8082658495979828,1.453462327581877,13.600848076649791
2003-03-01,0.6066280677504061,1.5242607442538787,14.008186532910967,0.8203739556513019,1.4670606347744548,14.008186532910967,0.8171365598794976,1.51615915835431,13.593937445475198
2003-04-01,0.6891143362848823,1.5406417671905688,14.00818653291097,0.8276880918974372,1.534625494082004,14.008186532910972,0.8253944505558353,1.5783502641935556,13.632739117572878
2003-05-01,0.8259964797765004,1.563812169715211,14.00818653291097,0.8325091569234289,1.5943464531900509,14.008186532910972,0.8320310425920936,1.6354351274382328,13.588548152446506
2003-06-01,0.9043491240430114,1.5257197064693913,14.008186532910972,0.820272407831041,1.633023176864338,14.008186532910972,0.8171199005978114,1.6617472969424456,13.707446218431635
2003-07-01,0.8414286340841626,1.542284040271532,14.00818653291097,0.8117777969897182,1.660957557376194,14.008186532910967,0.8089088383552815,1.6869217909945795,13.644990964375427
2003-08-01,0.8458009012951465,1.597760738030666,14.00818653291097,0.8122142870919202,1.6771763566053641,14.008186532910972,0.8095615283045134,1.6991352892917688,13.599280697216185
2003-09-01,0.8831492119919341,1.6648213522642294,14.008186532910972,0.8146814388873335,1.687029322783189,14.00818653291097,0.8123508143421897,1.7052807967974137,13.595917150746741
2003-10-01,0.9491097872142046,1.7336079430878826,14.00818653291097,0.8265107094817725,1.6955684462066767,14.008186532910972,0.8252340079096574,1.7112048667428204,13.587442495579142
2003-11-01,1.0301564334704538,1.792411636792147,14.00818653291097,0.8384173398008217,1.6933860679499337,14.00818653291097,0.8375747425850464,1.704543194133706,13.691205311918733
2003-12-01,1.088135109954083,1.8120916614410578,14.00818653291097,0.8404195063323437,1.690095143325383,14.00818653291097,0.839565055668833,1.6994220700438367,13.734884193317773
2004-01-01,1.133166628164942,1.7977918334633969,14.00818653291097,0.8308802006448898,1.687192076283524,14.008186532910972,0.8270856366356726,1.7033212516399425,13.16086579830041
2004-02-01,1.0698554791387318,1.783373850696048,14.008186532910967,0.8319802102149527,1.6937707414264107,14.00818653291097,0.8289396639231355,1.7100676948669606,13.253198469154533
2004-03-01,1.0906486559986257,1.7876037808170022,14.00818653291097,0.8428852407406106,1.6973635205185431,14.00818653291097,0.841806365251575,1.7100773454743352,13.556321896486637
2004-04-01,1.098086421891589,1.7720026140644354,14.00818653291097,0.8564927311277502,1.6967550789748806,14.00818653291097,0.8536801596260575,1.7124135998583188,13.371817107620608
2004-05-01,1.0977133187095303,1.7823887567411265,14.00818653291097,0.8785801719534769,1.6956631386333043,14.00818653291097,0.8771830082434303,1.7080927754010578,13.57352418340679
2004-06-01,1.1173087484020177,1.7804695860969424,14.00818653291097,0.8990514749565343,1.6824560509893836,14.00818653291097,0.9004685416252983,1.691260543280832,13.565862396082625
2004-07-01,1.0638553283130525,1.8027478786840714,14.00818653291097,0.8760772933765536,1.6637064300876265,14.00818653291097,0.8757890442045332,1.671844234936637,13.486833701656431
2004-08-01,0.9858609477611315,1.7895105432218672,14.008186532910972,0.865302813420669,1.6473794538844122,14.00818653291097,0.8623503134670968,1.659550993666045,13.474601842447912
2004-09-01,0.9183963258914459,1.7661496450228287,14.00818653291097,0.870856902489967,1.635998944848465,14.00818653291097,0.867068063476079,1.6484587153969978,13.457832805415894
2004-10-01,0.9085825391961344,1.747392061928267,14.00818653291097,0.8869793483203522,1.6205030681779746,14.00818653291097,0.882863639498791,1.6327843956902937,13.464790563057834
2004-11-01,0.9606298180774638,1.738631138541382,14.008186532910972,0.9173126617248145,1.6055562259451865,14.00818653291097,0.9152156241886823,1.6136239808069055,13.430907428261706
2004-12-01,0.9342041898372819,1.705068828225348,14.00818653291097,0.95251743363343,1.5924287104134425,14.008186532910972,0.9501226473433504,1.602149941083175,13.495028748083373
2005-01-01,0.9469458446362095,1.6712990753187777,14.00818653291097,0.9743808680988776,1.5696316640268018,14.008186532910967,0.9734318382116454,1.575095571652777,13.598007047699326
2005-02-01,0.9891857148908353,1.641695398960068,14.00818653291097,0.9729226335696742,1.5448078253141493,14.00818653291097,0.97537120866835,1.5461844189829912,13.235230015798706
2005-03-01,0.9484947265537121,1.6051439988672953,14.00818653291097,0.9810855612533049,1.5375268700853388,14.008186532910972,0.9845933199189434,1.540978380427939,13.26457723649292
2005-04-01,0.9797767136635759,1.5873148030363216,14.008186532910972,0.9988704509439246,1.5402680436267222,14.00818653291097,1.006415357042553,1.5461036130652928,12.9617824514023
2005-05-01,1.029594935306983,1.5692176307385024,14.00818653291097,1.0182038849208237,1.5587981286731443,14.00818653291097,1.0340026380572698,1.5688147614702206,12.237865655600329
2005-06-01,1.044920352680415,1.5355636476093262,14.00818653291097,1.0214175310636815,1.597413619031762,14.00818653291097,1.0264834441526367,1.6052889660218754,13.627991401016274
2005-07-01,1.0388854289367693,1.4975048792858674,14.008186532910972,1.0020049916895677,1.6378012718912498,14.008186532910972,1.0004081552644313,1.6525934079274969,13.582719726440557
2005-08-01,0.9859871727276043,1.4588306058400535,14.008186532910972,0.9637670184946467,1.6574696786346599,14.008186532910972,0.9610186851801702,1.6715699960438317,13.540852835020905
2005-09-01,0.9593592202052291,1.426809933878385,14.008186532910972,0.9201745775627017,1.66898265890875,14.00818653291097,0.9147287608755966,1.6866413060556298,13.401070157791949
2005-10-01,0.8784280006264628,1.3773466260363154,14.00818653291097,0.8841170602379551,1.7019956500537088,14.00818653291097,0.8757986888645406,1.7229951178363374,13.460948254344018
2005-11-01,0.787044948863591,1.4040754907109736,14.008186532910972,0.8667575972201383,1.7385449510813231,14.008186532910972,0.8585029628856189,1.7619656016207723,13.476682013718943
2005-12-01,0.7570463546103141,1.443743952558333,14.008186532910972,0.8634926673804668,1.7752588039304005,14.00818653291097,0.8547537457514258,1.8038993461431818,13.350432392829244
2006-01-01,0.7308848822998267,1.4868758916880929,14.008186532910972,0.8618926325737176,1.804959897678391,14.008186532910972,0.8529780663027644,1.8365160530271019,13.441318817369133
2006-02-01,0.762620725222255,1.544316276804295,14.00818653291097,0.8703586056798384,1.8304742767738011,14.00818653291097,0.8613782388751234,1.8655431366188804,13.599183207606783
2006-03-01,0.8469749205437259,1.6038618090489771,14.00818653291097,0.8830442187969322,1.8404317220666717,14.008186532910972,0.8750636444864381,1.8844496522268026,13.527006152664319
2006-04-01,0.8098524866075659,1.6011346410309273,14.00818653291097,0.8981041388652247,1.831247073508202,14.008186532910972,0.8895103143687428,1.8817321676022651,13.451065980937937
2006-05-01,0.8306005796376337,1.6059475590742212,14.00818653291097,0.9181507167618099,1.8055621585617305,14.008186532910972,0.9089671093143463,1.8630089359728654,13.31575764237983
2006-06-01,0.8562087869338486,1.6088098009504144,14.00818653291097,0.9440331109448544,1.7752740389907051,14.00818653291097,0.9328806966618869,1.83773023468623,13.400610963634438
2006-07-01,0.8779678813931165,1.6056143582655056,14.00818653291097,0.9640465432217715,1.757491415711389,14.008186532910972,0.950742937853392,1.8284144579986454,13.365991419012587
2006-08-01,0.9601680349109486,1.6126469685250506,14.00818653291097,0.9844724245359158,1.7427247484966517,14.008186532910972,0.9696681116513896,1.8253884383546848,13.320882271810632
2006-09-01,1.107706469789294,1.6246957167657554,14.00818653291097,1.0206212574957465,1.7403999945769202,14.00818653291097,1.0052808509040685,1.8412303505749354,13.215055596586119
2006-10-01,1.2454167112895849,1.625271619693918,14.008186532910972,1.0511454601595893,1.727330190184681,14.00818653291097,1.035157949729217,1.8521978450245489,12.917131910149177
2006-11-01,1.3698840728733814,1.6303389646767932,14.00818653291097,1.0757207922089131,1.7032411045127729,14.00818653291097,1.0581736082365312,1.8566354648682506,12.444363884406723
2006-12-01,1.4637308611168076,1.6265714065038304,14.008186532910972,1.0968361330311474,1.6832837802107212,14.00818653291097,1.0782673942466832,1.8556675234720827,12.734578764330065
2007-01-01,1.5278189149843826,1.6052436176336347,14.00818653291097,1.1185709491086233,1.6442255836555237,14.00818653291097,1.101137890176883,1.8421937280825396,12.636490414767787
2007-02-01,1.5967143500157936,1.5703455856446857,14.008186532910972,1.140872724268337,1.5900115177138971,14.008186532910972,1.11764031527456,1.8233071746881417,12.530342997300046
2007-03-01,1.651934349634149,1.520962753993815,14.00818653291097,1.1558856925688554,1.5176940004822763,14.00818653291097,1.1519999144671433,1.772314271220751,11.725777925472752
2007-04-01,1.630072693806399,1.466009365705736,14.008186532910972,1.1539465618386608,1.4329473923308484,14.008186532910972,1.1598709559006166,1.717868243891201,10.900011611610173
2007-05-01,1.635184376438757,1.42328009704378,14.00818653291097,1.1388852438822046,1.340270509966966,14.00818653291097,1.116212310727615,1.616679185989304,11.22575654894247
2007-06-01,1.600568967993752,1.3941075655938897,14.00818653291097,1.1195343724852884,1.2413889737348538,14.008186532910972,1.0719033116471395,1.5117785741702208,10.261555064746824
2007-07-01,1.5273771728872347,1.406694053944378,14.00818653291097,1.112428033461542,1.1577286002018585,14.00818653291097,1.0600304936338474,1.396548009502207,10.047244745123136
2007-08-01,1.5413596145330497,1.4466700907293522,14.008186532910972,1.1353597947628995,1.0999957752371932,14.008186532910972,1.0754877659602617,1.286992125238658,10.069981518150215
2007-09-01,1.6772978553332831,1.4941166101460122,14.008186532910972,1.1895207934465735,1.071066230476465,14.00818653291097,1.2719245677093343,1.3371318694999197,8.2897764006104
2007-10-01,1.7170569594706666,1.4847317053611557,14.00818653291097,1.215954234501848,1.0151688756232597,14.00818653291097,1.3124266769985125,1.0920432004186058,7.250928255470429
2007-11-01,1.6752506931965583,1.4839189820896683,14.00818653291097,1.2465060457677846,0.9778629379300458,14.00818653291097,1.3157065585933867,1.0324191820405098,9.077090436792856
2007-12-01,1.6938085883138843,1.4970184574957497,14.008186532910972,1.267140909071515,0.9576152965201185,14.008186532910972,1.3682080966769141,1.021424042842121,7.728175143408881
2008-01-01,1.6183880348789481,1.4248440253032517,14.008186532910972,1.2651938119888066,0.947828556274858,14.008186532910972,1.3314291118383106,0.9988312152921833,8.127142577379425
2008-02-01,1.5147972888012187,1.352137206115367,14.00818653291097,1.2542119608529683,0.9583986222038079,14.00818653291097,1.28175826818054,0.9845404971779643,9.684996908129312
2008-03-01,1.4099678701859706,1.2765443450242877,14.00818653291097,1.2524650370318766,0.9817218950774429,14.00818653291097,1.2619193757645697,0.9944850843233821,10.358221119194155
2008-04-01,1.3985048037518797,1.1996956438601425,14.00818653291097,1.2472835779730258,1.0166398619878616,14.008186532910972,1.2566332148485142,1.0048885633305917,9.938853500012485
2008-05-01,1.3310340949842443,1.1288720953430407,14.008186532910972,1.2302460941721856,1.0781571885786865,14.008186532910972,1.225891442058734,1.071693397305803,10.631449154541645
2008-06-01,1.208148171221865,1.0839228491074842,14.00818653291097,1.2074098792277843,1.1484385708999971,14.00818653291097,1.1964457851569537,1.1478900770867049,11.016035285051139
2008-07-01,1.1045839924900227,1.059465722329177,14.00818653291097,1.1781029410597814,1.22890466063435,14.00818653291097,1.1653420734986812,1.2239478795606626,11.363337478698524
2008-08-01,1.0789101724960521,1.0523942461249287,14.008186532910972,1.1678038968757163,1.30940262554805,14.00818653291097,1.1617790931662908,1.3163153063805126,12.140168540534816
2008-09-01,1.0838684174570243,1.0684678426824727,14.008186532910972,1.1735281991834312,1.3834280795355658,14.008186532910972,1.210194387733376,1.5139626931076517,9.538204737837608
2008-10-01,0.9610094004367215,1.0119092091762814,14.00818653291097,1.191643976858845,1.4060279037363934,14.00818653291097,1.2318417297863895,1.4879225856642364,10.75286420676554
2008-11-01,0.899747388692298,0.9583789049367885,14.00818653291097,1.1744468580752232,1.3921349246359178,14.00818653291097,1.1975609310280484,1.4465032253249166,11.671760219267256
2008-12-01,0.8553899717253192,0.9321269044907953,14.00818653291097,1.151917724374039,1.3685002431776692,14.008186532910972,1.165860760041253,1.4151134319493603,11.998235533349092
2009-01-01,0.7866057615949639,0.9365784715107808,14.008186532910972,1.1330599315687686,1.3111874942756887,14.008186532910972,1.1381582687294272,1.342869052876355,12.44088141757358
2009-02-01,0.7498179379902141,0.9634238205148169,14.00818653291097,1.0908048684543072,1.271415506733397,14.00818653291097,1.084292227115227,1.2869369648153495,12.703264742323265
2009-03-01,0.6843392672429583,1.0081054092982105,14.008186532910972,1.0386678326172556,1.2443237444191881,14.00818653291097,1.02965667585964,1.2666912722905583,12.784688541939547
2009-04-01,0.5981426032465776,1.0462801938876316,14.00818653291097,1.004621715056663,1.212317378959756,14.00818653291097,0.9940399460519981,1.2349500431556317,12.910807722407874
2009-05-01,0.5576913843012422,1.109446206172383,14.008186532910972,0.983527346244967,1.1752086504708075,14.008186532910972,0.9747349857341937,1.2004978378834215,13.025360269351246
2009-06-01,0.5459144315785563,1.1929038721706482,14.00818653291097,0.9411292266481716,1.1258726640501067,14.00818653291097,0.9291700611596675,1.1434513879743777,13.162746110923024
2009-07-01,0.5022606346832368,1.2542926980363083,14.008186532910972,0.9027639267847491,1.0752522421341852,14.008186532910972,0.8907759509135981,1.0928208177299532,13.23527695613841
2009-08-01,0.490996341054631,1.3337840319503806,14.00818653291097,0.8775179381906286,1.0331132860598315,14.00818653291097,0.8659811317954372,1.054164066687834,13.267659465519245
2009-09-01,0.4976043191817629,1.438145888883926,14.00818653291097,0.8721461858524994,1.0134626682512573,14.008186532910972,0.8627204073607327,1.0439925286916751,13.353470595233919
2009-10-01,0.5353253522896075,1.554708009304429,14.00818653291097,0.8645804060352289,1.0270756080266903,14.00818653291097,0.8569655008433399,1.069452342090161,13.424531312399687
2009-11-01,0.5820064237427488,1.6488730291338296,14.00818653291097,0.85499106714862,1.0893441473311172,14.008186532910972,0.8485638071989455,1.1436532141045093,13.474632206951645
2009-12-01,0.6353544332391603,1.7142566613217052,14.00818653291097,0.8550292339602038,1.1889905063108501,14.00818653291097,0.849869859498139,1.2524330554842913,13.496577839961935
2010-01-01,0.68213876127473,1.732577057705349,14.008186532910972,0.8434551499283658,1.2922245988356185,14.00818653291097,0.8395002351711713,1.3562879915783266,13.447851401389373
2010-02-01,0.7152526326187253,1.7991602185067739,14.008186532910972,0.8351475628388987,1.3944860404929103,14.00818653291097,0.8309696952405081,1.469784035245728,13.531507427523513
2010-03-01,0.7212937824635329,1.8330102480927224,14.008186532910967,0.8113500420291021,1.4645267835218414,14.00818653291097,0.806678700051614,1.5448104404252936,13.543240788586637
2010-04-01,0.6782498076829581,1.8008906034687755,14.008186532910972,0.7974916465999656,1.53155148152811,14.00818653291097,0.7932136898843545,1.6082021135479103,13.540591238065277
2010-05-01,0.6889346839347901,1.7828365318493846,14.008186532910972,0.7891855464173588,1.5798046448276215,14.008186532910972,0.7849562790553992,1.6559532126651448,13.542718920638418
2010-06-01,0.7219977506867192,1.782341273025884,14.008186532910972,0.7855115115656508,1.6096309652942171,14.008186532910972,0.7816718549173123,1.6837285040257015,13.53534525633568
2010-07-01,0.7384279828931624,1.7671591725875873,14.008186532910967,0.7908766704868506,1.6395447274774617,14.008186532910967,0.7879263095149263,1.7041811384719057,13.591948154933984
2010-08-01,0.8139051990853137,1.7722255709122914,14.008186532910972,0.8043301939000249,1.6576616304290697,14.008186532910972,0.8029120405066626,1.7160332515576915,13.627589778069103
2010-09-01,0.852667908102566,1.7678557255763796,14.00818653291097,0.8062639263491475,1.6454274533728936,14.008186532910972,0.8064059982661089,1.7018031694488758,13.26349875870017
2010-10-01,0.7931608164287134,1.7721911090275373,14.008186532910972,0.8074205990906881,1.6368201143234444,14.008186532910972,0.8073153294257807,1.6837916796769055,13.3730447857271
2010-11-01,0.7945169035998666,1.7988498489144382,14.00818653291097,0.8102570515870627,1.6283072656622588,14.008186532910967,0.8089425811040764,1.6691855062965864,13.519212060564817
2010-12-01,0.7562264147369087,1.8100870327427696,14.00818653291097,0.8059484540184915,1.6063417878844937,14.008186532910972,0.8038987261074896,1.643030336920302,13.439678174563017
2011-01-01,0.7729268404415403,1.8349652445986484,14.008186532910972,0.8016778767527064,1.5877574663589438,14.00818653291097,0.7995690136674932,1.620157662169942,13.402427112226112
2011-02-01,0.6999830786554194,1.8283273729231801,14.00818653291097,0.7803954887314664,1.5508013236517761,14.008186532910972,0.7775312212375349,1.5799512999063463,13.304977847214962
2011-03-01,0.640066248205457,1.807556889788784,14.00818653291097,0.7592787207585205,1.5227194648251097,14.00818653291097,0.7555765422747691,1.5485472347241376,13.203177468974822
2011-04-01,0.6307383564514951,1.8097188203748815,14.00818653291097,0.7335251380109535,1.4877221147652406,14.00818653291097,0.7277228751697871,1.510770666566039,12.962011325291941
2011-05-01,0.6058085396149484,1.8084614300469606,14.00818653291097,0.7271953697746005,1.4762235108213873,14.008186532910972,0.7204237424120381,1.492374708380361,12.830697997054076
2011-06-01,0.6293326343722134,1.833538610362361,14.00818653291097,0.7397786047651446,1.4875185833100826,14.00818653291097,0.7330973819426206,1.495563825776532,12.754482236701364
2011-07-01,0.7023242408820699,1.877754339606306,14.00818653291097,0.758001784722187,1.5110648339553305,14.00818653291097,0.7542188205694365,1.5098890564862353,12.933162424838862
2011-08-01,0.7838729925349956,1.9212678928661755,14.00818653291097,0.7828154984915991,1.5547186306539638,14.00818653291097,0.7844381738623637,1.5484811307829518,13.325694926035519
2011-09-01,0.8643775936730785,1.946086547654204,14.00818653291097,0.8067575287072417,1.6154633008839883,14.00818653291097,0.8248954759406985,1.6449669875646116,13.109022291532934
2011-10-01,0.8279289936855827,1.9814894598128359,14.00818653291097,0.7878926441182217,1.6404586145193565,14.00818653291097,0.8050924419838625,1.7082780761577339,11.83077002137802
2011-11-01,0.7545726723045245,2.017510507767967,14.00818653291097,0.7737973310080072,1.670531103249205,14.00818653291097,0.7856640862804635,1.7203154285891966,12.442888416619944
2011-12-01,0.7401977297371116,2.0769285581168133,14.008186532910972,0.7620035429653669,1.6998710527148988,14.00818653291097,0.7702263728560133,1.7510702225419201,12.371125906856502
2012-01-01,0.7229607351979356,2.141119547299053,14.008186532910967,0.7572915282009046,1.7270676754207506,14.00818653291097,0.7631121237025812,1.7668648822013,12.703191713551712
2012-02-01,0.7530479993462367,2.2187518855044766,14.00818653291097,0.7538663448432394,1.7530445937853805,14.00818653291097,0.7580919690859549,1.7874532016040328,12.80575915331763
2012-03-01,0.7760829789847817,2.280826774230312,14.008186532910972,0.7494092994227147,1.7824928356323249,14.00818653291097,0.7507402463436176,1.8024543487215183,13.28690160334796
2012-04-01,0.7477850577317944,2.2884361281406322,14.00818653291097,0.7299244672385854,1.8026930056894221,14.008186532910972,0.727837510522941,1.8138372422234437,13.392927577053443
2012-05-01,0.6697613014239983,2.2678393269890162,14.00818653291097,0.7150611385569575,1.8226919635487862,14.008186532910967,0.7118391044122381,1.8315294857587432,13.40466826643107
2012-06-01,0.6418187839608676,2.2584734731212106,14.00818653291097,0.7122324978774157,1.8570751870549866,14.00818653291097,0.7091509012421422,1.8650179130502385,13.502874937526892
2012-07-01,0.568410088350934,2.230909254275652,14.008186532910972,0.7234073803477232,1.909569467388154,14.008186532910972,0.7204566377141477,1.9166669509709,13.548879573988994
2012-08-01,0.5206185090638031,2.1917861256261033,14.008186532910972,0.7434222532997998,1.9837806642641456,14.00818653291097,0.7410086853706586,1.9911178109174994,13.595592764505515
2012-09-01,0.4852668532647829,2.1624702284802275,14.00818653291097,0.7681134153461178,2.0881582220266233,14.00818653291097,0.766331443966824,2.0964844336708612,13.632528480310247
2012-10-01,0.46800765426362306,2.1259684888852695,14.00818653291097,0.7736764755727388,2.209670775483728,14.00818653291097,0.7724349545846025,2.2200371523394113,13.644711995281563
2012-11-01,0.45488517901859266,2.081560338262005,14.008186532910972,0.7573769171057525,2.317802907204686,14.008186532910972,0.7556507174233842,2.3276340405252665,13.711073316699787
2012-12-01,0.45622658381369546,2.0522978203548097,14.00818653291097,0.746330255203096,2.4192972181056764,14.008186532910972,0.7443197976976322,2.428174718182121,13.746698142228801
2013-01-01,0.46553723160809335,2.0247514553737487,14.008186532910972,0.7395761158385796,2.508307477907194,14.00818653291097,0.7374284559508038,2.5162454054305905,13.76666762522479
2013-02-01,0.47153488445052727,1.9813955422822487,14.00818653291097,0.7425941906902055,2.593389073274689,14.00818653291097,0.740620996463732,2.6015974875144092,13.786117638059396
2013-03-01,0.49029740413397754,1.9394674586968579,14.008186532910972,0.7550406119164855,2.66243140827617,14.008186532910972,0.7533716816372585,2.671108814672777,13.794690370050427
2013-04-01,0.5227373815801557,1.9116894339616683,14.008186532910972,0.7630979288990731,2.708887426836586,14.00818653291097,0.7617263547644908,2.716021998301193,13.813606817598316
2013-05-01,0.5809400226049873,1.889385381314492,14.008186532910972,0.7590171078938668,2.709154617333683,14.008186532910972,0.7582545254610145,2.7141749191106705,13.820338651371417
2013-06-01,0.6318433160059647,1.8383589206822992,14.00818653291097,0.7590881585087564,2.6923583391745463,14.00818653291097,0.7591196260553085,2.695846388887871,13.826211324167671
2013-07-01,0.7141949447033776,1.7935942032825651,14.008186532910972,0.7671936465352764,2.670146613094806,14.008186532910972,0.7692624605965156,2.671982925111069,13.709458492041158
2013-08-01,0.7508607094552586,1.7651941435491745,14.008186532910972,0.7661924927948597,2.6608829595405683,14.008186532910972,0.7695023948904621,2.660076698285732,13.742376224526607
2013-09-01,0.8232269611322135,1.7507275605903312,14.00818653291097,0.7489257032685828,2.6769862984259034,14.008186532910972,0.7472181396870474,2.6821876457408034,13.893264214092829
2013-10-01,0.7751950224581494,1.7271764697095922,14.00818653291097,0.73157209650319,2.671975344738631,14.00818653291097,0.7295711192914676,2.6763524584966287,13.765738408839107
2013-11-01,0.744307813835355,1.6921430866493512,14.00818653291097,0.7218586494454449,2.6619470127077456,14.008186532910972,0.720422495327591,2.6632880622884976,13.817523263506775
2013-12-01,0.7202531973732399,1.6449437550674346,14.00818653291097,0.717286277249934,2.6293928587277837,14.008186532910972,0.7157547198635851,2.6294297514516685,13.787346263091754
2014-01-01,0.73060852499308,1.6081382362852255,14.00818653291097,0.7236187988225516,2.585459997925591,14.00818653291097,0.7223961886484251,2.583297575140846,13.832481529445651
2014-02-01,0.7993948391367605,1.5925391656590322,14.008186532910972,0.7406299112562106,2.5368246715267593,14.00818653291097,0.7400806778382008,2.5341246228458374,13.768867854117625
2014-03-01,0.8518697330910887,1.5675151916707561,14.00818653291097,0.7464544957002903,2.523920061915629,14.00818653291097,0.7457005573780227,2.521254780184641,13.87269927997533
2014-04-01,0.8093021773188805,1.5301983228147744,14.008186532910972,0.7460490532542624,2.480953627441479,14.00818653291097,0.7450497810919499,2.4770662459439317,13.798108336116487
2014-05-01,0.74867935249056,1.4775481484550819,14.00818653291097,0.7520964065459976,2.4503674351910902,14.00818653291097,0.7509517137487006,2.4458366293617964,13.814518713066878
2014-06-01,0.7477851124122243,1.4471838823999688,14.008186532910972,0.7673736887645314,2.4235725789148947,14.008186532910972,0.766224080502871,2.417847438673907,13.867365353733895
2014-07-01,0.7336655759011308,1.413862183760978,14.00818653291097,0.7959790790354554,2.391548534596635,14.00818653291097,0.7948307241500802,2.385278386054036,13.856037647109861
2014-08-01,0.7680391615835787,1.3981952669936413,14.008186532910972,0.8324040158952035,2.3525815623776447,14.008186532910972,0.831411881324367,2.345261314840223,13.814707882555984
2014-09-01,0.8169626948045958,1.3929328817189577,14.00818653291097,0.8656600667202393,2.319046304399057,14.00818653291097,0.8648214246206112,2.3115332553610815,13.840064964326544
2014-10-01,0.930461021747169,1.401661259858415,14.00818653291097,0.8954676758056561,2.3061621509821304,14.008186532910972,0.8957787320346738,2.303457712130014,13.838055896216117
2014-11-01,0.9849278912878695,1.4211763516102205,14.00818653291097,0.9048400318016371,2.2547430222609575,14.00818653291097,0.9062422621584306,2.254390835662027,13.768717723780293
2014-12-01,1.0492525959855574,1.4335131704476798,14.008186532910972,0.9013228562429576,2.2190349410273096,14.008186532910972,0.9016163586952202,2.213026472393174,13.897688323141999
2015-01-01,1.0210056736240607,1.4368688781353238,14.008186532910972,0.9034238403365542,2.1668474646857883,14.00818653291097,0.9048417873978013,2.16328303638219,13.899816138963928
2015-02-01,1.0422146180419762,1.442776798888312,14.00818653291097,0.906784050820944,2.094515176806077,14.00818653291097,0.9110301093462194,2.0958142950962255,13.764192536686943
2015-03-01,1.0382084915103027,1.462594727889045,14.00818653291097,0.9002821271648164,2.0333189387492934,14.00818653291097,0.9028275940485301,2.0260781353607733,13.743583108390691
2015-04-01,0.9375675782448312,1.4849537294476662,14.008186532910972,0.8736473785384166,1.988810507621602,14.008186532910972,0.8729629446171432,1.9804117220643749,13.770046122115119
2015-05-01,0.8460627964999626,1.4959048289350807,14.008186532910972,0.8513609863712259,1.9489626214546791,14.008186532910972,0.8501743851366934,1.9412383061421268,13.778816923812167
2015-06-01,0.8221986957892686,1.5294340954531305,14.00818653291097,0.8442913348913634,1.9363610067505466,14.00818653291097,0.842673289144267,1.9289387320622675,13.773323286543938
2015-07-01,0.8571266213351146,1.5869761756298206,14.00818653291097,0.8517949748210334,1.9503238800371911,14.00818653291097,0.8509436851337642,1.9428056786359855,13.866367756675144
2015-08-01,0.8870462152705223,1.6387769460831274,14.00818653291097,0.8707353625741707,1.9542529359390928,14.008186532910972,0.8696711524206745,1.9469650240940781,13.850924535965762
2015-09-01,0.9323181994337921,1.6752254570610432,14.008186532910972,0.8814440138093572,1.9329038565329746,14.008186532910972,0.8800569217388838,1.9260095311487078,13.806084914497616
2015-10-01,0.9531292716143598,1.679958780944515,14.00818653291097,0.8955436441622756,1.9204555744015575,14.00818653291097,0.8949191215434855,1.9123623934395115,13.891369077160688
2015-11-01,0.864934534243697,1.66110764396714,14.00818653291097,0.9058974436058042,1.8969694296145798,14.00818653291097,0.9052960355879577,1.8889276313035843,13.891834950058074
2015-12-01,0.8396348958915183,1.6606529859530226,14.008186532910972,0.917126913586853,1.862572564689462,14.00818653291097,0.9167611644957077,1.8542696862945176,13.892285530045907
2016-01-01,0.8550521396093401,1.6754593932786093,14.008186532910972,0.916831201311539,1.8235876928062218,14.008186532910972,0.916865844513452,1.814783751982586,13.845319560157236
2016-02-01,0.841841284763111,1.6686573631779316,14.00818653291097,0.9049253672952926,1.7825432158152623,14.00818653291097,0.9052432289072999,1.7732466823861106,13.806975614072579
2016-03-01,0.7986539456610701,1.6308795429606489,14.00818653291097,0.8878252682632864,1.803898700020903,14.00818653291097,0.8876304474144728,1.7964257712794842,13.853996723238767
2016-04-01,0.72149785385941,1.705759675043772,14.00818653291097,0.8511542130036115,1.8389650385614043,14.008186532910972,0.8503242222283918,1.8315091385292854,13.863893535253087
2016-05-01,0.7020559540970788,1.8121544112668528,14.008186532910972,0.8064223387736555,1.8710908289020807,14.008186532910972,0.804650116259217,1.8639063517969294,13.909547123608268
2016-06-01,0.6324326634350999,1.846154363991935,14.00818653291097,0.78444706886775,1.9287758837354363,14.00818653291097,0.7823973341719838,1.9223830665444017,13.909183442604727
2016-07-01,0.6088816144898211,1.8937904799339216,14.008186532910972,0.7819155130266673,2.0043572537771737,14.00818653291097,0.7797624767899414,1.9989962873538156,13.914893463529033
2016-08-01,0.6317683596957071,1.9559206346080802,14.00818653291097,0.7973696806403905,2.0997405204825816,14.00818653291097,0.7952543031256833,2.095758844393564,13.92695781870764
2016-09-01,0.7025789852882066,2.025111291342635,14.008186532910972,0.8183815162234097,2.178325621120835,14.008186532910972,0.8169951236158236,2.178309399155836,13.865361042466285
2016-10-01,0.6570036571803486,1.997484453988108,14.00818653291097,0.8254860357788156,2.226604742902256,14.00818653291097,0.8239725878672628,2.2272756612445517,13.888359562517625
2016-11-01,0.6576050564947482,1.9769512698422604,14.008186532910972,0.8151407904183661,2.263302682907081,14.008186532910972,0.8132127685191208,2.2650263168508213,13.927282303731586
2016-12-01,0.6663342984884816,1.9322805242247048,14.00818653291097,0.8007416209965005,2.2720312813412247,14.00818653291097,0.7983018574534366,2.2769037212054912,13.855290120420813
2017-01-01,0.6110682165847001,1.8397797587749491,14.00818653291097,0.7908492190577333,2.287210019851058,14.008186532910972,0.7881198787617177,2.295741508283349,13.812695088215222
2017-02-01,0.5831057003902601,1.7417296479751045,14.00818653291097,0.7901685307250342,2.3157844318081087,14.00818653291097,0.7872424325047801,2.327403703882731,13.8886028795983
2017-03-01,0.6017762119007193,1.6631603374620587,14.00818653291097,0.7788456188899167,2.3228871358327448,14.008186532910972,0.775220438804813,2.335984595898184,13.905507118466508
2017-04-01,0.554065465255357,1.6982345528822318,14.008186532910967,0.7671222992807973,2.3790874945406864,14.00818653291097,0.76243140220198,2.402889292243039,13.83661150140638
2017-05-01,0.5502267853708362,1.7609384396297176,14.00818653291097,0.7529857187550048,2.427280593291301,14.00818653291097,0.7466594280567737,2.465719127859123,13.832941920739696
2017-06-01,0.5166964801042908,1.7759639806870882,14.00818653291097,0.7351684219498661,2.453998463825122,14.00818653291097,0.7271183222177892,2.5099308086531242,13.80465132905088
2017-07-01,0.5193855539907449,1.8034087740388223,14.00818653291097,0.7326603438413224,2.4694307931444874,14.00818653291097,0.7230468665154488,2.5451144681044537,13.769918767663693
2017-08-01,0.5226074010175128,1.7969215047332474,14.00818653291097,0.7410243011091711,2.4653020083654407,14.00818653291097,0.7292562098894834,2.564234146502841,13.733543729055093
2017-09-01,0.5631706862897858,1.8000370709731939,14.008186532910972,0.7594507803557166,2.4438627580559125,14.00818653291097,0.7446143237381667,2.5679872018884864,13.667477459288332
2017-10-01,0.5882229722785085,1.7877098598556715,14.00818653291097,0.7872434799768201,2.4130889710141545,14.00818653291097,0.7698040331788741,2.5619976241859295,13.611810231806409
2017-11-01,0.6483033682511126,1.7877737452773672,14.00818653291097,0.8259077987882397,2.3694686971525645,14.00818653291097,0.8042092972274975,2.5439095777681766,13.509497732947796
2017-12-01,0.745796403260289,1.7924264952074846,14.008186532910967,0.8754153369075638,2.3126571646244405,14.00818653291097,0.8502649825081946,2.508811549713344,13.440716105947256
2018-01-01,0.8948163244845563,1.8013986704678269,14.008186532910965,0.9348420721853999,2.2421233819071755,14.008186532910967,0.9045560974226624,2.4588336512651336,13.347135732269937
2018-02-01,1.1084905447239572,1.8108836024606463,14.00818653291096,1.0142318706742282,2.1816559426445474,14.008186532910962,0.9823911878925249,2.4224725853371596,13.32084398830322
2018-03-01,1.3834693277401455,1.8124077742777114,14.008186532910951,1.1115993458058246,2.131562753371209,14.008186532910946,1.0871767491330975,2.403590910402711,13.228062855063552
2018-04-01,1.5961996133345826,1.7938506908951692,14.008186532910921,1.179008432712326,2.070591748712013,14.008186532910926,1.165722636188664,2.391134943263433,12.905333009972837
2018-05-01,1.7156815616280252,1.7215075940820856,14.00818653291089,1.2033894527607478,1.9702810254578769,14.00818653291089,1.201275255226947,2.3437470451956166,12.32515721300219
2018-06-01,1.7721354049251397,1.6228816919534377,14.008186532910827,1.2005523551323651,1.857428911687956,14.008186532910829,1.1704873785650696,2.2736113865297316,12.604440810245208
2018-07-01,1.7673756462092387,1.5005420346085934,14.008186532910731,1.2090192732712057,1.7406077033358858,14.008186532910731,1.1778141667985083,2.200806510222131,12.227945467899934
2018-08-01,1.836458829722785,1.3916682829985887,14.008186532910543,1.2420590482541012,1.6296725662289273,14.008186532910543,1.207223021672203,2.128398695184968,11.846717357046282
2018-09-01,1.9207629879735384,1.280292440153021,14.008186532910237,1.2691232575745175,1.5113170869293646,14.008186532910237,1.2377966155450086,2.032633196851164,11.518092213708751
2018-10-01,1.9375142553545144,1.2141626579611238,14.008186532909704,1.2661144956421986,1.3902161198729386,14.0081865329097,1.225740546799074,1.9275671776642764,10.91887512238537
2018-11-01,1.8962518440084182,1.1431428575382154,14.008186532908779,1.284843444439431,1.2957003582216011,14.008186532908775,1.2388079399971668,1.8500184145842358,11.058836524136558
2018-12-01,2.002139578091774,1.1074362664844244,14.008186532907175,1.3228643297300517,1.2290925262883947,14.008186532907176,1.398631967377191,1.9998330947802032,7.430069362454425
2019-01-01,2.035148506023921,1.0689435769004128,14.00818653290441,1.3468893966471926,1.161748766486613,14.008186532904412,1.3797918915757763,1.8989209123023154,9.229475725318594
2019-02-01,2.078056320628004,1.0270465081368831,14.008186532899636,1.3762875328858497,1.0996486808479007,14.008186532899634,1.3902230146849643,1.8354355328598662,9.906466647157902
2019-03-01,2.109373433872205,0.9846500511114333,14.008186532891388,1.3982798318775786,1.0357019468834125,14.00818653289139,1.4036173875175493,1.7944169686831302,8.51751295810606
2019-04-01,2.082666284324706,0.9541128339963373,14.00818653287717,1.4347790146651713,0.9803414158010453,14.008186532877172,1.4370110137574097,1.745248947874156,8.63369617680883
2019-05-01,2.148119797546355,0.9567415071687596,14.008186532852642,1.4702787760268283,0.9332329247246339,14.008186532852648,1.4724598325797644,1.677946505508704,8.86137582335376
2019-06-01,2.1909340456132727,0.9807084641998736,14.008186532810347,1.4863746883419673,0.9005328048918455,14.00818653281035,1.5080746761792816,1.6488400534872774,8.020409757128808
2019-07-01,2.183937911607463,1.0189233604706296,14.00818653273746,1.4730463599071433,0.8879620234787241,14.00818653273746,1.4341401877607098,1.533006300073066,6.580505914593438
2019-08-01,2.119113603137688,1.037684400252262,14.00818653261187,1.4778071685561938,0.9159759515872286,14.008186532611868,1.4430964156901447,1.426748936510208,6.740577052978175
2019-09-01,2.167086098602754,1.0743302733552034,14.00818653239558,1.504631452122847,0.975171969270413,14.00818653239558,1.6244199524314156,1.3179611660033537,5.466644356141799
2019-10-01,2.1571529825094244,1.0872744601492115,14.008186532023238,1.5143430519639716,1.0588741475650645,14.008186532023236,1.6367143053022952,1.4149666111814518,4.821411165858021
2019-11-01,2.116700151453896,1.1167625793469818,14.008186531382526,1.4985204926266975,1.1483326494615258,14.00818653138253,1.4804280301512243,1.696022420839677,3.8796085410671144
2019-12-01,2.0219515347872514,1.1438094550553024,14.00818653028052,1.4955850528955739,1.2152842188243476,14.008186530280517,1.4824122030831246,1.667342965520606,4.0516332895006375
2020-01-01,1.9695820966980084,1.1918496100584175,14.008186528385984,1.5068485592733458,1.2596658575931565,14.008186528385984,1.658788793914843,1.7133184854208494,3.345064477088745
2020-02-01,1.8546248061914863,1.2510522303648781,14.008186525130581,1.497182904970303,1.3081516018041905,14.008186525130586,1.7611096858551063,1.762320351032315,2.3481358690385687
2020-03-01,1.6879309881844209,1.3484190614185512,14.00818651953967,1.4694665380944305,1.3489142117665083,14.00818651953967,1.775551020832432,1.9273337546817981,1.2228443646739766
2020-04-01,1.4199220148583072,1.3003139657562384,14.008186509942881,1.4165187025630441,1.3847527784067597,14.008186509942883,1.2163316877905839,1.9047350856290313,3.6137944663915538
2020-05-01,1.0817745160585697,1.2939320917086794,14.00818649347935,1.4000835001579819,1.3994396254183779,14.008186493479347,1.2982782695153021,1.8239095347553833,5.183400730988741
2020-06-01,0.8301641474873421,1.2833740101908948,14.008186465252553,1.4075936826515065,1.3974774405907455,14.008186465252553,1.3762047409450018,1.7314345105456845,6.543564393458287
2020-07-01,0.6448901691841351,1.2666193367007286,14.008186416887845,1.4042713231733894,1.3906635011996649,14.008186416887842,1.3975909749172604,1.6442141152390233,7.649118617906306
2020-08-01,0.5097792358613576,1.2431824141420393,14.00818633407265,1.3726537056874548,1.371485843353615,14.00818633407265,1.3615018225783406,1.5662631984832867,8.499570817102551
2020-09-01,0.4151289500963828,1.2093063588046884,14.008186192365889,1.3609985508375848,1.3436503351982523,14.008186192365889,1.3515416669750973,1.4972299659075476,9.179234095215055
2020-10-01,0.3473349584460332,1.172723248581476,14.00818595006569,1.3716803201383148,1.3103949911148771,14.008185950065686,1.3733059236771787,1.4500178503765264,9.755000573264834
2020-11-01,0.30634796562242395,1.1264994455333692,14.008185536083442,1.3598493398620306,1.2862425643681752,14.008185536083445,1.3623675796785848,1.4239988393977423,10.216666490701975
2020-12-01,0.2898505106574496,1.0738000451253908,14.00818482935107,1.324838527097629,1.2657556322954735,14.00818482935107,1.3236040459446172,1.4036334844467468,10.615244355617621
2021-01-01,0.29632570629868765,1.0265284862364878,14.008183623892252,1.2931602719527846,1.2489537957873504,14.008183623892247,1.2923412757134283,1.3870307840168217,10.948305092460838
2021-02-01,0.3264939520472703,0.9999629250870234,14.008181569654324,1.2642204468296208,1.2320819585345748,14.008181569654319,1.2640728161631025,1.3657656820164314,11.24713381310923
2021-03-01,0.38103077628618104,1.0084295935239223,14.008178072420135,1.2034075511667248,1.199238189464351,14.008178072420135,1.2073269289376913,1.3202243237007332,11.52272551179573
2021-04-01,0.46545386663546084,1.0492950026708006,14.008172124756321,1.1090484527935343,1.132585537444523,14.008172124756324,1.1091267212817801,1.2371500807476146,11.849747397194479
2021-05-01,0.5869766758285917,1.1089419720711973,14.008162020948282,0.9849206240701361,1.1075766425604687,14.008162020948282,0.947630160486723,1.2066105327423275,11.444524488986485
2021-06-01,0.6519879626697258,1.1667945820612529,14.008144877163586,0.901861569709512,1.0937687336376625,14.008144877163586,0.8472468116515737,1.1941152747228034,10.824588202585248
2021-07-01,0.7357330398448333,1.2288583123525225,14.008115825337663,0.8572581832909452,1.0959993622950768,14.008115825337661,0.8036362294950551,1.1999303209241863,10.771522325281364
2021-08-01,0.8730376296138196,1.29696990735634,14.008066661811897,0.8479257531149914,1.1197993465145453,14.008066661811894,0.8194082962661645,1.2266315545938957,12.082065381479588
2021-09-01,1.0279883710017668,1.345663167734429,14.007983587259426,0.8519561427537056,1.1574219495763929,14.007983587259424,0.8556008085179856,1.291903595853925,12.71544984874133
2021-10-01,1.0832822318931683,1.314396269392886,14.0078434367272,0.8535749667259389,1.1965258734790503,14.0078434367272,0.857693142295667,1.3550845469830444,12.016195497593477
2021-11-01,1.1152234944964399,1.2854137905052143,14.007607409496213,0.8504652957384872,1.2277277431346874,14.007607409496213,0.8498450020598368,1.4151632785385055,10.7784922544367
2021-12-01,1.0803910370879832,1.2651967047237849,14.00721067518058,0.8416666973137426,1.2679999716957702,14.00721067518058,0.836224484178806,1.4293771699356044,12.049514536638956
2022-01-01,1.053383939483897,1.248737302309187,14.006545209174762,0.8485100627674727,1.3073915074379805,14.00654520917476,0.8416261865646187,1.4548884102304975,12.495862283515194
2022-02-01,1.095777258595491,1.2540358087229997,14.00543157169175,0.8750324696653367,1.3463632636500105,14.00543157169175,0.8676388963748377,1.4811362965074393,12.80563093320828
2022-03-01,1.2248256147555745,1.2879341563971425,14.003572750142505,0.9235119005479242,1.3914151523655722,14.003572750142505,0.9298881684333731,1.5172893237355045,12.696941852710147
2022-04-01,1.2455831034271883,1.315805863683916,14.00047914105846,0.9728993793690854,1.4190695936178255,14.000479141058456,0.977697275037826,1.526014122887759,12.937404113397445
2022-05-01,1.283565123446719,1.3424289792361803,13.995347584543039,1.0108826395052055,1.4155406854383086,13.995347584543035,1.0124809131397614,1.4990285633264373,13.154973267550348
2022-06-01,1.2276935619159368,1.3266579514217032,13.98686828080669,1.0471567681897171,1.4004487465996414,13.986868280806691,1.0476955016692149,1.4681697817596193,13.21591731786643
2022-07-01,1.2469676954870617,1.3299298868996057,13.972920747592578,1.065750415973829,1.3690756639445807,13.972920747592578,1.0646779294176403,1.4176183587604534,13.091297762631783
2022-08-01,1.194276704950252,1.3301653681847858,13.950104008819865,1.1010722385677008,1.3964642509974285,13.950104008819865,1.0998385902358785,1.438246857100546,13.181654496279194
2022-09-01,1.2339559416381825,1.3529450539993855,13.91303031566193,1.1549270218851018,1.4742356989658418,13.91303031566193,1.156230727195488,1.5120575547360398,13.241862063578647
2022-10-01,1.181080224083685,1.3375684795196483,13.853307236047547,1.1840699452379215,1.533889872405664,13.853307236047547,1.1847508169570036,1.5657611980891903,13.317688779585335
2022-11-01,1.2200890411567005,1.3473504636207632,13.758169027139013,1.182948029928222,1.5642751554476213,13.758169027139013,1.1796591716666767,1.5967883126399134,13.307384010565416
2022-12-01,1.1477789953181627,1.3030952498126447,13.6088576436154,1.1720854753044025,1.5776338744073897,13.6088576436154,1.1684186655432567,1.6055952604999613,13.173631485980135
2023-01-01,1.1322188504732682,1.2571209725402859,13.379207039890536,1.168046606849926,1.587517322644923,13.379207039890536,1.1630767038398584,1.6147303384056786,12.942690178392162
2023-02-01,1.1537078500065572,1.2049796034752558,13.035580882810786,1.1835488429118912,1.5889991630374682,13.035580882810786,1.1787551077436793,1.61101065992393,12.70051138319659
2023-03-01,1.2355380181215108,1.1599903908454814,12.540318997378145,1.214604873393341,1.5804620848810111,12.540318997378149,1.209773189254023,1.6046597028666902,12.15905364022115
2023-04-01,1.2406553007351617,1.0746919512370106,11.861491451273762,1.2434013249411466,1.563785534604042,11.86149145127376,1.2397427972393216,1.579817519731801,11.618905163904754
2023-05-01,1.2451706988836744,0.9901721567278544,10.990247959857298,1.2633579811728053,1.536929292463892,10.990247959857298,1.260526518977548,1.5461160145873838,10.798270879286225
2023-06-01,1.235721276928421,0.8973473457456529,9.961567813474005,1.268934565859707,1.4853733753391314,9.961567813474005,1.2688721153428022,1.4838184378977608,9.651920544669496
2023-07-01,1.1865870489922172,0.857060020229379,8.86760423950164,1.2915713122250274,1.4484259752428148,8.86760423950164,1.288728468649057,1.4523195236489974,8.719481901905024
2023-08-01,1.1718085350109193,0.8398043537630914,7.856748489154613,1.3268646098879708,1.3996086009291195,7.856748489154613,1.324561149504604,1.4027902982422937,7.744909830532375
2023-09-01,1.2492842658304886,0.838719886288604,7.141428428542853,1.365349818507979,1.3463249336511425,7.141428428542853,1.3724752147535293,1.3414036410430692,6.832352978121929
