date,date_month,lambda,q_full,q_5,d_2,d_4,kappa5_2,kappa5_4,max_interval_residual,solver_backend
2007-12-01,2007-12,0.01,0.6736260835367849,0.06355849341211009,1,1,0.2413045870752756,0.2413045870752756,1.9592740151474088e-11,dense_generalized_eigh
2007-12-01,2007-12,0.010473708979594498,0.664168867493173,0.06300010237585345,1,1,0.2413045870752756,0.2413045870752756,1.9592740151474088e-11,dense_generalized_eigh
2007-12-01,2007-12,0.010969857978923836,0.6545731497004637,0.06242911340911022,1,1,0.2413045870752756,0.2413045870752756,1.9592740151474088e-11,dense_generalized_eigh
2007-12-01,2007-12,0.011489510001873092,0.6448446476788043,0.06184572730200544,1,1,0.2413045870752756,0.2413045870752756,1.9592740151474088e-11,dense_generalized_eigh
2007-12-01,2007-12,0.012033778407775893,0.6349895077704137,0.06125018075559405,1,1,0.2413045870752756,0.2413045870752756,1.9592740151474088e-11,dense_generalized_eigh
2007-12-01,2007-12,0.012603829296797275,0.6250142977449297,0.06064274699617611,1,1,0.2413045870752756,0.2413045870752756,1.9592740151474088e-11,dense_generalized_eigh
2007-12-01,2007-12,0.01320088400831418,0.6149259967930704,0.060023736198592456,1,1,0.2413045870752756,0.2413045870752756,1.9592740151474088e-11,dense_generalized_eigh
2007-12-01,2007-12,0.013826221737646556,0.6047319828598219,0.05939349570377082,1,1,0.2413045870752756,0.2413045870752756,1.9592740151474088e-11,dense_generalized_eigh
2007-12-01,2007-12,0.014481182276745337,0.5944400172934025,0.05875241001720846,1,1,0.2413045870752756,0.2413045870752756,1.9592740151474088e-11,dense_generalized_eigh
2007-12-01,2007-12,0.015167168884709226,0.5840582268131699,0.058100900576792396,1,1,0.2413045870752756,0.2413045870752756,1.9592740151474088e-11,dense_generalized_eigh
2007-12-01,2007-12,0.015885651294280528,0.5735950828281061,0.057439425280365,1,1,0.2413045870752756,0.2413045870752756,1.9592740151474088e-11,dense_generalized_eigh
2007-12-01,2007-12,0.01663816886076129,0.5630593781671649,0.0567684777657254,1,1,0.2413045870752756,0.2413045870752756,1.9592740151474088e-11,dense_generalized_eigh
2007-12-01,2007-12,0.0174263338600965,0.5524602013131553,0.05608858643828987,1,1,0.2413045870752756,0.2413045870752756,1.9592740151474088e-11,dense_generalized_eigh
2007-12-01,2007-12,0.018251834943190434,0.5418069082624526,0.05540031324438811,1,1,0.2413045870752756,0.2413045870752756,1.9592740151474088e-11,dense_generalized_eigh
2007-12-01,2007-12,0.019116440753857017,0.5311090921632048,0.05470425219110592,1,1,0.2413045870752756,0.2413045870752756,1.9592740151474088e-11,dense_generalized_eigh
2007-12-01,2007-12,0.020022003718155844,0.5203765509142437,0.054001027616654165,1,1,0.2413045870752756,0.2413045870752756,1.9592740151474088e-11,dense_generalized_eigh
2007-12-01,2007-12,0.02097046401323233,0.5096192529350748,0.053291292218395736,1,1,0.2413045870752756,0.2413045870752756,1.9592740151474088e-11,dense_generalized_eigh
2007-12-01,2007-12,0.02196385372416546,0.49884730134355504,0.052575724848841036,1,1,0.2413045870752756,0.2413045870752756,1.9592740151474088e-11,dense_generalized_eigh
2007-12-01,2007-12,0.02300430119772918,0.48807089680161114,0.05185502809306712,1,1,0.2413045870752756,0.2413045870752756,1.9592740151474088e-11,dense_generalized_eigh
2007-12-01,2007-12,0.024094035602395245,0.4773002993101071,0.05112992564406365,1,1,0.2413045870752756,0.2413045870752756,1.9592740151474088e-11,dense_generalized_eigh
2007-12-01,2007-12,0.02523539170434766,0.4665457892512441,0.050401159495396836,1,1,0.2413045870752756,0.2413045870752756,1.9592740151474088e-11,dense_generalized_eigh
2007-12-01,2007-12,0.026430814869741057,0.4558176279903028,0.04966948697325031,1,1,0.2413045870752756,0.2413045870752756,1.9592740151474088e-11,dense_generalized_eigh
2007-12-01,2007-12,0.027682866303920667,0.4451260183577231,0.04893567763228873,1,1,0.2413045870752756,0.2413045870752756,1.9592740151474088e-11,dense_generalized_eigh
2007-12-01,2007-12,0.028994228538828767,0.4344810653372745,0.04820051004184404,1,1,0.2413045870752756,0.2413045870752756,1.9592740151474088e-11,dense_generalized_eigh
2007-12-01,2007-12,0.030367711180354574,0.42389273728618754,0.04746476849059829,1,1,0.2413045870752756,0.2413045870752756,1.9592740151474088e-11,dense_generalized_eigh
2007-12-01,2007-12,0.031806256927941194,0.41337082800857594,0.04672923963919148,1,1,0.2413045870752756,0.2413045870752756,1.9592740151474088e-11,dense_generalized_eigh
2007-12-01,2007-12,0.03331294787934674,0.40292491999430335,0.04599470915098878,1,1,0.2413045870752756,0.2413045870752756,1.9592740151474088e-11,dense_generalized_eigh
2007-12-01,2007-12,0.034891012134067735,0.39256434912179555,0.04526195833158054,1,1,0.2413045870752756,0.2413045870752756,1.9592740151474088e-11,dense_generalized_eigh
2007-12-01,2007-12,0.03654383070957257,0.382298171105421,0.044531760807451234,1,1,0.2413045870752756,0.2413045870752756,1.9592740151474088e-11,dense_generalized_eigh
2007-12-01,2007-12,0.03827494478516311,0.3721351299462885,0.04380487927364436,1,1,0.2413045870752756,0.2413045870752756,1.9592740151474088e-11,dense_generalized_eigh
2007-12-01,2007-12,0.04008806328898465,0.36208362862007715,0.04308206233918309,1,1,0.2413045870752756,0.2413045870752756,1.9592740151474088e-11,dense_generalized_eigh
2007-12-01,2007-12,0.0419870708444391,0.35215170220731523,0.04236404149750653,1,1,0.2413045870752756,0.2413045870752756,1.9592740151474088e-11,dense_generalized_eigh
2007-12-01,2007-12,0.043976036093027214,0.3423469936409088,0.04165152824728324,1,1,0.2413045870752756,0.2413045870752756,1.9592740151474088e-11,dense_generalized_eigh
2007-12-01,2007-12,0.04605922041145106,0.332676732213293,0.040945211386712435,1,1,0.2413045870752756,0.2413045870752756,1.9592740151474088e-11,dense_generalized_eigh
2007-12-01,2007-12,0.04824108704165369,0.32314771495195027,0.04024575450186683,1,1,0.2413045870752756,0.2413045870752756,1.9592740151474088e-11,dense_generalized_eigh
2007-12-01,2007-12,0.0505263106533568,0.3137662909378498,0.03955379366683026,1,1,0.2413045870752756,0.2413045870752756,1.9592740151474088e-11,dense_generalized_eigh
2007-12-01,2007-12,0.05291978735958442,0.3045383486072205,0.03886993537039442,1,1,0.2413045870752756,0.2413045870752756,1.9592740151474088e-11,dense_generalized_eigh
2007-12-01,2007-12,0.05542664520663107,0.29546930604357746,0.038194754680967766,1,1,0.2413045870752756,0.2413045870752756,1.9592740151474088e-11,dense_generalized_eigh
2007-12-01,2007-12,0.05805225516094899,0.2865641042346396,0.03752879365817813,1,1,0.2413045870752756,0.2413045870752756,1.9592740151474088e-11,dense_generalized_eigh
2007-12-01,2007-12,0.06080224261649424,0.2778272032381988,0.03687256001647883,1,1,0.2413045870752756,0.2413045870752756,1.9592740151474088e-11,dense_generalized_eigh
2007-12-01,2007-12,0.06368249944718586,0.26926258117258806,0.036226526042957896,1,1,0.2413045870752756,0.2413045870752756,1.9592740151474088e-11,dense_generalized_eigh
2007-12-01,2007-12,0.06669919663030122,0.2608737359215015,0.03559112776855111,1,1,0.2413045870752756,0.2413045870752756,1.9592740151474088e-11,dense_generalized_eigh
2007-12-01,2007-12,0.0698587974678525,0.2526636894198732,0.03496676438902538,1,1,0.2413045870752756,0.2413045870752756,1.9592740151474088e-11,dense_generalized_eigh
2007-12-01,2007-12,0.07316807143427195,0.2446349943675108,0.03435379792946629,1,1,0.2413045870752756,0.2413045870752756,1.9592740151474088e-11,dense_generalized_eigh
2007-12-01,2007-12,0.07663410868007459,0.23678974320038554,0.03375255314361189,1,1,0.2413045870752756,0.2413045870752756,1.9592740151474088e-11,dense_generalized_eigh
2007-12-01,2007-12,0.08026433522257174,0.2291295791359485,0.033163317637248085,1,1,0.2413045870752756,0.2413045870752756,1.9592740151474088e-11,dense_generalized_eigh
2007-12-01,2007-12,0.08406652885618325,0.22165570909857893,0.03258634220303906,1,1,0.2413045870752756,0.2413045870752756,1.9592740151474088e-11,dense_generalized_eigh
2007-12-01,2007-12,0.08804883581643465,0.21436891832421642,0.032021841352623634,1,1,0.2413045870752756,0.2413045870752756,1.9592740151474088e-11,dense_generalized_eigh
2007-12-01,2007-12,0.09221978823334327,0.20726958643924726,0.03146999403056551,1,1,0.2413045870752756,0.2413045870752756,1.9592740151474088e-11,dense_generalized_eigh
2007-12-01,2007-12,0.09658832241158703,0.20035770480763815,0.030930944493804152,1,1,0.2413045870752756,0.2413045870752756,1.9592740151474088e-11,dense_generalized_eigh
2007-12-01,2007-12,0.1011637979766207,0.19363289494192246,0.030404803339603177,1,1,0.2413045870752756,0.2413045870752756,1.9592740151474088e-11,dense_generalized_eigh
2007-12-01,2007-12,0.10595601792776159,0.18709442777768667,0.029891648664621004,1,1,0.2413045870752756,0.2413045870752756,1.9592740151474088e-11,dense_generalized_eigh
2007-12-01,2007-12,0.11097524964120721,0.18074124361742258,0.029391527337618344,1,1,0.2413045870752756,0.2413045870752756,1.9592740151474088e-11,dense_generalized_eigh
2007-12-01,2007-12,0.11623224686798524,0.17457197255768847,0.028904456368445075,1,1,0.2413045870752756,0.2413045870752756,1.9592740151474088e-11,dense_generalized_eigh
2007-12-01,2007-12,0.12173827277396614,0.16858495522320183,0.028430424356292977,1,1,0.2413045870752756,0.2413045870752756,1.9592740151474088e-11,dense_generalized_eigh
2007-12-01,2007-12,0.12750512407130135,0.16277826364243486,0.02796939300073406,1,1,0.2413045870752756,0.2413045870752756,1.9592740151474088e-11,dense_generalized_eigh
2007-12-01,2007-12,0.13354515629298988,0.15714972211124395,0.027521298659759955,1,1,0.2413045870752756,0.2413045870752756,1.9592740151474088e-11,dense_generalized_eigh
2007-12-01,2007-12,0.13987131026472385,0.1516969279037451,0.0270860539398695,1,1,0.2413045870752756,0.2413045870752756,1.9592740151474088e-11,dense_generalized_eigh
2007-12-01,2007-12,0.14649713983072857,0.1464172717027974,0.026663549304192173,1,1,0.2413045870752756,0.2413045870752756,1.9592740151474088e-11,dense_generalized_eigh
2007-12-01,2007-12,0.15343684089300125,0.14130795763582976,0.02625365468565838,1,1,0.2413045870752756,0.2413045870752756,1.9592740151474088e-11,dense_generalized_eigh
2007-12-01,2007-12,0.16070528182616392,0.13636602281514482,0.025856221093310455,1,1,0.2413045870752756,0.2413045870752756,1.9592740151474088e-11,dense_generalized_eigh
2007-12-01,2007-12,0.16831803533309567,0.13158835629504367,0.02547108220096661,1,1,0.2413045870752756,0.2413045870752756,1.9592740151474088e-11,dense_generalized_eigh
2007-12-01,2007-12,0.1762914118095948,0.12697171737099566,0.025098055908584778,1,1,0.2413045870752756,0.2413045870752756,1.9592740151474088e-11,dense_generalized_eigh
2007-12-01,2007-12,0.18464249428955434,0.12251275315846996,0.024736945867804987,1,1,0.2413045870752756,0.2413045870752756,1.9592740151474088e-11,dense_generalized_eigh
2007-12-01,2007-12,0.1933891750455231,0.11820801540084656,0.024387542964261752,1,1,0.2413045870752756,0.2413045870752756,1.9592740151474088e-11,dense_generalized_eigh
2007-12-01,2007-12,0.20255019392306675,0.11405397646694207,0.024049626750339094,1,1,0.2413045870752756,0.2413045870752756,1.9592740151474088e-11,dense_generalized_eigh
2007-12-01,2007-12,0.21214517849106299,0.11004704450904396,0.023722966823076935,1,1,0.2413045870752756,0.2413045870752756,1.9592740151474088e-11,dense_generalized_eigh
2007-12-01,2007-12,0.22219468609395238,0.1061835777619117,0.023407324142921734,1,1,0.2413045870752756,0.2413045870752756,1.9592740151474088e-11,dense_generalized_eigh
2007-12-01,2007-12,0.23272024789604084,0.10245989797193367,0.023102452289937663,1,1,0.2413045870752756,0.2413045870752756,1.9592740151474088e-11,dense_generalized_eigh
2007-12-01,2007-12,0.24374441501222205,0.09887230295351754,0.022808098654952338,1,1,0.2413045870752756,0.2413045870752756,1.9592740151474088e-11,dense_generalized_eigh
2007-12-01,2007-12,0.2552908068239518,0.09541707827684633,0.022524005563900683,1,1,0.2413045870752756,0.2413045870752756,1.9592740151474088e-11,dense_generalized_eigh
2007-12-01,2007-12,0.26738416158399464,0.09209050809735649,0.022249911334348796,1,1,0.2413045870752756,0.2413045870752756,1.9592740151474088e-11,dense_generalized_eigh
2007-12-01,2007-12,0.2800503894183631,0.08888888514272494,0.021985551263826886,1,1,0.2413045870752756,0.2413045870752756,1.9592740151474088e-11,dense_generalized_eigh
2007-12-01,2007-12,0.29331662783900436,0.08580851987781478,0.021730658550177195,1,1,0.2413045870752756,0.2413045870752756,1.9592740151474088e-11,dense_generalized_eigh
2007-12-01,2007-12,0.30721129988617574,0.08284574887196808,0.021484965144630563,1,1,0.2413045870752756,0.2413045870752756,1.9592740151474088e-11,dense_generalized_eigh
2007-12-01,2007-12,0.3217641750250737,0.0799969423962938,0.02124820253876688,1,1,0.2413045870752756,0.2413045870752756,1.9592740151474088e-11,dense_generalized_eigh
2007-12-01,2007-12,0.33700643292719284,0.07725851128122625,0.021020102486892903,1,1,0.2413045870752756,0.2413045870752756,1.9592740151474088e-11,dense_generalized_eigh
2007-12-01,2007-12,0.352970730273065,0.07462691306667738,0.02080039766568958,1,1,0.2413045870752756,0.2413045870752756,1.9592740151474088e-11,dense_generalized_eigh
2007-12-01,2007-12,0.3696912707195028,0.07209865747862595,0.02058882227324433,1,1,0.2413045870752756,0.2413045870752756,1.9592740151474088e-11,dense_generalized_eigh
2007-12-01,2007-12,0.3872038781812555,0.06967031126702612,0.02038511256979514,1,1,0.2413045870752756,0.2413045870752756,1.9592740151474088e-11,dense_generalized_eigh
2007-12-01,2007-12,0.40554607358408296,0.06733850244053388,0.020189007362678354,1,1,0.2413045870752756,0.2413045870752756,1.9592740151474088e-11,dense_generalized_eigh
2007-12-01,2007-12,0.42475715525368984,0.065099923933787,0.02000024843809381,1,1,0.2413045870752756,0.2413045870752756,1.9592740151474088e-11,dense_generalized_eigh
2007-12-01,2007-12,0.4448782831127585,0.06295133674287795,0.01981858094238477,1,1,0.2413045870752756,0.2413045870752756,1.9592740151474088e-11,dense_generalized_eigh
2007-12-01,2007-12,0.4659525668664682,0.06088957256428211,0.019643753715579693,1,1,0.2413045870752756,0.2413045870752756,1.9592740151474088e-11,dense_generalized_eigh
2007-12-01,2007-12,0.48802515836544313,0.05891153597187557,0.019475519579962224,1,1,0.2413045870752756,0.2413045870752756,1.9592740151474088e-11,dense_generalized_eigh
2007-12-01,2007-12,0.5111433483440168,0.05701420616584815,0.01931363558642931,1,1,0.2413045870752756,0.2413045870752756,1.9592740151474088e-11,dense_generalized_eigh
2007-12-01,2007-12,0.5353566677410724,0.05519463832631527,0.019157863221367897,1,1,0.2413045870752756,0.2413045870752756,1.9592740151474088e-11,dense_generalized_eigh
2007-12-01,2007-12,0.5607169938205459,0.05344996460329319,0.019007968576732304,1,1,0.2413045870752756,0.2413045870752756,1.9592740151474088e-11,dense_generalized_eigh
2007-12-01,2007-12,0.5872786613189482,0.05177739477345632,0.01886372248594004,1,1,0.2413045870752756,0.2413045870752756,1.9592740151474088e-11,dense_generalized_eigh
2007-12-01,2007-12,0.6150985788580501,0.05017421659276461,0.018724900628126005,1,1,0.2413045870752756,0.2413045870752756,1.9592740151474088e-11,dense_generalized_eigh
2007-12-01,2007-12,0.6442363508721374,0.048637795872663606,0.01859128360320708,1,1,0.2413045870752756,0.2413045870752756,1.9592740151474088e-11,dense_generalized_eigh
2007-12-01,2007-12,0.6747544053110693,0.047165576306133584,0.018462656980112718,1,1,0.2413045870752756,0.2413045870752756,1.9592740151474088e-11,dense_generalized_eigh
2007-12-01,2007-12,0.7067181273927491,0.04575507906842072,0.01833881132043482,1,1,0.2413045870752756,0.2413045870752756,1.9592740151474088e-11,dense_generalized_eigh
2007-12-01,2007-12,0.7401959996915645,0.04440390221583493,0.018219542179643555,1,1,0.2413045870752756,0.2413045870752756,1.9592740151474088e-11,dense_generalized_eigh
2007-12-01,2007-12,0.775259748862946,0.043109719904560785,0.01810465008790676,1,1,0.2413045870752756,0.2413045870752756,1.9592740151474088e-11,dense_generalized_eigh
2007-12-01,2007-12,0.8119844993184013,0.04187028145001028,0.01799394051244032,1,1,0.2413045870752756,0.2413045870752756,1.9592740151474088e-11,dense_generalized_eigh
2007-12-01,2007-12,0.8504489341802677,0.040683410245860176,0.01788722380320694,1,1,0.2413045870752756,0.2413045870752756,1.9592740151474088e-11,dense_generalized_eigh
2007-12-01,2007-12,0.890735463861044,0.039547002560566806,0.01778431512367177,1,1,0.2413045870752756,0.2413045870752756,1.9592740151474088e-11,dense_generalized_eigh
2007-12-01,2007-12,0.9329304026284686,0.03845902622784839,0.0176850343682168,1,1,0.2413045870752756,0.2413045870752756,1.9592740151474088e-11,dense_generalized_eigh
2007-12-01,2007-12,0.9771241535346497,0.03741751924636895,0.017589206067711943,1,1,0.2413045870752756,0.2413045870752756,1.9592740151474088e-11,dense_generalized_eigh
2007-12-01,2007-12,1.0234114021054528,0.03642058830265682,0.01749665928464054,1,1,0.2413045870752756,0.2413045870752756,1.9592740151474088e-11,dense_generalized_eigh
2007-12-01,2007-12,1.0718913192051276,0.03546640723014395,0.01740722749908061,1,1,0.2413045870752756,0.2413045870752756,1.9592740151474088e-11,dense_generalized_eigh
2007-12-01,2007-12,1.1226677735108135,0.03455321541612334,0.01732074848675125,1,1,0.2413045870752756,0.2413045870752756,1.9592740151474088e-11,dense_generalized_eigh
2007-12-01,2007-12,1.175849554052157,0.033679316167390685,0.017237064190246523,1,1,0.2413045870752756,0.2413045870752756,1.9592740151474088e-11,dense_generalized_eigh
2007-12-01,2007-12,1.231550603292826,0.032843075044363915,0.017156020584496667,1,1,0.2413045870752756,0.2413045870752756,1.9592740151474088e-11,dense_generalized_eigh
2007-12-01,2007-12,1.289890261253308,0.032042918172559276,0.01707746753741966,1,1,0.2413045870752756,0.2413045870752756,1.9592740151474088e-11,dense_generalized_eigh
2007-12-01,2007-12,1.3509935211980264,0.0312773305394451,0.01700125866665392,1,1,0.2413045870752756,0.2413045870752756,1.9592740151474088e-11,dense_generalized_eigh
2007-12-01,2007-12,1.414991297434576,0.030544854283892354,0.016927251193196498,1,1,0.2413045870752756,0.2413045870752756,1.9592740151474088e-11,dense_generalized_eigh
2007-12-01,2007-12,1.4820207057988586,0.02984408698469375,0.016855305792709538,1,1,0.2413045870752756,0.2413045870752756,1.9592740151474088e-11,dense_generalized_eigh
2007-12-01,2007-12,1.552225357427048,0.029173679953927754,0.01678528644520171,1,1,0.2413045870752756,0.2413045870752756,1.9592740151474088e-11,dense_generalized_eigh
2007-12-01,2007-12,1.625755666443795,0.028532336540299682,0.01671706028374029,1,1,0.2413045870752756,0.2413045870752756,1.9592740151474088e-11,dense_generalized_eigh
2007-12-01,2007-12,1.7027691722258995,0.02791881044699527,0.016650497442803718,1,1,0.2413045870752756,0.2413045870752756,1.9592740151474088e-11,dense_generalized_eigh
2007-12-01,2007-12,1.7834308769319094,0.027331904068032195,0.01658547090684342,1,1,0.2413045870752756,0.2413045870752756,1.9592740151474088e-11,dense_generalized_eigh
2007-12-01,2007-12,1.8679135990207827,0.026770466846588764,0.01652185635958792,1,1,0.2413045870752756,0.2413045870752756,1.9592740151474088e-11,dense_generalized_eigh
2007-12-01,2007-12,1.9563983435170649,0.026233393658323407,0.016459532034590624,1,1,0.2413045870752756,0.2413045870752756,1.9592740151474088e-11,dense_generalized_eigh
2007-12-01,2007-12,2.049074689815848,0.025719623222273596,0.01639837856749643,1,1,0.2413045870752756,0.2413045870752756,1.9592740151474088e-11,dense_generalized_eigh
2007-12-01,2007-12,2.1461411978584035,0.025228136541533247,0.01633827885047966,1,1,0.2413045870752756,0.2413045870752756,1.9592740151474088e-11,dense_generalized_eigh
2007-12-01,2007-12,2.247805833548725,0.024757955375553455,0.016279117889288184,1,1,0.2413045870752756,0.2413045870752756,1.9592740151474088e-11,dense_generalized_eigh
2007-12-01,2007-12,2.354286414322418,0.024308140745589513,0.016220782663314805,1,1,0.2413045870752756,0.2413045870752756,1.9592740151474088e-11,dense_generalized_eigh
2007-12-01,2007-12,2.4658110758226037,0.023877791474525015,0.016163161989106868,1,1,0.2413045870752756,0.2413045870752756,1.9592740151474088e-11,dense_generalized_eigh
2007-12-01,2007-12,2.5826187606826774,0.02346604276204054,0.0161061463877194,1,1,0.2413045870752756,0.2413045870752756,1.9592740151474088e-11,dense_generalized_eigh
2007-12-01,2007-12,2.704959730463134,0.0230720647958568,0.016049627956314302,1,1,0.2413045870752756,0.2413045870752756,1.9592740151474088e-11,dense_generalized_eigh
2007-12-01,2007-12,2.833096101839324,0.022695061399568922,0.01599350024440921,1,1,0.2413045870752756,0.2413045870752756,1.9592740151474088e-11,dense_generalized_eigh
2007-12-01,2007-12,2.9673024081888695,0.022334268717398267,0.015937658135183722,1,1,0.2413045870752756,0.2413045870752756,1.9592740151474088e-11,dense_generalized_eigh
2007-12-01,2007-12,3.107866187782014,0.02198895393601782,0.01588199773225764,1,1,0.2413045870752756,0.2413045870752756,1.9592740151474088e-11,dense_generalized_eigh
2007-12-01,2007-12,3.2550885998350596,0.021658414043457183,0.015826416252365808,1,1,0.2413045870752756,0.2413045870752756,1.9592740151474088e-11,dense_generalized_eigh
2007-12-01,2007-12,3.409285069746811,0.02134197462495993,0.015770811924366256,1,1,0.2413045870752756,0.2413045870752756,1.9592740151474088e-11,dense_generalized_eigh
2007-12-01,2007-12,3.5707859649004625,0.021038988695549682,0.01571508389503262,1,1,0.2413045870752756,0.2413045870752756,1.9592740151474088e-11,dense_generalized_eigh
2007-12-01,2007-12,3.739937302478798,0.02074883556895963,0.015659132142098256,1,1,0.2413045870752756,0.2413045870752756,1.9592740151474088e-11,dense_generalized_eigh
2007-12-01,2007-12,3.9171014908092605,0.02047091976249228,0.015602857395036997,1,1,0.2413045870752756,0.2413045870752756,1.9592740151474088e-11,dense_generalized_eigh
2007-12-01,2007-12,4.102658105827195,0.02020466993730105,0.015546161064084404,1,1,0.2413045870752756,0.2413045870752756,1.9592740151474088e-11,dense_generalized_eigh
2007-12-01,2007-12,4.297004704320839,0.019949537873521397,0.015488945178022857,1,1,0.2413045870752756,0.2413045870752756,1.9592740151474088e-11,dense_generalized_eigh
2007-12-01,2007-12,4.500557675700498,0.019704997479626153,0.015431112331273726,1,1,0.2413045870752756,0.2413045870752756,1.9592740151474088e-11,dense_generalized_eigh
2007-12-01,2007-12,4.7137531341167245,0.019470543835336,0.015372565640859193,1,1,0.2413045870752756,0.2413045870752756,1.9592740151474088e-11,dense_generalized_eigh
2007-12-01,2007-12,4.937047852839004,0.01924569226738118,0.015313208713815155,1,1,0.2413045870752756,0.2413045870752756,1.9592740151474088e-11,dense_generalized_eigh
2007-12-01,2007-12,5.17092024289676,0.019029977457383933,0.015252945625653672,1,1,0.2413045870752756,0.2413045870752756,1.9592740151474088e-11,dense_generalized_eigh
2007-12-01,2007-12,5.415871378079471,0.018822952581111475,0.015191680910488784,1,1,0.2413045870752756,0.2413045870752756,1.9592740151474088e-11,dense_generalized_eigh
2007-12-01,2007-12,5.672426068491977,0.01862418847833662,0.015129319563451572,1,1,0.2413045870752756,0.2413045870752756,1.9592740151474088e-11,dense_generalized_eigh
2007-12-01,2007-12,5.941133984965034,0.01843327285253646,0.015065767056029066,1,1,0.2413045870752756,0.2413045870752756,1.9592740151474088e-11,dense_generalized_eigh
2007-12-01,2007-12,6.222570836730231,0.01824980949965817,0.015000929364965805,1,1,0.2413045870752756,0.2413045870752756,1.9592740151474088e-11,dense_generalized_eigh
2007-12-01,2007-12,6.517339604882427,0.018073417565185046,0.014934713015365456,1,1,0.2413045870752756,0.2413045870752756,1.9592740151474088e-11,dense_generalized_eigh
2007-12-01,2007-12,6.826071834272386,0.01790373082874415,0.014867025138622378,1,1,0.2413045870752756,0.2413045870752756,1.9592740151474088e-11,dense_generalized_eigh
2007-12-01,2007-12,7.149428986597577,0.017740397015509834,0.01479777354579798,1,1,0.2413045870752756,0.2413045870752756,1.9592740151474088e-11,dense_generalized_eigh
2007-12-01,2007-12,7.488103857590023,0.01758307713367371,0.014726866817033203,1,1,0.2413045870752756,0.2413045870752756,1.9592740151474088e-11,dense_generalized_eigh
2007-12-01,2007-12,7.842822061337682,0.017431444837271774,0.014654214407555453,1,1,0.2413045870752756,0.2413045870752756,1.9592740151474088e-11,dense_generalized_eigh
2007-12-01,2007-12,8.21434358491943,0.017285185813682602,0.014579726770794714,1,1,0.2413045870752756,0.2413045870752756,1.9592740151474088e-11,dense_generalized_eigh
2007-12-01,2007-12,8.603464416684501,0.017143997195136703,0.014503315499067866,1,1,0.2413045870752756,0.2413045870752756,1.9592740151474088e-11,dense_generalized_eigh
2007-12-01,2007-12,9.01101825166502,0.01700758699360602,0.014424893482222154,1,1,0.2413045870752756,0.2413045870752756,1.9592740151474088e-11,dense_generalized_eigh
2007-12-01,2007-12,9.437878277775381,0.016875673558473823,0.01434437508454614,1,1,0.2413045870752756,0.2413045870752756,1.9592740151474088e-11,dense_generalized_eigh
2007-12-01,2007-12,9.884959046625585,0.016747985056418974,0.014261676340159322,1,1,0.2413045870752756,0.2413045870752756,1.9592740151474088e-11,dense_generalized_eigh
2007-12-01,2007-12,10.353218432956627,0.016624258972983964,0.014176715166978358,1,1,0.2413045870752756,0.2413045870752756,1.9592740151474088e-11,dense_generalized_eigh
2007-12-01,2007-12,10.843659686896109,0.016504241635333948,0.014089411599228028,1,1,0.2413045870752756,0.2413045870752756,1.9592740151474088e-11,dense_generalized_eigh
2007-12-01,2007-12,11.357333583431052,0.016387687755752854,0.013999688038317954,1,1,0.2413045870752756,0.2413045870752756,1.9592740151474088e-11,dense_generalized_eigh
2007-12-01,2007-12,11.895340673703195,0.01627435999546364,0.013907469521741433,1,1,0.2413045870752756,0.2413045870752756,1.9592740151474088e-11,dense_generalized_eigh
2007-12-01,2007-12,12.458833642950081,0.01616402854840162,0.013812684009470295,1,1,0.2413045870752756,0.2413045870752756,1.9592740151474088e-11,dense_generalized_eigh
2007-12-01,2007-12,13.049019780144029,0.016056470744612982,0.013715262687119608,1,1,0.2413045870752756,0.2413045870752756,1.9592740151474088e-11,dense_generalized_eigh
2007-12-01,2007-12,13.667163564620074,0.015951470672994687,0.013615140284939061,1,1,0.2413045870752756,0.2413045870752756,1.9592740151474088e-11,dense_generalized_eigh
2007-12-01,2007-12,14.314589375234785,0.01584881882313676,0.013512255411454668,1,1,0.2413045870752756,0.2413045870752756,1.9592740151474088e-11,dense_generalized_eigh
2007-12-01,2007-12,14.992684327860456,0.015748311746073208,0.01340655090033664,1,1,0.2413045870752756,0.2413045870752756,1.9592740151474088e-11,dense_generalized_eigh
2007-12-01,2007-12,15.702901247293775,0.01564975173379331,0.013297974168808551,1,1,0.2413045870752756,0.2413045870752756,1.9592740151474088e-11,dense_generalized_eigh
2007-12-01,2007-12,16.446761779946645,0.015552946517410498,0.013186477585641974,1,1,0.2413045870752756,0.2413045870752756,1.9592740151474088e-11,dense_generalized_eigh
2007-12-01,2007-12,17.225859653987875,0.015457708983930995,0.013072018846502243,1,1,0.2413045870752756,0.2413045870752756,1.9592740151474088e-11,dense_generalized_eigh
2007-12-01,2007-12,18.04186409392072,0.01536385691160877,0.012954561354128728,1,1,0.2413045870752756,0.2413045870752756,1.9592740151474088e-11,dense_generalized_eigh
2007-12-01,2007-12,18.896523396912098,0.015271212723916523,0.012834074600550936,1,1,0.2413045870752756,0.2413045870752756,1.9592740151474088e-11,dense_generalized_eigh
2007-12-01,2007-12,19.791668678535572,0.015179603262203998,0.012710534548264813,1,1,0.2413045870752756,0.2413045870752756,1.9592740151474088e-11,dense_generalized_eigh
2007-12-01,2007-12,20.72921779595372,0.015088859577154484,0.012583924007026643,1,1,0.2413045870752756,0.2413045870752756,1.9592740151474088e-11,dense_generalized_eigh
2007-12-01,2007-12,21.711179456945054,0.014998816739187217,0.012454233002671353,1,1,0.2413045870752756,0.2413045870752756,1.9592740151474088e-11,dense_generalized_eigh
2007-12-01,2007-12,22.739657523579275,0.014909313667987258,0.0123214591341332,1,1,0.2413045870752756,0.2413045870752756,1.9592740151474088e-11,dense_generalized_eigh
2007-12-01,2007-12,23.81685551976158,0.0148201929813741,0.01218560791464696,1,1,0.2413045870752756,0.2413045870752756,1.9592740151474088e-11,dense_generalized_eigh
2007-12-01,2007-12,24.945081352303166,0.014731300863745652,0.012046693092943088,1,1,0.2413045870752756,0.2413045870752756,1.9592740151474088e-11,dense_generalized_eigh
2007-12-01,2007-12,26.126752255633292,0.014642486954354161,0.011904736950127861,1,1,0.2413045870752756,0.2413045870752756,1.9592740151474088e-11,dense_generalized_eigh
2007-12-01,2007-12,27.36439997074672,0.014553604255684248,0.0117597705678658,1,1,0.2413045870752756,0.2413045870752756,1.9592740151474088e-11,dense_generalized_eigh
2007-12-01,2007-12,28.660676169482503,0.014464509062210145,0.01161183406346329,1,1,0.2413045870752756,0.2413045870752756,1.9592740151474088e-11,dense_generalized_eigh
2007-12-01,2007-12,30.01835813575589,0.014375060909807629,0.011460976787494755,1,1,0.2413045870752756,0.2413045870752756,1.9592740151474088e-11,dense_generalized_eigh
2007-12-01,2007-12,31.440354715915,0.014285122546086118,0.011307257479721687,1,1,0.2413045870752756,0.2413045870752756,1.9592740151474088e-11,dense_generalized_eigh
2007-12-01,2007-12,32.929712550971516,0.014194559921885973,0.011150744379233909,1,1,0.2413045870752756,0.2413045870752756,1.9592740151474088e-11,dense_generalized_eigh
2007-12-01,2007-12,34.489622604057594,0.014103242204154891,0.01099151528499537,1,1,0.2413045870752756,0.2413045870752756,1.9592740151474088e-11,dense_generalized_eigh
2007-12-01,2007-12,36.123426997094306,0.0140110418103741,0.010829657563304715,1,1,0.2413045870752756,0.2413045870752756,1.9592740151474088e-11,dense_generalized_eigh
2007-12-01,2007-12,37.83462617131929,0.013917834464648683,0.01066526809908434,1,1,0.2413045870752756,0.2413045870752756,1.9592740151474088e-11,dense_generalized_eigh
2007-12-01,2007-12,39.626886387014785,0.013823499275506388,0.01049845318838892,1,1,0.2413045870752756,0.2413045870752756,1.9592740151474088e-11,dense_generalized_eigh
2007-12-01,2007-12,41.50404757850477,0.01372791883536403,0.010329328370072135,1,1,0.2413045870752756,0.2413045870752756,1.9592740151474088e-11,dense_generalized_eigh
2007-12-01,2007-12,43.470131581250264,0.013630979341520076,0.010158018195163375,1,1,0.2413045870752756,0.2413045870752756,1.9592740151474088e-11,dense_generalized_eigh
2007-12-01,2007-12,45.52935074866948,0.01353257073841497,0.009984655933176993,1,1,0.2413045870752756,0.2413045870752756,1.9592740151474088e-11,dense_generalized_eigh
2007-12-01,2007-12,47.68611697714469,0.013432586880767044,0.009809383215296575,1,1,0.2413045870752756,0.2413045870752756,1.9592740151474088e-11,dense_generalized_eigh
2007-12-01,2007-12,49.9450511585514,0.013330925717041059,0.00963234961513455,1,1,0.2413045870752756,0.2413045870752756,1.9592740151474088e-11,dense_generalized_eigh
2007-12-01,2007-12,52.31099308056263,0.013227489492538581,0.009453712168550722,1,1,0.2413045870752756,0.2413045870752756,1.9592740151474088e-11,dense_generalized_eigh
2007-12-01,2007-12,54.78901179593945,0.0131221849712148,0.009273634834808555,1,1,0.2413045870752756,0.2413045870752756,1.9592740151474088e-11,dense_generalized_eigh
2007-12-01,2007-12,57.38441648302393,0.013014923675125545,0.009092287902140192,1,1,0.2413045870752756,0.2413045870752756,1.9592740151474088e-11,dense_generalized_eigh
2007-12-01,2007-12,60.10276782070382,0.012905622140192441,0.008909847341564489,1,1,0.2413045870752756,0.2413045870752756,1.9592740151474088e-11,dense_generalized_eigh
2007-12-01,2007-12,62.94988990221888,0.012794202186744536,0.008726494113541875,1,1,0.2413045870752756,0.2413045870752756,1.9592740151474088e-11,dense_generalized_eigh
2007-12-01,2007-12,65.93188271333548,0.012680591203053437,0.008542413432738734,1,1,0.2413045870752756,0.2413045870752756,1.9592740151474088e-11,dense_generalized_eigh
2007-12-01,2007-12,69.0551352016233,0.012564722439828308,0.008357793996798651,1,1,0.2413045870752756,0.2413045870752756,1.9592740151474088e-11,dense_generalized_eigh
2007-12-01,2007-12,72.32633896483533,0.012446535313380268,0.008172827185563298,1,1,0.2413045870752756,0.2413045870752756,1.9592740151474088e-11,dense_generalized_eigh
2007-12-01,2007-12,75.75250258771912,0.012325975714905749,0.007987706237640144,1,1,0.2413045870752756,0.2413045870752756,1.9592740151474088e-11,dense_generalized_eigh
2007-12-01,2007-12,79.34096665797492,0.01220299632308001,0.007802625411567003,1,1,0.2413045870752756,0.2413045870752756,1.9592740151474088e-11,dense_generalized_eigh
2007-12-01,2007-12,83.09941949353396,0.012077556916899018,0.007617779139066217,1,1,0.2413045870752756,0.2413045870752756,1.9592740151474088e-11,dense_generalized_eigh
2007-12-01,2007-12,87.03591361485165,0.0119496246854662,0.007433361178008735,1,1,0.2413045870752756,0.2413045870752756,1.9592740151474088e-11,dense_generalized_eigh
2007-12-01,2007-12,91.15888299750827,0.011819174531195046,0.007249563772716955,1,1,0.2413045870752756,0.2413045870752756,1.9592740151474088e-11,dense_generalized_eigh
2007-12-01,2007-12,95.47716114208056,0.01168618936269539,0.007066576829125283,1,1,0.2413045870752756,0.2413045870752756,1.9592740151474088e-11,dense_generalized_eigh
2007-12-01,2007-12,100.0,0.011550660373436564,0.006884587112091051,1,1,0.2413045870752756,0.2413045870752756,1.9592740151474088e-11,dense_generalized_eigh
2014-10-01,2014-10,0.01,0.6728362155680404,0.06350946421383909,1,1,0.03810423030069335,0.03810423030069335,1.558559970347962e-11,dense_generalized_eigh
2014-10-01,2014-10,0.010473708979594498,0.6633426348150812,0.06294873813169732,1,1,0.03810423030069335,0.03810423030069335,1.558559970347962e-11,dense_generalized_eigh
2014-10-01,2014-10,0.010969857978923836,0.6537094374702688,0.06237530361138363,1,1,0.03810423030069335,0.03810423030069335,1.558559970347962e-11,dense_generalized_eigh
2014-10-01,2014-10,0.011489510001873092,0.6439423490877707,0.06178935632785117,1,1,0.03810423030069335,0.03810423030069335,1.558559970347962e-11,dense_generalized_eigh
2014-10-01,2014-10,0.012033778407775893,0.6340475274180962,0.061191127641856094,1,1,0.03810423030069335,0.03810423030069335,1.558559970347962e-11,dense_generalized_eigh
2014-10-01,2014-10,0.012603829296797275,0.6240315550969066,0.060580885205048826,1,1,0.03810423030069335,0.03810423030069335,1.558559970347962e-11,dense_generalized_eigh
2014-10-01,2014-10,0.01320088400831418,0.6139014297018653,0.059958933373657076,1,1,0.03810423030069335,0.03810423030069335,1.558559970347962e-11,dense_generalized_eigh
2014-10-01,2014-10,0.013826221737646556,0.6036645511272306,0.05932561341600759,1,1,0.03810423030069335,0.03810423030069335,1.558559970347962e-11,dense_generalized_eigh
2014-10-01,2014-10,0.014481182276745337,0.5933287062511159,0.0586813035005489,1,1,0.03810423030069335,0.03810423030069335,1.558559970347962e-11,dense_generalized_eigh
2014-10-01,2014-10,0.015167168884709226,0.582902050897484,0.058026418452751166,1,1,0.03810423030069335,0.03810423030069335,1.558559970347962e-11,dense_generalized_eigh
2014-10-01,2014-10,0.015885651294280528,0.5723930891236573,0.05736140927126515,1,1,0.03810423030069335,0.03810423030069335,1.558559970347962e-11,dense_generalized_eigh
2014-10-01,2014-10,0.01663816886076129,0.5618106498940509,0.05668676239600403,1,1,0.03810423030069335,0.03810423030069335,1.558559970347962e-11,dense_generalized_eigh
2014-10-01,2014-10,0.0174263338600965,0.5511638612315081,0.05600299872334463,1,1,0.03810423030069335,0.03810423030069335,1.558559970347962e-11,dense_generalized_eigh
2014-10-01,2014-10,0.018251834943190434,0.540462121968558,0.055310672366397695,1,1,0.03810423030069335,0.03810423030069335,1.558559970347962e-11,dense_generalized_eigh
2014-10-01,2014-10,0.019116440753857017,0.5297150712515988,0.05461036916123113,1,1,0.03810423030069335,0.03810423030069335,1.558559970347962e-11,dense_generalized_eigh
2014-10-01,2014-10,0.020022003718155844,0.5189325559808766,0.053902704922999325,1,1,0.03810423030069335,0.03810423030069335,1.558559970347962e-11,dense_generalized_eigh
2014-10-01,2014-10,0.02097046401323233,0.5081245963976235,0.05318832345908543,1,1,0.03810423030069335,0.03810423030069335,1.558559970347962e-11,dense_generalized_eigh
2014-10-01,2014-10,0.02196385372416546,0.49730135005626125,0.052467894349542694,1,1,0.03810423030069335,0.03810423030069335,1.558559970347962e-11,dense_generalized_eigh
2014-10-01,2014-10,0.02300430119772918,0.48647307444362803,0.05174211050826763,1,1,0.03810423030069335,0.03810423030069335,1.558559970347962e-11,dense_generalized_eigh
2014-10-01,2014-10,0.024094035602395245,0.47565008852821966,0.051011685541387984,1,1,0.03810423030069335,0.03810423030069335,1.558559970347962e-11,dense_generalized_eigh
2014-10-01,2014-10,0.02523539170434766,0.4648427335399756,0.05027735092223905,1,1,0.03810423030069335,0.03810423030069335,1.558559970347962e-11,dense_generalized_eigh
2014-10-01,2014-10,0.026430814869741057,0.45406133329478565,0.04953985300497238,1,1,0.03810423030069335,0.03810423030069335,1.558559970347962e-11,dense_generalized_eigh
2014-10-01,2014-10,0.027682866303920667,0.4433161543872798,0.04879994990123143,1,1,0.03810423030069335,0.03810423030069335,1.558559970347962e-11,dense_generalized_eigh
2014-10-01,2014-10,0.028994228538828767,0.43261736658036715,0.04805840824638635,1,1,0.03810423030069335,0.03810423030069335,1.558559970347962e-11,dense_generalized_eigh
2014-10-01,2014-10,0.030367711180354574,0.4219750037202263,0.04731599988349821,1,1,0.03810423030069335,0.03810423030069335,1.558559970347962e-11,dense_generalized_eigh
2014-10-01,2014-10,0.031806256927941194,0.41139892550096974,0.046573498494441985,1,1,0.03810423030069335,0.03810423030069335,1.558559970347962e-11,dense_generalized_eigh
2014-10-01,2014-10,0.03331294787934674,0.4008987803940563,0.04583167620842829,1,1,0.03810423030069335,0.03810423030069335,1.558559970347962e-11,dense_generalized_eigh
2014-10-01,2014-10,0.034891012134067735,0.3904839700438487,0.04509130021850764,1,1,0.03810423030069335,0.03810423030069335,1.558559970347962e-11,dense_generalized_eigh
2014-10-01,2014-10,0.03654383070957257,0.3801636154127673,0.04435312943650921,1,1,0.03810423030069335,0.03810423030069335,1.558559970347962e-11,dense_generalized_eigh
2014-10-01,2014-10,0.03827494478516311,0.3699465249376084,0.04361791121626242,1,1,0.03810423030069335,0.03810423030069335,1.558559970347962e-11,dense_generalized_eigh
2014-10-01,2014-10,0.04008806328898465,0.3598411649332162,0.04288637817388788,1,1,0.03810423030069335,0.03810423030069335,1.558559970347962e-11,dense_generalized_eigh
2014-10-01,2014-10,0.0419870708444391,0.34985563245131046,0.042159245132450354,1,1,0.03810423030069335,0.03810423030069335,1.558559970347962e-11,dense_generalized_eigh
2014-10-01,2014-10,0.043976036093027214,0.3399976307714437,0.041437206216374395,1,1,0.03810423030069335,0.03810423030069335,1.558559970347962e-11,dense_generalized_eigh
2014-10-01,2014-10,0.04605922041145106,0.3302744476683924,0.04072093211877787,1,1,0.03810423030069335,0.03810423030069335,1.558559970347962e-11,dense_generalized_eigh
2014-10-01,2014-10,0.04824108704165369,0.3206929365663948,0.04001106756232918,1,1,0.03810423030069335,0.03810423030069335,1.558559970347962e-11,dense_generalized_eigh
2014-10-01,2014-10,0.0505263106533568,0.31125950065617886,0.03930822897143968,1,1,0.03810423030069335,0.03810423030069335,1.558559970347962e-11,dense_generalized_eigh
2014-10-01,2014-10,0.05291978735958442,0.3019800800162998,0.03861300237062089,1,1,0.03810423030069335,0.03810423030069335,1.558559970347962e-11,dense_generalized_eigh
2014-10-01,2014-10,0.05542664520663107,0.2928601417465156,0.037925941520732864,1,1,0.03810423030069335,0.03810423030069335,1.558559970347962e-11,dense_generalized_eigh
2014-10-01,2014-10,0.05805225516094899,0.283904673088366,0.037247566301685305,1,1,0.03810423030069335,0.03810423030069335,1.558559970347962e-11,dense_generalized_eigh
2014-10-01,2014-10,0.06080224261649424,0.2751181774772541,0.03657836134699101,1,1,0.03810423030069335,0.03810423030069335,1.558559970347962e-11,dense_generalized_eigh
2014-10-01,2014-10,0.06368249944718586,0.26650467344164797,0.035918774932468436,1,1,0.03810423030069335,0.03810423030069335,1.558559970347962e-11,dense_generalized_eigh
2014-10-01,2014-10,0.06669919663030122,0.2580676962388716,0.035269218118402085,1,1,0.03810423030069335,0.03810423030069335,1.558559970347962e-11,dense_generalized_eigh
2014-10-01,2014-10,0.0698587974678525,0.24981030209366897,0.03463006414164435,1,1,0.03810423030069335,0.03810423030069335,1.558559970347962e-11,dense_generalized_eigh
2014-10-01,2014-10,0.07316807143427195,0.24173507488550247,0.03400164805152173,1,1,0.03810423030069335,0.03810423030069335,1.558559970347962e-11,dense_generalized_eigh
2014-10-01,2014-10,0.07663410868007459,0.2338441351135617,0.033384266581027826,1,1,0.03810423030069335,0.03810423030069335,1.558559970347962e-11,dense_generalized_eigh
2014-10-01,2014-10,0.08026433522257174,0.22613915095476286,0.032778178242671895,1,1,0.03810423030069335,0.03810423030069335,1.558559970347962e-11,dense_generalized_eigh
2014-10-01,2014-10,0.08406652885618325,0.2186213512196164,0.0321836036365241,1,1,0.03810423030069335,0.03810423030069335,1.558559970347962e-11,dense_generalized_eigh
2014-10-01,2014-10,0.08804883581643465,0.21129154000367856,0.03160072595647042,1,1,0.03810423030069335,0.03810423030069335,1.558559970347962e-11,dense_generalized_eigh
2014-10-01,2014-10,0.09221978823334327,0.2041501128282339,0.03102969167946415,1,1,0.03810423030069335,0.03810423030069335,1.558559970347962e-11,dense_generalized_eigh
2014-10-01,2014-10,0.09658832241158703,0.19719707406272247,0.030470611421636814,1,1,0.03810423030069335,0.03810423030069335,1.558559970347962e-11,dense_generalized_eigh
2014-10-01,2014-10,0.1011637979766207,0.1904320554230029,0.02992356094450003,1,1,0.03810423030069335,0.03810423030069335,1.558559970347962e-11,dense_generalized_eigh
2014-10-01,2014-10,0.10595601792776159,0.18385433534357462,0.029388582294118108,1,1,0.03810423030069335,0.03810423030069335,1.558559970347962e-11,dense_generalized_eigh
2014-10-01,2014-10,0.11097524964120721,0.1774628590281075,0.028865685056041923,1,1,0.03810423030069335,0.03810423030069335,1.558559970347962e-11,dense_generalized_eigh
2014-10-01,2014-10,0.11623224686798524,0.17125625899073962,0.028354847708945106,1,1,0.03810423030069335,0.03810423030069335,1.558559970347962e-11,dense_generalized_eigh
2014-10-01,2014-10,0.12173827277396614,0.16523287591032013,0.02785601906027148,1,1,0.03810423030069335,0.03810423030069335,1.558559970347962e-11,dense_generalized_eigh
2014-10-01,2014-10,0.12750512407130135,0.15939077963079015,0.027369119747760393,1,1,0.03810423030069335,0.03810423030069335,1.558559970347962e-11,dense_generalized_eigh
2014-10-01,2014-10,0.13354515629298988,0.15372779015291926,0.02689404379143866,1,1,0.03810423030069335,0.03810423030069335,1.558559970347962e-11,dense_generalized_eigh
2014-10-01,2014-10,0.13987131026472385,0.14824149847538137,0.026430660181526046,1,1,0.03810423030069335,0.03810423030069335,1.558559970347962e-11,dense_generalized_eigh
2014-10-01,2014-10,0.14649713983072857,0.14292928715638648,0.025978814488669344,1,1,0.03810423030069335,0.03810423030069335,1.558559970347962e-11,dense_generalized_eigh
2014-10-01,2014-10,0.15343684089300125,0.1377883504805564,0.02553833048397191,1,1,0.03810423030069335,0.03810423030069335,1.558559970347962e-11,dense_generalized_eigh
2014-10-01,2014-10,0.16070528182616392,0.13281571412922238,0.025109011757396514,1,1,0.03810423030069335,0.03810423030069335,1.558559970347962e-11,dense_generalized_eigh
2014-10-01,2014-10,0.16831803533309567,0.12800825426563267,0.024690643324266667,1,1,0.03810423030069335,0.03810423030069335,1.558559970347962e-11,dense_generalized_eigh
2014-10-01,2014-10,0.1762914118095948,0.12336271595953363,0.024282993210754424,1,1,0.03810423030069335,0.03810423030069335,1.558559970347962e-11,dense_generalized_eigh
2014-10-01,2014-10,0.18464249428955434,0.11887573088807896,0.023885814010402157,1,1,0.03810423030069335,0.03810423030069335,1.558559970347962e-11,dense_generalized_eigh
2014-10-01,2014-10,0.1933891750455231,0.11454383426191234,0.02349884440486546,1,1,0.03810423030069335,0.03810423030069335,1.558559970347962e-11,dense_generalized_eigh
2014-10-01,2014-10,0.20255019392306675,0.11036348093647756,0.023121810643170287,1,1,0.03810423030069335,0.03810423030069335,1.558559970347962e-11,dense_generalized_eigh
2014-10-01,2014-10,0.21214517849106299,0.10633106067905347,0.022754427974837114,1,1,0.03810423030069335,0.03810423030069335,1.558559970347962e-11,dense_generalized_eigh
2014-10-01,2014-10,0.22219468609395238,0.10244291257165404,0.022396402033229214,1,1,0.03810423030069335,0.03810423030069335,1.558559970347962e-11,dense_generalized_eigh
2014-10-01,2014-10,0.23272024789604084,0.09869533853873949,0.02204743016642272,1,1,0.03810423030069335,0.03810423030069335,1.558559970347962e-11,dense_generalized_eigh
2014-10-01,2014-10,0.24374441501222205,0.09508461599664123,0.021707202713767117,1,1,0.03810423030069335,0.03810423030069335,1.558559970347962e-11,dense_generalized_eigh
2014-10-01,2014-10,0.2552908068239518,0.09160700962871998,0.021375404227102553,1,1,0.03810423030069335,0.03810423030069335,1.558559970347962e-11,dense_generalized_eigh
2014-10-01,2014-10,0.26738416158399464,0.08825878229655652,0.021051714636321127,1,1,0.03810423030069335,0.03810423030069335,1.558559970347962e-11,dense_generalized_eigh
2014-10-01,2014-10,0.2800503894183631,0.08503620510295587,0.02073581035960273,1,1,0.03810423030069335,0.03810423030069335,1.558559970347962e-11,dense_generalized_eigh
2014-10-01,2014-10,0.29331662783900436,0.08193556662725246,0.020427365359221048,1,1,0.03810423030069335,0.03810423030069335,1.558559970347962e-11,dense_generalized_eigh
2014-10-01,2014-10,0.30721129988617574,0.07895318135738094,0.020126052144302933,1,1,0.03810423030069335,0.03810423030069335,1.558559970347962e-11,dense_generalized_eigh
2014-10-01,2014-10,0.3217641750250737,0.07608539734647085,0.019831542722336223,1,1,0.03810423030069335,0.03810423030069335,1.558559970347962e-11,dense_generalized_eigh
2014-10-01,2014-10,0.33700643292719284,0.07332860312437861,0.0195435095015585,1,1,0.03810423030069335,0.03810423030069335,1.558559970347962e-11,dense_generalized_eigh
2014-10-01,2014-10,0.352970730273065,0.0706792338966417,0.01926162614662579,1,1,0.03810423030069335,0.03810423030069335,1.558559970347962e-11,dense_generalized_eigh
2014-10-01,2014-10,0.3696912707195028,0.06813377706487889,0.018985568390157886,1,1,0.03810423030069335,0.03810423030069335,1.558559970347962e-11,dense_generalized_eigh
2014-10-01,2014-10,0.3872038781812555,0.06568877710371462,0.018715014802889313,1,1,0.03810423030069335,0.03810423030069335,1.558559970347962e-11,dense_generalized_eigh
2014-10-01,2014-10,0.40554607358408296,0.06334083982993431,0.018449647525225425,1,1,0.03810423030069335,0.03810423030069335,1.558559970347962e-11,dense_generalized_eigh
2014-10-01,2014-10,0.42475715525368984,0.06108663609982068,0.01818915296301489,1,1,0.03810423030069335,0.03810423030069335,1.558559970347962e-11,dense_generalized_eigh
2014-10-01,2014-10,0.4448782831127585,0.0589229049705327,0.01793322245030647,1,1,0.03810423030069335,0.03810423030069335,1.558559970347962e-11,dense_generalized_eigh
2014-10-01,2014-10,0.4659525668664682,0.05684645636101271,0.017681552881763558,1,1,0.03810423030069335,0.03810423030069335,1.558559970347962e-11,dense_generalized_eigh
2014-10-01,2014-10,0.48802515836544313,0.0548541732472807,0.017433847317267253,1,1,0.03810423030069335,0.03810423030069335,1.558559970347962e-11,dense_generalized_eigh
2014-10-01,2014-10,0.5111433483440168,0.05294301342614447,0.01718981556105217,1,1,0.03810423030069335,0.03810423030069335,1.558559970347962e-11,dense_generalized_eigh
2014-10-01,2014-10,0.5353566677410724,0.051110010880349666,0.0169491747174923,1,1,0.03810423030069335,0.03810423030069335,1.558559970347962e-11,dense_generalized_eigh
2014-10-01,2014-10,0.5607169938205459,0.0493522767770502,0.01671164972539051,1,1,0.03810423030069335,0.03810423030069335,1.558559970347962e-11,dense_generalized_eigh
2014-10-01,2014-10,0.5872786613189482,0.04766700013022816,0.016476973872329468,1,1,0.03810423030069335,0.03810423030069335,1.558559970347962e-11,dense_generalized_eigh
2014-10-01,2014-10,0.6150985788580501,0.046051448156356305,0.016244889290317033,1,1,0.03810423030069335,0.03810423030069335,1.558559970347962e-11,dense_generalized_eigh
2014-10-01,2014-10,0.6442363508721374,0.0445029663512028,0.016015147433610977,1,1,0.03810423030069335,0.03810423030069335,1.558559970347962e-11,dense_generalized_eigh
2014-10-01,2014-10,0.6747544053110693,0.04301897831424556,0.015787509539239963,1,1,0.03810423030069335,0.03810423030069335,1.558559970347962e-11,dense_generalized_eigh
2014-10-01,2014-10,0.7067181273927491,0.04159698534571164,0.015561747070355406,1,1,0.03810423030069335,0.03810423030069335,1.558559970347962e-11,dense_generalized_eigh
2014-10-01,2014-10,0.7401959996915645,0.04023456583980173,0.015337642142157857,1,1,0.03810423030069335,0.03810423030069335,1.558559970347962e-11,dense_generalized_eigh
2014-10-01,2014-10,0.775259748862946,0.03892937449621344,0.015114987929746231,1,1,0.03810423030069335,0.03810423030069335,1.558559970347962e-11,dense_generalized_eigh
2014-10-01,2014-10,0.8119844993184013,0.03767914137065225,0.014893589056846422,1,1,0.03810423030069335,0.03810423030069335,1.558559970347962e-11,dense_generalized_eigh
2014-10-01,2014-10,0.8504489341802677,0.0364816707836253,0.01467326196399208,1,1,0.03810423030069335,0.03810423030069335,1.558559970347962e-11,dense_generalized_eigh
2014-10-01,2014-10,0.890735463861044,0.03533484010545638,0.01445383525436258,1,1,0.03810423030069335,0.03810423030069335,1.558559970347962e-11,dense_generalized_eigh
2014-10-01,2014-10,0.9329304026284686,0.03423659843415131,0.014235150015137994,1,1,0.03810423030069335,0.03810423030069335,1.558559970347962e-11,dense_generalized_eigh
2014-10-01,2014-10,0.9771241535346497,0.033184965181480175,0.014017060111915053,1,1,0.03810423030069335,0.03810423030069335,1.558559970347962e-11,dense_generalized_eigh
2014-10-01,2014-10,1.0234114021054528,0.032178028581436646,0.013799432453449447,1,1,0.03810423030069335,0.03810423030069335,1.558559970347962e-11,dense_generalized_eigh
2014-10-01,2014-10,1.0718913192051276,0.031213944134082624,0.013582147223755404,1,1,0.03810423030069335,0.03810423030069335,1.558559970347962e-11,dense_generalized_eigh
2014-10-01,2014-10,1.1226677735108135,0.030290932996692867,0.01336509807840996,1,1,0.03810423030069335,0.03810423030069335,1.558559970347962e-11,dense_generalized_eigh
2014-10-01,2014-10,1.175849554052157,0.029407280333079537,0.013148192301784224,1,1,0.03810423030069335,0.03810423030069335,1.558559970347962e-11,dense_generalized_eigh
2014-10-01,2014-10,1.231550603292826,0.028561333631000878,0.012931350921862676,1,1,0.03810423030069335,0.03810423030069335,1.558559970347962e-11,dense_generalized_eigh
2014-10-01,2014-10,1.289890261253308,0.027751500996640848,0.012714508779319952,1,1,0.03810423030069335,0.03810423030069335,1.558559970347962e-11,dense_generalized_eigh
2014-10-01,2014-10,1.3509935211980264,0.026976249434287353,0.012497614547607214,1,1,0.03810423030069335,0.03810423030069335,1.558559970347962e-11,dense_generalized_eigh
2014-10-01,2014-10,1.414991297434576,0.026234103118533973,0.012280630700960226,1,1,0.03810423030069335,0.03810423030069335,1.558559970347962e-11,dense_generalized_eigh
2014-10-01,2014-10,1.4820207057988586,0.025523641665582283,0.012063533427480613,1,1,0.03810423030069335,0.03810423030069335,1.558559970347962e-11,dense_generalized_eigh
2014-10-01,2014-10,1.552225357427048,0.024843498409527483,0.011846312484761461,1,1,0.03810423030069335,0.03810423030069335,1.558559970347962e-11,dense_generalized_eigh
2014-10-01,2014-10,1.625755666443795,0.024192358688867207,0.011628970995926264,1,1,0.03810423030069335,0.03810423030069335,1.558559970347962e-11,dense_generalized_eigh
2014-10-01,2014-10,1.7027691722258995,0.023568958147878974,0.011411525184423968,1,1,0.03810423030069335,0.03810423030069335,1.558559970347962e-11,dense_generalized_eigh
2014-10-01,2014-10,1.7834308769319094,0.022972081056965053,0.011194004046466956,1,1,0.03810423030069335,0.03810423030069335,1.558559970347962e-11,dense_generalized_eigh
2014-10-01,2014-10,1.8679135990207827,0.022400558655561106,0.010976448960606771,1,1,0.03810423030069335,0.03810423030069335,1.558559970347962e-11,dense_generalized_eigh
2014-10-01,2014-10,1.9563983435170649,0.021853267520744526,0.010758913234604622,1,1,0.03810423030069335,0.03810423030069335,1.558559970347962e-11,dense_generalized_eigh
2014-10-01,2014-10,2.049074689815848,0.021329127964258822,0.010541461590460653,1,1,0.03810423030069335,0.03810423030069335,1.558559970347962e-11,dense_generalized_eigh
2014-10-01,2014-10,2.1461411978584035,0.0208271024602876,0.01032416958920422,1,1,0.03810423030069335,0.03810423030069335,1.558559970347962e-11,dense_generalized_eigh
2014-10-01,2014-10,2.247805833548725,0.02034619410596479,0.010107122997804002,1,1,0.03810423030069335,0.03810423030069335,1.558559970347962e-11,dense_generalized_eigh
2014-10-01,2014-10,2.354286414322418,0.01988544511629426,0.009890417101316752,1,1,0.03810423030069335,0.03810423030069335,1.558559970347962e-11,dense_generalized_eigh
2014-10-01,2014-10,2.4658110758226037,0.01944393535486874,0.009674155964140911,1,1,0.03810423030069335,0.03810423030069335,1.558559970347962e-11,dense_generalized_eigh
2014-10-01,2014-10,2.5826187606826774,0.019020780901524682,0.009458451644961023,1,1,0.03810423030069335,0.03810423030069335,1.558559970347962e-11,dense_generalized_eigh
2014-10-01,2014-10,2.704959730463134,0.018615132657842766,0.009243423370644141,1,1,0.03810423030069335,0.03810423030069335,1.558559970347962e-11,dense_generalized_eigh
2014-10-01,2014-10,2.833096101839324,0.01822617499120189,0.009029196674965736,1,1,0.03810423030069335,0.03810423030069335,1.558559970347962e-11,dense_generalized_eigh
2014-10-01,2014-10,2.9673024081888695,0.017853124417916297,0.008815902508585225,1,1,0.03810423030069335,0.03810423030069335,1.558559970347962e-11,dense_generalized_eigh
2014-10-01,2014-10,3.107866187782014,0.01749522832582805,0.008603676327147165,1,1,0.03810423030069335,0.03810423030069335,1.558559970347962e-11,dense_generalized_eigh
2014-10-01,2014-10,3.2550885998350596,0.01715176373659022,0.008392657164742922,1,1,0.03810423030069335,0.03810423030069335,1.558559970347962e-11,dense_generalized_eigh
2014-10-01,2014-10,3.409285069746811,0.01682203610775668,0.008182986700219512,1,1,0.03810423030069335,0.03810423030069335,1.558559970347962e-11,dense_generalized_eigh
2014-10-01,2014-10,3.5707859649004625,0.01650537817469222,0.007974808323961743,1,1,0.03810423030069335,0.03810423030069335,1.558559970347962e-11,dense_generalized_eigh
2014-10-01,2014-10,3.739937302478798,0.016201148832229444,0.007768266212796367,1,1,0.03810423030069335,0.03810423030069335,1.558559970347962e-11,dense_generalized_eigh
2014-10-01,2014-10,3.9171014908092605,0.01590873205592542,0.0075635044205720646,1,1,0.03810423030069335,0.03810423030069335,1.558559970347962e-11,dense_generalized_eigh
2014-10-01,2014-10,4.102658105827195,0.015627535862710297,0.007360665991758727,1,1,0.03810423030069335,0.03810423030069335,1.558559970347962e-11,dense_generalized_eigh
2014-10-01,2014-10,4.297004704320839,0.015356991310670396,0.007159892105087953,1,1,0.03810423030069335,0.03810423030069335,1.558559970347962e-11,dense_generalized_eigh
2014-10-01,2014-10,4.500557675700498,0.015096551537668661,0.00696132125383148,1,1,0.03810423030069335,0.03810423030069335,1.558559970347962e-11,dense_generalized_eigh
2014-10-01,2014-10,4.7137531341167245,0.01484569083847471,0.006765088468795058,1,1,0.03810423030069335,0.03810423030069335,1.558559970347962e-11,dense_generalized_eigh
2014-10-01,2014-10,4.937047852839004,0.014603903780053398,0.006571324589503274,1,1,0.03810423030069335,0.03810423030069335,1.558559970347962e-11,dense_generalized_eigh
2014-10-01,2014-10,5.17092024289676,0.014370704354644596,0.006380155588379999,1,1,0.03810423030069335,0.03810423030069335,1.558559970347962e-11,dense_generalized_eigh
2014-10-01,2014-10,5.415871378079471,0.014145625170255773,0.00619170195200346,1,1,0.03810423030069335,0.03810423030069335,1.558559970347962e-11,dense_generalized_eigh
2014-10-01,2014-10,5.672426068491977,0.013928216678182496,0.006006078122749939,1,1,0.03810423030069335,0.03810423030069335,1.558559970347962e-11,dense_generalized_eigh
2014-10-01,2014-10,5.941133984965034,0.013718046437168882,0.005823392003351698,1,1,0.03810423030069335,0.03810423030069335,1.558559970347962e-11,dense_generalized_eigh
2014-10-01,2014-10,6.222570836730231,0.013514698413819136,0.0056437445260980445,1,1,0.03810423030069335,0.03810423030069335,1.558559970347962e-11,dense_generalized_eigh
2014-10-01,2014-10,6.517339604882427,0.01331777231887199,0.005467229287618989,1,1,0.03810423030069335,0.03810423030069335,1.558559970347962e-11,dense_generalized_eigh
2014-10-01,2014-10,6.826071834272386,0.013126882978950562,0.005293932249422569,1,1,0.03810423030069335,0.03810423030069335,1.558559970347962e-11,dense_generalized_eigh
2014-10-01,2014-10,7.149428986597577,0.012941659743400181,0.005123931503622575,1,1,0.03810423030069335,0.03810423030069335,1.558559970347962e-11,dense_generalized_eigh
2014-10-01,2014-10,7.488103857590023,0.012761745925825073,0.004957297102604744,1,1,0.03810423030069335,0.03810423030069335,1.558559970347962e-11,dense_generalized_eigh
2014-10-01,2014-10,7.842822061337682,0.012586798279929971,0.004794090950745683,1,1,0.03810423030069335,0.03810423030069335,1.558559970347962e-11,dense_generalized_eigh
2014-10-01,2014-10,8.21434358491943,0.012416486509264519,0.004634366755728452,1,1,0.03810423030069335,0.03810423030069335,1.558559970347962e-11,dense_generalized_eigh
2014-10-01,2014-10,8.603464416684501,0.01225049281045467,0.004478170036497041,1,1,0.03810423030069335,0.03810423030069335,1.558559970347962e-11,dense_generalized_eigh
2014-10-01,2014-10,9.01101825166502,0.012088511449486241,0.004325538184463456,1,1,0.03810423030069335,0.03810423030069335,1.558559970347962e-11,dense_generalized_eigh
2014-10-01,2014-10,9.437878277775381,0.01193024837057953,0.004176500574227925,1,1,0.03810423030069335,0.03810423030069335,1.558559970347962e-11,dense_generalized_eigh
2014-10-01,2014-10,9.884959046625585,0.011775420837159916,0.004031078719794811,1,1,0.03810423030069335,0.03810423030069335,1.558559970347962e-11,dense_generalized_eigh
2014-10-01,2014-10,10.353218432956627,0.01162375710438678,0.003889286472063733,1,1,0.03810423030069335,0.03810423030069335,1.558559970347962e-11,dense_generalized_eigh
2014-10-01,2014-10,10.843659686896109,0.011474996122650833,0.003751130253243712,1,1,0.03810423030069335,0.03810423030069335,1.558559970347962e-11,dense_generalized_eigh
2014-10-01,2014-10,11.357333583431052,0.011328887271387509,0.0036166093237746657,1,1,0.03810423030069335,0.03810423030069335,1.558559970347962e-11,dense_generalized_eigh
2014-10-01,2014-10,11.895340673703195,0.011185190122480832,0.0034857160773400088,1,1,0.03810423030069335,0.03810423030069335,1.558559970347962e-11,dense_generalized_eigh
2014-10-01,2014-10,12.458833642950081,0.01104367423244755,0.0033584363596110287,1,1,0.03810423030069335,0.03810423030069335,1.558559970347962e-11,dense_generalized_eigh
2014-10-01,2014-10,13.049019780144029,0.010904118962495052,0.0032347498064716857,1,1,0.03810423030069335,0.03810423030069335,1.558559970347962e-11,dense_generalized_eigh
2014-10-01,2014-10,13.667163564620074,0.010766313325438669,0.003114630197625256,1,1,0.03810423030069335,0.03810423030069335,1.558559970347962e-11,dense_generalized_eigh
2014-10-01,2014-10,14.314589375234785,0.010630055858344398,0.002998045821674598,1,1,0.03810423030069335,0.03810423030069335,1.558559970347962e-11,dense_generalized_eigh
2014-10-01,2014-10,14.992684327860456,0.010495154519632267,0.00288495984898942,1,1,0.03810423030069335,0.03810423030069335,1.558559970347962e-11,dense_generalized_eigh
2014-10-01,2014-10,15.702901247293775,0.010361426609234265,0.002775330708920007,1,1,0.03810423030069335,0.03810423030069335,1.558559970347962e-11,dense_generalized_eigh
2014-10-01,2014-10,16.446761779946645,0.010228698710249885,0.0026691124681809796,1,1,0.03810423030069335,0.03810423030069335,1.558559970347962e-11,dense_generalized_eigh
2014-10-01,2014-10,17.225859653987875,0.01009680665038323,0.0025662552075052442,1,1,0.03810423030069335,0.03810423030069335,1.558559970347962e-11,dense_generalized_eigh
2014-10-01,2014-10,18.04186409392072,0.009965595481280157,0.00246670539395153,1,1,0.03810423030069335,0.03810423030069335,1.558559970347962e-11,dense_generalized_eigh
2014-10-01,2014-10,18.896523396912098,0.009834919473713821,0.002370406246534133,1,1,0.03810423030069335,0.03810423030069335,1.558559970347962e-11,dense_generalized_eigh
2014-10-01,2014-10,19.791668678535572,0.009704642126395387,0.0022772980931263028,1,1,0.03810423030069335,0.03810423030069335,1.558559970347962e-11,dense_generalized_eigh
2014-10-01,2014-10,20.72921779595372,0.009574636186015529,0.0021873187168651538,1,1,0.03810423030069335,0.03810423030069335,1.558559970347962e-11,dense_generalized_eigh
2014-10-01,2014-10,21.711179456945054,0.009444783675956015,0.002100403690553263,1,1,0.03810423030069335,0.03810423030069335,1.558559970347962e-11,dense_generalized_eigh
2014-10-01,2014-10,22.739657523579275,0.009314975930951762,0.0020164866978071455,1,1,0.03810423030069335,0.03810423030069335,1.558559970347962e-11,dense_generalized_eigh
2014-10-01,2014-10,23.81685551976158,0.00918511363483693,0.001935499839943858,1,1,0.03810423030069335,0.03810423030069335,1.558559970347962e-11,dense_generalized_eigh
2014-10-01,2014-10,24.945081352303166,0.00905510685837782,0.0018573739278223398,1,1,0.03810423030069335,0.03810423030069335,1.558559970347962e-11,dense_generalized_eigh
2014-10-01,2014-10,26.126752255633292,0.008924875094084735,0.0017820387580645867,1,1,0.03810423030069335,0.03810423030069335,1.558559970347962e-11,dense_generalized_eigh
2014-10-01,2014-10,27.36439997074672,0.008794347284809627,0.0017094233732728764,1,1,0.03810423030069335,0.03810423030069335,1.558559970347962e-11,dense_generalized_eigh
2014-10-01,2014-10,28.660676169482503,0.008663461842880176,0.0016394563060324946,1,1,0.03810423030069335,0.03810423030069335,1.558559970347962e-11,dense_generalized_eigh
2014-10-01,2014-10,30.01835813575589,0.008532166656498748,0.0015720658066448797,1,1,0.03810423030069335,0.03810423030069335,1.558559970347962e-11,dense_generalized_eigh
2014-10-01,2014-10,31.440354715915,0.008400419080150417,0.0015071800546740874,1,1,0.03810423030069335,0.03810423030069335,1.558559970347962e-11,dense_generalized_eigh
2014-10-01,2014-10,32.929712550971516,0.008268185905821747,0.001444727354510379,1,1,0.03810423030069335,0.03810423030069335,1.558559970347962e-11,dense_generalized_eigh
2014-10-01,2014-10,34.489622604057594,0.008135443311934476,0.0013846363152594222,1,1,0.03810423030069335,0.03810423030069335,1.558559970347962e-11,dense_generalized_eigh
2014-10-01,2014-10,36.123426997094306,0.008002176787048376,0.0013268360153547518,1,1,0.03810423030069335,0.03810423030069335,1.558559970347962e-11,dense_generalized_eigh
2014-10-01,2014-10,37.83462617131929,0.007868381025586721,0.0012712561523657792,1,1,0.03810423030069335,0.03810423030069335,1.558559970347962e-11,dense_generalized_eigh
2014-10-01,2014-10,39.626886387014785,0.007734059793087339,0.001217827178534828,1,1,0.03810423030069335,0.03810423030069335,1.558559970347962e-11,dense_generalized_eigh
2014-10-01,2014-10,41.50404757850477,0.007599225758781173,0.0011664804226253593,1,1,0.03810423030069335,0.03810423030069335,1.558559970347962e-11,dense_generalized_eigh
2014-10-01,2014-10,43.470131581250264,0.007463900293647785,0.0011171481987009683,1,1,0.03810423030069335,0.03810423030069335,1.558559970347962e-11,dense_generalized_eigh
2014-10-01,2014-10,45.52935074866948,0.007328113232490047,0.0010697639024818666,1,1,0.03810423030069335,0.03810423030069335,1.558559970347962e-11,dense_generalized_eigh
2014-10-01,2014-10,47.68611697714469,0.007191902599004747,0.001024262095943496,1,1,0.03810423030069335,0.03810423030069335,1.558559970347962e-11,dense_generalized_eigh
2014-10-01,2014-10,49.9450511585514,0.007055314293296519,0.0009805785808317676,1,1,0.03810423030069335,0.03810423030069335,1.558559970347962e-11,dense_generalized_eigh
2014-10-01,2014-10,52.31099308056263,0.006918401741782761,0.0009386504617720382,1,1,0.03810423030069335,0.03810423030069335,1.558559970347962e-11,dense_generalized_eigh
2014-10-01,2014-10,54.78901179593945,0.006781225509959706,0.0008984161996454125,1,1,0.03810423030069335,0.03810423030069335,1.558559970347962e-11,dense_generalized_eigh
2014-10-01,2014-10,57.38441648302393,0.006643852879035509,0.0008598156558970682,1,1,0.03810423030069335,0.03810423030069335,1.558559970347962e-11,dense_generalized_eigh
2014-10-01,2014-10,60.10276782070382,0.006506357387975816,0.0008227901284278986,1,1,0.03810423030069335,0.03810423030069335,1.558559970347962e-11,dense_generalized_eigh
2014-10-01,2014-10,62.94988990221888,0.0063688183430407,0.0007872823797036416,1,1,0.03810423030069335,0.03810423030069335,1.558559970347962e-11,dense_generalized_eigh
2014-10-01,2014-10,65.93188271333548,0.006231320297408478,0.0007532366576954105,1,1,0.03810423030069335,0.03810423030069335,1.558559970347962e-11,dense_generalized_eigh
2014-10-01,2014-10,69.0551352016233,0.006093952503971458,0.0007205987102429076,1,1,0.03810423030069335,0.03810423030069335,1.558559970347962e-11,dense_generalized_eigh
2014-10-01,2014-10,72.32633896483533,0.0059568083448405884,0.0006893157934070287,1,1,0.03810423030069335,0.03810423030069335,1.558559970347962e-11,dense_generalized_eigh
2014-10-01,2014-10,75.75250258771912,0.00581998474150079,0.0006593366743526283,1,1,0.03810423030069335,0.03810423030069335,1.558559970347962e-11,dense_generalized_eigh
2014-10-01,2014-10,79.34096665797492,0.00568358154990723,0.0006306116292753328,1,1,0.03810423030069335,0.03810423030069335,1.558559970347962e-11,dense_generalized_eigh
2014-10-01,2014-10,83.09941949353396,0.005547700945097421,0.0006030924368588065,1,1,0.03810423030069335,0.03810423030069335,1.558559970347962e-11,dense_generalized_eigh
2014-10-01,2014-10,87.03591361485165,0.00541244680010819,0.0005767323677212121,1,1,0.03810423030069335,0.03810423030069335,1.558559970347962e-11,dense_generalized_eigh
2014-10-01,2014-10,91.15888299750827,0.00527792406412536,0.0005514861702819541,1,1,0.03810423030069335,0.03810423030069335,1.558559970347962e-11,dense_generalized_eigh
2014-10-01,2014-10,95.47716114208056,0.005144238144854507,0.0005273100534524606,1,1,0.03810423030069335,0.03810423030069335,1.558559970347962e-11,dense_generalized_eigh
2014-10-01,2014-10,100.0,0.005011494300081724,0.000504161666527917,1,1,0.03810423030069335,0.03810423030069335,1.558559970347962e-11,dense_generalized_eigh
2020-03-01,2020-03,0.01,0.6737261505001574,0.06356001465868436,1,1,0.862746677054901,0.862746677054901,3.2412951207229363e-11,dense_generalized_eigh
2020-03-01,2020-03,0.010473708979594498,0.664274588808833,0.06300169433995835,1,1,0.862746677054901,0.862746677054901,3.2412951207229363e-11,dense_generalized_eigh
2020-03-01,2020-03,0.010969857978923836,0.6546847727764177,0.06243077939513916,1,1,0.862746677054901,0.862746677054901,3.2412951207229363e-11,dense_generalized_eigh
2020-03-01,2020-03,0.011489510001873092,0.6449624237479337,0.06184747077360478,1,1,0.862746677054901,0.862746677054901,3.2412951207229363e-11,dense_generalized_eigh
2020-03-01,2020-03,0.012033778407775893,0.6351136912971241,0.06125200534384767,1,1,0.862746677054901,0.862746677054901,3.2412951207229363e-11,dense_generalized_eigh
2020-03-01,2020-03,0.012603829296797275,0.6251451457808537,0.060644656508227354,1,1,0.862746677054901,0.862746677054901,3.2412951207229363e-11,dense_generalized_eigh
2020-03-01,2020-03,0.01320088400831418,0.6150637682838275,0.0600257346267231,1,1,0.862746677054901,0.862746677054901,3.2412951207229363e-11,dense_generalized_eigh
2020-03-01,2020-03,0.013826221737646556,0.6048769379054957,0.059395587234957276,1,1,0.862746677054901,0.862746677054901,3.2412951207229363e-11,dense_generalized_eigh
2020-03-01,2020-03,0.014481182276745337,0.5945924163660473,0.058754599043175273,1,1,0.862746677054901,0.862746677054901,3.2412951207229363e-11,dense_generalized_eigh
2020-03-01,2020-03,0.015167168884709226,0.5842183299353086,0.05810319170458358,1,1,0.862746677054901,0.862746677054901,3.2412951207229363e-11,dense_generalized_eigh
2020-03-01,2020-03,0.015885651294280528,0.5737631487168142,0.05744182334345365,1,1,0.862746677054901,0.862746677054901,3.2412951207229363e-11,dense_generalized_eigh
2020-03-01,2020-03,0.01663816886076129,0.5632356633489498,0.05677098783568256,1,1,0.862746677054901,0.862746677054901,3.2412951207229363e-11,dense_generalized_eigh
2020-03-01,2020-03,0.0174263338600965,0.5526449592153833,0.056091213837033305,1,1,0.862746677054901,0.862746677054901,3.2412951207229363e-11,dense_generalized_eigh
2020-03-01,2020-03,0.018251834943190434,0.5420003882876071,0.05540306355703234,1,1,0.862746677054901,0.862746677054901,3.2412951207229363e-11,dense_generalized_eigh
2020-03-01,2020-03,0.019116440753857017,0.5313115387526888,0.05470713127943472,1,1,0.862746677054901,0.862746677054901,3.2412951207229363e-11,dense_generalized_eigh
2020-03-01,2020-03,0.020022003718155844,0.5205882026088111,0.05400404163323713,1,1,0.862746677054901,0.862746677054901,3.2412951207229363e-11,dense_generalized_eigh
2020-03-01,2020-03,0.02097046401323233,0.5098403414392615,0.053294447621370936,1,1,0.862746677054901,0.862746677054901,3.2412951207229363e-11,dense_generalized_eigh
2020-03-01,2020-03,0.02196385372416546,0.4990780506016629,0.052579028417386195,1,1,0.862746677054901,0.862746677054901,3.2412951207229363e-11,dense_generalized_eigh
2020-03-01,2020-03,0.02300430119772918,0.48831152209288997,0.05185848694358225,1,1,0.862746677054901,0.862746677054901,3.2412951207229363e-11,dense_generalized_eigh
2020-03-01,2020-03,0.024094035602395245,0.4775510063707583,0.05113354724708882,1,1,0.862746677054901,0.862746677054901,3.2412951207229363e-11,dense_generalized_eigh
2020-03-01,2020-03,0.02523539170434766,0.46680677343074733,0.05040495169328976,1,1,0.862746677054901,0.862746677054901,3.2412951207229363e-11,dense_generalized_eigh
2020-03-01,2020-03,0.026430814869741057,0.4560890734493306,0.049673457998649154,1,1,0.862746677054901,0.862746677054901,3.2412951207229363e-11,dense_generalized_eigh
2020-03-01,2020-03,0.027682866303920667,0.44540809731457237,0.04893983612738709,1,1,0.862746677054901,0.862746677054901,3.2412951207229363e-11,dense_generalized_eigh
2020-03-01,2020-03,0.028994228538828767,0.43477393736930053,0.04820486507850633,1,1,0.862746677054901,0.862746677054901,3.2412951207229363e-11,dense_generalized_eigh
2020-03-01,2020-03,0.030367711180354574,0.42419654869219303,0.047469329591345436,1,1,0.862746677054901,0.862746677054901,3.2412951207229363e-11,dense_generalized_eigh
2020-03-01,2020-03,0.031806256927941194,0.4136857112374863,0.0467340167990886,1,1,0.862746677054901,0.862746677054901,3.2412951207229363e-11,dense_generalized_eigh
2020-03-01,2020-03,0.03331294787934674,0.40325099314476354,0.045999712860469,1,1,0.862746677054901,0.862746677054901,3.2412951207229363e-11,dense_generalized_eigh
2020-03-01,2020-03,0.034891012134067735,0.392901715516565,0.045267199600240955,1,1,0.862746677054901,0.862746677054901,3.2412951207229363e-11,dense_generalized_eigh
2020-03-01,2020-03,0.03654383070957257,0.3826469189436369,0.04453725118885997,1,1,0.862746677054901,0.862746677054901,3.2412951207229363e-11,dense_generalized_eigh
2020-03-01,2020-03,0.03827494478516311,0.37249533203581986,0.04381063089120038,1,1,0.862746677054901,0.862746677054901,3.2412951207229363e-11,dense_generalized_eigh
2020-03-01,2020-03,0.04008806328898465,0.3624553421913357,0.04308808791307342,1,1,0.862746677054901,0.862746677054901,3.2412951207229363e-11,dense_generalized_eigh
2020-03-01,2020-03,0.0419870708444391,0.3525349688090174,0.04237035437280865,1,1,0.862746677054901,0.862746677054901,3.2412951207229363e-11,dense_generalized_eigh
2020-03-01,2020-03,0.043976036093027214,0.34274183911742506,0.041658142423264426,1,1,0.862746677054901,0.862746677054901,3.2412951207229363e-11,dense_generalized_eigh
2020-03-01,2020-03,0.04605922041145106,0.3330831667623907,0.04095214154738047,1,1,0.862746677054901,0.862746677054901,3.2412951207229363e-11,dense_generalized_eigh
2020-03-01,2020-03,0.04824108704165369,0.32356573326093857,0.040253016047831325,1,1,0.862746677054901,0.862746677054901,3.2412951207229363e-11,dense_generalized_eigh
2020-03-01,2020-03,0.0505263106533568,0.31419587239539043,0.039561402748536964,1,1,0.862746677054901,0.862746677054901,3.2412951207229363e-11,dense_generalized_eigh
2020-03-01,2020-03,0.05291978735958442,0.30497945758738304,0.03887790892279944,1,1,0.862746677054901,0.862746677054901,3.2412951207229363e-11,dense_generalized_eigh
2020-03-01,2020-03,0.05542664520663107,0.2959218922581027,0.03820311045972269,1,1,0.862746677054901,0.862746677054901,3.2412951207229363e-11,dense_generalized_eigh
2020-03-01,2020-03,0.05805225516094899,0.28702810314883553,0.037537550277401036,1,1,0.862746677054901,0.862746677054901,3.2412951207229363e-11,dense_generalized_eigh
2020-03-01,2020-03,0.06080224261649424,0.2783025365454376,0.036881736988191076,1,1,0.862746677054901,0.862746677054901,3.2412951207229363e-11,dense_generalized_eigh
2020-03-01,2020-03,0.06368249944718586,0.2697491573219994,0.03623614381827048,1,1,0.862746677054901,0.862746677054901,3.2412951207229363e-11,dense_generalized_eigh
2020-03-01,2020-03,0.06669919663030122,0.26137145069317436,0.035601207780689245,1,1,0.862746677054901,0.862746677054901,3.2412951207229363e-11,dense_generalized_eigh
2020-03-01,2020-03,0.0698587974678525,0.2531724265416781,0.03497732909828434,1,1,0.862746677054901,0.862746677054901,3.2412951207229363e-11,dense_generalized_eigh
2020-03-01,2020-03,0.07316807143427195,0.24515462616754127,0.03436487087019614,1,1,0.862746677054901,0.862746677054901,3.2412951207229363e-11,dense_generalized_eigh
2020-03-01,2020-03,0.07663410868007459,0.23732013128898458,0.03376415897333361,1,1,0.862746677054901,0.862746677054901,3.2412951207229363e-11,dense_generalized_eigh
2020-03-01,2020-03,0.08026433522257174,0.22967057511132682,0.03317548218800778,1,1,0.862746677054901,0.862746677054901,3.2412951207229363e-11,dense_generalized_eigh
2020-03-01,2020-03,0.08406652885618325,0.22220715527014648,0.032599092535112395,1,1,0.862746677054901,0.862746677054901,3.2412951207229363e-11,dense_generalized_eigh
2020-03-01,2020-03,0.08804883581643465,0.21493064844792542,0.032035205810686807,1,1,0.862746677054901,0.862746677054901,3.2412951207229363e-11,dense_generalized_eigh
2020-03-01,2020-03,0.09221978823334327,0.2078414264594754,0.03148400230245428,1,1,0.862746677054901,0.862746677054901,3.2412951207229363e-11,dense_generalized_eigh
2020-03-01,2020-03,0.09658832241158703,0.20093947360042425,0.030945627671987365,1,1,0.862746677054901,0.862746677054901,3.2412951207229363e-11,dense_generalized_eigh
2020-03-01,2020-03,0.1011637979766207,0.19422440505468605,0.03042019398550202,1,1,0.862746677054901,0.862746677054901,3.2412951207229363e-11,dense_generalized_eigh
2020-03-01,2020-03,0.10595601792776159,0.1876954861609187,0.029907780875910665,1,1,0.862746677054901,0.862746677054901,3.2412951207229363e-11,dense_generalized_eigh
2020-03-01,2020-03,0.11097524964120721,0.18135165234421016,0.0294084368186538,1,1,0.862746677054901,0.862746677054901,3.2412951207229363e-11,dense_generalized_eigh
2020-03-01,2020-03,0.11623224686798524,0.17519152952733416,0.028922180503958016,1,1,0.862746677054901,0.862746677054901,3.2412951207229363e-11,dense_generalized_eigh
2020-03-01,2020-03,0.12173827277396614,0.16921345484560052,0.028449002288512583,1,1,0.862746677054901,0.862746677054901,3.2412951207229363e-11,dense_generalized_eigh
2020-03-01,2020-03,0.12750512407130135,0.1634154975002817,0.02798886571008978,1,1,0.862746677054901,0.862746677054901,3.2412951207229363e-11,dense_generalized_eigh
2020-03-01,2020-03,0.13354515629298988,0.1577954795975507,0.027541709049330433,1,1,0.862746677054901,0.862746677054901,3.2412951207229363e-11,dense_generalized_eigh
2020-03-01,2020-03,0.13987131026472385,0.15235099683254089,0.027107446923747624,1,1,0.862746677054901,0.862746677054901,3.2412951207229363e-11,dense_generalized_eigh
2020-03-01,2020-03,0.14649713983072857,0.1470794388912743,0.026685971899942422,1,1,0.862746677054901,0.862746677054901,3.2412951207229363e-11,dense_generalized_eigh
2020-03-01,2020-03,0.15343684089300125,0.14197800945656297,0.026277156111049152,1,1,0.862746677054901,0.862746677054901,3.2412951207229363e-11,dense_generalized_eigh
2020-03-01,2020-03,0.16070528182616392,0.1370437457173654,0.025880852867510417,1,1,0.862746677054901,0.862746677054901,3.2412951207229363e-11,dense_generalized_eigh
2020-03-01,2020-03,0.16831803533309567,0.13227353729427063,0.025496898250401072,1,1,0.862746677054901,0.862746677054901,3.2412951207229363e-11,dense_generalized_eigh
2020-03-01,2020-03,0.1762914118095948,0.1276641445066346,0.02512511267765499,1,1,0.862746677054901,0.862746677054901,3.2412951207229363e-11,dense_generalized_eigh
2020-03-01,2020-03,0.18464249428955434,0.123212215919266,0.02476530243468049,1,1,0.862746677054901,0.862746677054901,3.2412951207229363e-11,dense_generalized_eigh
2020-03-01,2020-03,0.1933891750455231,0.11891430511832941,0.02441726116196341,1,1,0.862746677054901,0.862746677054901,3.2412951207229363e-11,dense_generalized_eigh
2020-03-01,2020-03,0.20255019392306675,0.1147668866772275,0.024080771293337938,1,1,0.862746677054901,0.862746677054901,3.2412951207229363e-11,dense_generalized_eigh
2020-03-01,2020-03,0.21214517849106299,0.11076637128355538,0.02375560543964192,1,1,0.862746677054901,0.862746677054901,3.2412951207229363e-11,dense_generalized_eigh
2020-03-01,2020-03,0.22219468609395238,0.10690912000775987,0.023441527713457526,1,1,0.862746677054901,0.862746677054901,3.2412951207229363e-11,dense_generalized_eigh
2020-03-01,2020-03,0.23272024789604084,0.10319145770284162,0.023138294991561746,1,1,0.862746677054901,0.862746677054901,3.2412951207229363e-11,dense_generalized_eigh
2020-03-01,2020-03,0.24374441501222205,0.0996096855323041,0.022845658112569202,1,1,0.862746677054901,0.862746677054901,3.2412951207229363e-11,dense_generalized_eigh
2020-03-01,2020-03,0.2552908068239518,0.09616009263058523,0.02256336300803938,1,1,0.862746677054901,0.862746677054901,3.2412951207229363e-11,dense_generalized_eigh
2020-03-01,2020-03,0.26738416158399464,0.09283896690641028,0.022291151766038866,1,1,0.862746677054901,0.862746677054901,3.2412951207229363e-11,dense_generalized_eigh
2020-03-01,2020-03,0.2800503894183631,0.08964260500491733,0.02202876362679637,1,1,0.862746677054901,0.862746677054901,3.2412951207229363e-11,dense_generalized_eigh
2020-03-01,2020-03,0.29331662783900436,0.08656732144905023,0.021775935910665487,1,1,0.862746677054901,0.862746677054901,3.2412951207229363e-11,dense_generalized_eigh
2020-03-01,2020-03,0.30721129988617574,0.08360945698463712,0.021532404879117582,1,1,0.862746677054901,0.862746677054901,3.2412951207229363e-11,dense_generalized_eigh
2020-03-01,2020-03,0.3217641750250737,0.08076538615681837,0.02129790652992915,1,1,0.862746677054901,0.862746677054901,3.2412951207229363e-11,dense_generalized_eigh
2020-03-01,2020-03,0.33700643292719284,0.07803152414810127,0.021072177328105863,1,1,0.862746677054901,0.862746677054901,3.2412951207229363e-11,dense_generalized_eigh
2020-03-01,2020-03,0.352970730273065,0.07540433291035656,0.02085495487440439,1,1,0.862746677054901,0.862746677054901,3.2412951207229363e-11,dense_generalized_eigh
2020-03-01,2020-03,0.3696912707195028,0.07288032662458058,0.020645978513576014,1,1,0.862746677054901,0.862746677054901,3.2412951207229363e-11,dense_generalized_eigh
2020-03-01,2020-03,0.3872038781812555,0.07045607652327888,0.020444989884667395,1,1,0.862746677054901,0.862746677054901,3.2412951207229363e-11,dense_generalized_eigh
2020-03-01,2020-03,0.40554607358408296,0.06812821511093593,0.02025173341587857,1,1,0.862746677054901,0.862746677054901,3.2412951207229363e-11,dense_generalized_eigh
2020-03-01,2020-03,0.42475715525368984,0.06589343981826584,0.020065956766599665,1,1,0.862746677054901,0.862746677054901,3.2412951207229363e-11,dense_generalized_eigh
2020-03-01,2020-03,0.4448782831127585,0.0637485161258398,0.019887411219331224,1,1,0.862746677054901,0.862746677054901,3.2412951207229363e-11,dense_generalized_eigh
2020-03-01,2020-03,0.4659525668664682,0.061690280192303354,0.019715852024242024,1,1,0.862746677054901,0.862746677054901,3.2412951207229363e-11,dense_generalized_eigh
2020-03-01,2020-03,0.48802515836544313,0.059715641021767275,0.01955103869913711,1,1,0.862746677054901,0.862746677054901,3.2412951207229363e-11,dense_generalized_eigh
2020-03-01,2020-03,0.5111433483440168,0.057821582204123895,0.01939273528760138,1,1,0.862746677054901,0.862746677054901,3.2412951207229363e-11,dense_generalized_eigh
2020-03-01,2020-03,0.5353566677410724,0.05600516326103876,0.019240710578053922,1,1,0.862746677054901,0.862746677054901,3.2412951207229363e-11,dense_generalized_eigh
2020-03-01,2020-03,0.5607169938205459,0.05426352062922703,0.019094738286398755,1,1,0.862746677054901,0.862746677054901,3.2412951207229363e-11,dense_generalized_eigh
2020-03-01,2020-03,0.5872786613189482,0.05259386831137798,0.018954597204892263,1,1,0.862746677054901,0.862746677054901,3.2412951207229363e-11,dense_generalized_eigh
2020-03-01,2020-03,0.6150985788580501,0.05099349822376176,0.018820071319768393,1,1,0.862746677054901,0.862746677054901,3.2412951207229363e-11,dense_generalized_eigh
2020-03-01,2020-03,0.6442363508721374,0.049459780268166935,0.018690949900073254,1,1,0.862746677054901,0.862746677054901,3.2412951207229363e-11,dense_generalized_eigh
2020-03-01,2020-03,0.6747544053110693,0.04799016215439331,0.018567027560062618,1,1,0.862746677054901,0.862746677054901,3.2412951207229363e-11,dense_generalized_eigh
2020-03-01,2020-03,0.7067181273927491,0.046582168998081534,0.018448104297411616,1,1,0.862746677054901,0.862746677054901,3.2412951207229363e-11,dense_generalized_eigh
2020-03-01,2020-03,0.7401959996915645,0.04523340271721566,0.018333985509376996,1,1,0.862746677054901,0.862746677054901,3.2412951207229363e-11,dense_generalized_eigh
2020-03-01,2020-03,0.775259748862946,0.043941541249197254,0.01822448198894104,1,1,0.862746677054901,0.862746677054901,3.2412951207229363e-11,dense_generalized_eigh
2020-03-01,2020-03,0.8119844993184013,0.04270433760897511,0.01811940990285304,1,1,0.862746677054901,0.862746677054901,3.2412951207229363e-11,dense_generalized_eigh
2020-03-01,2020-03,0.8504489341802677,0.04151961880732978,0.01801859075337134,1,1,0.862746677054901,0.862746677054901,3.2412951207229363e-11,dense_generalized_eigh
2020-03-01,2020-03,0.890735463861044,0.04038528464706535,0.01792185132539669,1,1,0.862746677054901,0.862746677054901,3.2412951207229363e-11,dense_generalized_eigh
2020-03-01,2020-03,0.9329304026284686,0.03929930641355958,0.017829023620577134,1,1,0.862746677054901,0.862746677054901,3.2412951207229363e-11,dense_generalized_eigh
2020-03-01,2020-03,0.9771241535346497,0.03825972547487004,0.017739944779856798,1,1,0.862746677054901,0.862746677054901,3.2412951207229363e-11,dense_generalized_eigh
2020-03-01,2020-03,1.0234114021054528,0.03726465180539508,0.01765445699583598,1,1,0.862746677054901,0.862746677054901,3.2412951207229363e-11,dense_generalized_eigh
2020-03-01,2020-03,1.0718913192051276,0.03631226244594367,0.017572407416208666,1,1,0.862746677054901,0.862746677054901,3.2412951207229363e-11,dense_generalized_eigh
2020-03-01,2020-03,1.1226677735108135,0.03540079991198143,0.017493648039446103,1,1,0.862746677054901,0.862746677054901,3.2412951207229363e-11,dense_generalized_eigh
2020-03-01,2020-03,1.175849554052157,0.03452857056079087,0.017418035603801885,1,1,0.862746677054901,0.862746677054901,3.2412951207229363e-11,dense_generalized_eigh
2020-03-01,2020-03,1.231550603292826,0.03369394292731365,0.017345431470625134,1,1,0.862746677054901,0.862746677054901,3.2412951207229363e-11,dense_generalized_eigh
2020-03-01,2020-03,1.289890261253308,0.03289534603752926,0.017275701502884076,1,1,0.862746677054901,0.862746677054901,3.2412951207229363e-11,dense_generalized_eigh
2020-03-01,2020-03,1.3509935211980264,0.03213126770736869,0.017208715939722483,1,1,0.862746677054901,0.862746677054901,3.2412951207229363e-11,dense_generalized_eigh
2020-03-01,2020-03,1.414991297434576,0.031400252834361875,0.01714434926779627,1,1,0.862746677054901,0.862746677054901,3.2412951207229363e-11,dense_generalized_eigh
2020-03-01,2020-03,1.4820207057988586,0.030700901688471165,0.01708248009006699,1,1,0.862746677054901,0.862746677054901,3.2412951207229363e-11,dense_generalized_eigh
2020-03-01,2020-03,1.552225357427048,0.030031868207869725,0.017022990992662638,1,1,0.862746677054901,0.862746677054901,3.2412951207229363e-11,dense_generalized_eigh
2020-03-01,2020-03,1.625755666443795,0.02939185830478061,0.016965768410354663,1,1,0.862746677054901,0.862746677054901,3.2412951207229363e-11,dense_generalized_eigh
2020-03-01,2020-03,1.7027691722258995,0.028779628185897063,0.01691070249114223,1,1,0.862746677054901,0.862746677054901,3.2412951207229363e-11,dense_generalized_eigh
2020-03-01,2020-03,1.7834308769319094,0.028193982691355413,0.01685768696038177,1,1,0.862746677054901,0.862746677054901,3.2412951207229363e-11,dense_generalized_eigh
2020-03-01,2020-03,1.8679135990207827,0.027633773655727126,0.016806618984850138,1,1,0.862746677054901,0.862746677054901,3.2412951207229363e-11,dense_generalized_eigh
2020-03-01,2020-03,1.9563983435170649,0.027097898294031766,0.016757399037084317,1,1,0.862746677054901,0.862746677054901,3.2412951207229363e-11,dense_generalized_eigh
2020-03-01,2020-03,2.049074689815848,0.026585297615348447,0.01670993076029854,1,1,0.862746677054901,0.862746677054901,3.2412951207229363e-11,dense_generalized_eigh
2020-03-01,2020-03,2.1461411978584035,0.026094954866214565,0.016664120834141333,1,1,0.862746677054901,0.862746677054901,3.2412951207229363e-11,dense_generalized_eigh
2020-03-01,2020-03,2.247805833548725,0.025625894005647118,0.01661987884151976,1,1,0.862746677054901,0.862746677054901,3.2412951207229363e-11,dense_generalized_eigh
2020-03-01,2020-03,2.354286414322418,0.025177178213300414,0.01657711713668624,1,1,0.862746677054901,0.862746677054901,3.2412951207229363e-11,dense_generalized_eigh
2020-03-01,2020-03,2.4658110758226037,0.024747908431982477,0.01653575071475418,1,1,0.862746677054901,0.862746677054901,3.2412951207229363e-11,dense_generalized_eigh
2020-03-01,2020-03,2.5826187606826774,0.024337221945489373,0.016495697082782555,1,1,0.862746677054901,0.862746677054901,3.2412951207229363e-11,dense_generalized_eigh
2020-03-01,2020-03,2.704959730463134,0.023944290992479317,0.016456876132546004,1,1,0.862746677054901,0.862746677054901,3.2412951207229363e-11,dense_generalized_eigh
2020-03-01,2020-03,2.833096101839324,0.02356832141689562,0.016419210015085967,1,1,0.862746677054901,0.862746677054901,3.2412951207229363e-11,dense_generalized_eigh
2020-03-01,2020-03,2.9673024081888695,0.023208551355256957,0.016382623017119773,1,1,0.862746677054901,0.862746677054901,3.2412951207229363e-11,dense_generalized_eigh
2020-03-01,2020-03,3.107866187782014,0.022864249960963524,0.016347041439368274,1,1,0.862746677054901,0.862746677054901,3.2412951207229363e-11,dense_generalized_eigh
2020-03-01,2020-03,3.2550885998350596,0.02253471616561713,0.01631239347684817,1,1,0.862746677054901,0.862746677054901,3.2412951207229363e-11,dense_generalized_eigh
2020-03-01,2020-03,3.409285069746811,0.022219277477220137,0.01627860910116317,1,1,0.862746677054901,0.862746677054901,3.2412951207229363e-11,dense_generalized_eigh
2020-03-01,2020-03,3.5707859649004625,0.02191728881500126,0.01624561994481763,1,1,0.862746677054901,0.862746677054901,3.2412951207229363e-11,dense_generalized_eigh
2020-03-01,2020-03,3.739937302478798,0.021628131380514413,0.0162133591875678,1,1,0.862746677054901,0.862746677054901,3.2412951207229363e-11,dense_generalized_eigh
2020-03-01,2020-03,3.9171014908092605,0.021351211564568234,0.016181761444819143,1,1,0.862746677054901,0.862746677054901,3.2412951207229363e-11,dense_generalized_eigh
2020-03-01,2020-03,4.102658105827195,0.021085959889468323,0.016150762658072842,1,1,0.862746677054901,0.862746677054901,3.2412951207229363e-11,dense_generalized_eigh
2020-03-01,2020-03,4.297004704320839,0.020831829985989612,0.016120299987421233,1,1,0.862746677054901,0.862746677054901,3.2412951207229363e-11,dense_generalized_eigh
2020-03-01,2020-03,4.500557675700498,0.020588297604442515,0.016090311706089794,1,1,0.862746677054901,0.862746677054901,3.2412951207229363e-11,dense_generalized_eigh
2020-03-01,2020-03,4.7137531341167245,0.020354859659152007,0.016060737097022687,1,1,0.862746677054901,0.862746677054901,3.2412951207229363e-11,dense_generalized_eigh
2020-03-01,2020-03,4.937047852839004,0.020131033305632928,0.016031516351509793,1,1,0.862746677054901,0.862746677054901,3.2412951207229363e-11,dense_generalized_eigh
2020-03-01,2020-03,5.17092024289676,0.019916355049717324,0.016002590469855395,1,1,0.862746677054901,0.862746677054901,3.2412951207229363e-11,dense_generalized_eigh
2020-03-01,2020-03,5.415871378079471,0.019710379887868675,0.015973901164092284,1,1,0.862746677054901,0.862746677054901,3.2412951207229363e-11,dense_generalized_eigh
2020-03-01,2020-03,5.672426068491977,0.01951268047790414,0.015945390762749912,1,1,0.862746677054901,0.862746677054901,3.2412951207229363e-11,dense_generalized_eigh
2020-03-01,2020-03,5.941133984965034,0.019322846339337785,0.015917002117691634,1,1,0.862746677054901,0.862746677054901,3.2412951207229363e-11,dense_generalized_eigh
2020-03-01,2020-03,6.222570836730231,0.019140483082555153,0.015888678513043562,1,1,0.862746677054901,0.862746677054901,3.2412951207229363e-11,dense_generalized_eigh
2020-03-01,2020-03,6.517339604882427,0.018965211666032062,0.015860363576246428,1,1,0.862746677054901,0.862746677054901,3.2412951207229363e-11,dense_generalized_eigh
2020-03-01,2020-03,6.826071834272386,0.018796667680817176,0.01583200119127202,1,1,0.862746677054901,0.862746677054901,3.2412951207229363e-11,dense_generalized_eigh
2020-03-01,2020-03,7.149428986597577,0.018634500661509207,0.01580353541405737,1,1,0.862746677054901,0.862746677054901,3.2412951207229363e-11,dense_generalized_eigh
2020-03-01,2020-03,7.488103857590023,0.018478373422974082,0.015774910390222385,1,1,0.862746677054901,0.862746677054901,3.2412951207229363e-11,dense_generalized_eigh
2020-03-01,2020-03,7.842822061337682,0.01832796142206594,0.015746070275151035,1,1,0.862746677054901,0.862746677054901,3.2412951207229363e-11,dense_generalized_eigh
2020-03-01,2020-03,8.21434358491943,0.018182952143636927,0.015716959156531252,1,1,0.862746677054901,0.862746677054901,3.2412951207229363e-11,dense_generalized_eigh
2020-03-01,2020-03,8.603464416684501,0.01804304451014522,0.015687520979465734,1,1,0.862746677054901,0.862746677054901,3.2412951207229363e-11,dense_generalized_eigh
2020-03-01,2020-03,9.01101825166502,0.01790794831419759,0.01565769947428358,1,1,0.862746677054901,0.862746677054901,3.2412951207229363e-11,dense_generalized_eigh
2020-03-01,2020-03,9.437878277775381,0.01777738367339214,0.01562743808720216,1,1,0.862746677054901,0.862746677054901,3.2412951207229363e-11,dense_generalized_eigh
2020-03-01,2020-03,9.884959046625585,0.01765108050685856,0.01559667991400923,1,1,0.862746677054901,0.862746677054901,3.2412951207229363e-11,dense_generalized_eigh
2020-03-01,2020-03,10.353218432956627,0.017528778032926833,0.01556536763695697,1,1,0.862746677054901,0.862746677054901,3.2412951207229363e-11,dense_generalized_eigh
2020-03-01,2020-03,10.843659686896109,0.0174102242873912,0.015533443465083025,1,1,0.862746677054901,0.862746677054901,3.2412951207229363e-11,dense_generalized_eigh
2020-03-01,2020-03,11.357333583431052,0.017295175661873285,0.015500849078197635,1,1,0.862746677054901,0.862746677054901,3.2412951207229363e-11,dense_generalized_eigh
2020-03-01,2020-03,11.895340673703195,0.017183396461827535,0.015467525574801478,1,1,0.862746677054901,0.862746677054901,3.2412951207229363e-11,dense_generalized_eigh
2020-03-01,2020-03,12.458833642950081,0.017074658483772612,0.015433413424225374,1,1,0.862746677054901,0.862746677054901,3.2412951207229363e-11,dense_generalized_eigh
2020-03-01,2020-03,13.049019780144029,0.016968740611374072,0.01539845242331013,1,1,0.862746677054901,0.862746677054901,3.2412951207229363e-11,dense_generalized_eigh
2020-03-01,2020-03,13.667163564620074,0.01686542843004698,0.015362581657973348,1,1,0.862746677054901,0.862746677054901,3.2412951207229363e-11,dense_generalized_eigh
2020-03-01,2020-03,14.314589375234785,0.01676451385979094,0.015325739470038563,1,1,0.862746677054901,0.862746677054901,3.2412951207229363e-11,dense_generalized_eigh
2020-03-01,2020-03,14.992684327860456,0.016665794806015218,0.01528786342973164,1,1,0.862746677054901,0.862746677054901,3.2412951207229363e-11,dense_generalized_eigh
2020-03-01,2020-03,15.702901247293775,0.01656907482815718,0.015248890314278753,1,1,0.862746677054901,0.862746677054901,3.2412951207229363e-11,dense_generalized_eigh
2020-03-01,2020-03,16.446761779946645,0.01647416282594349,0.015208756093069941,1,1,0.862746677054901,0.862746677054901,3.2412951207229363e-11,dense_generalized_eigh
2020-03-01,2020-03,17.225859653987875,0.016380872743189976,0.015167395919881293,1,1,0.862746677054901,0.862746677054901,3.2412951207229363e-11,dense_generalized_eigh
2020-03-01,2020-03,18.04186409392072,0.01628902328908249,0.015124744132677507,1,1,0.862746677054901,0.862746677054901,3.2412951207229363e-11,dense_generalized_eigh
2020-03-01,2020-03,18.896523396912098,0.01619843767692738,0.015080734261543794,1,1,0.862746677054901,0.862746677054901,3.2412951207229363e-11,dense_generalized_eigh
2020-03-01,2020-03,19.791668678535572,0.016108943380405683,0.015035299045322048,1,1,0.862746677054901,0.862746677054901,3.2412951207229363e-11,dense_generalized_eigh
2020-03-01,2020-03,20.72921779595372,0.016020371907409892,0.014988370457549924,1,1,0.862746677054901,0.862746677054901,3.2412951207229363e-11,dense_generalized_eigh
2020-03-01,2020-03,21.711179456945054,0.01593255859158528,0.01493987974232248,1,1,0.862746677054901,0.862746677054901,3.2412951207229363e-11,dense_generalized_eigh
2020-03-01,2020-03,22.739657523579275,0.015845342401739335,0.014889757460713828,1,1,0.862746677054901,0.862746677054901,3.2412951207229363e-11,dense_generalized_eigh
2020-03-01,2020-03,23.81685551976158,0.015758565769321744,0.014837933548409891,1,1,0.862746677054901,0.862746677054901,3.2412951207229363e-11,dense_generalized_eigh
2020-03-01,2020-03,24.945081352303166,0.01567207443421359,0.014784337385212211,1,1,0.862746677054901,0.862746677054901,3.2412951207229363e-11,dense_generalized_eigh
2020-03-01,2020-03,26.126752255633292,0.0155857173090968,0.014728897877075924,1,1,0.862746677054901,0.862746677054901,3.2412951207229363e-11,dense_generalized_eigh
2020-03-01,2020-03,27.36439997074672,0.015499346362703184,0.014671543551341665,1,1,0.862746677054901,0.862746677054901,3.2412951207229363e-11,dense_generalized_eigh
2020-03-01,2020-03,28.660676169482503,0.015412816522265553,0.014612202665810136,1,1,0.862746677054901,0.862746677054901,3.2412951207229363e-11,dense_generalized_eigh
2020-03-01,2020-03,30.01835813575589,0.015325985595510563,0.014550803332288607,1,1,0.862746677054901,0.862746677054901,3.2412951207229363e-11,dense_generalized_eigh
2020-03-01,2020-03,31.440354715915,0.015238714212543632,0.01448727365520957,1,1,0.862746677054901,0.862746677054901,3.2412951207229363e-11,dense_generalized_eigh
2020-03-01,2020-03,32.929712550971516,0.015150865787978801,0.014421541885881805,1,1,0.862746677054901,0.862746677054901,3.2412951207229363e-11,dense_generalized_eigh
2020-03-01,2020-03,34.489622604057594,0.015062306503660666,0.01435353659288269,1,1,0.862746677054901,0.862746677054901,3.2412951207229363e-11,dense_generalized_eigh
2020-03-01,2020-03,36.123426997094306,0.014972905312309779,0.014283186849036062,1,1,0.862746677054901,0.862746677054901,3.2412951207229363e-11,dense_generalized_eigh
2020-03-01,2020-03,37.83462617131929,0.014882533962396324,0.014210422435341576,1,1,0.862746677054901,0.862746677054901,3.2412951207229363e-11,dense_generalized_eigh
2020-03-01,2020-03,39.626886387014785,0.014791067044508732,0.01413517406212824,1,1,0.862746677054901,0.862746677054901,3.2412951207229363e-11,dense_generalized_eigh
2020-03-01,2020-03,41.50404757850477,0.014698382059432259,0.014057373607595678,1,1,0.862746677054901,0.862746677054901,3.2412951207229363e-11,dense_generalized_eigh
2020-03-01,2020-03,43.470131581250264,0.014604359508087524,0.013976954373780963,1,1,0.862746677054901,0.862746677054901,3.2412951207229363e-11,dense_generalized_eigh
2020-03-01,2020-03,45.52935074866948,0.014508883003398462,0.013893851359845884,1,1,0.862746677054901,0.862746677054901,3.2412951207229363e-11,dense_generalized_eigh
2020-03-01,2020-03,47.68611697714469,0.014411839404062958,0.0138080015524189,1,1,0.862746677054901,0.862746677054901,3.2412951207229363e-11,dense_generalized_eigh
2020-03-01,2020-03,49.9450511585514,0.01431311897008651,0.013719344232547517,1,1,0.862746677054901,0.862746677054901,3.2412951207229363e-11,dense_generalized_eigh
2020-03-01,2020-03,52.31099308056263,0.014212615539808886,0.013627821298620639,1,1,0.862746677054901,0.862746677054901,3.2412951207229363e-11,dense_generalized_eigh
2020-03-01,2020-03,54.78901179593945,0.014110226728005562,0.013533377604407003,1,1,0.862746677054901,0.862746677054901,3.2412951207229363e-11,dense_generalized_eigh
2020-03-01,2020-03,57.38441648302393,0.014005854144479682,0.013435961311125807,1,1,0.862746677054901,0.862746677054901,3.2412951207229363e-11,dense_generalized_eigh
2020-03-01,2020-03,60.10276782070382,0.013899403632375944,0.013335524252220716,1,1,0.862746677054901,0.862746677054901,3.2412951207229363e-11,dense_generalized_eigh
2020-03-01,2020-03,62.94988990221888,0.013790785525246294,0.013232022309250009,1,1,0.862746677054901,0.862746677054901,3.2412951207229363e-11,dense_generalized_eigh
2020-03-01,2020-03,65.93188271333548,0.013679914921678572,0.01312541579703609,1,1,0.862746677054901,0.862746677054901,3.2412951207229363e-11,dense_generalized_eigh
2020-03-01,2020-03,69.0551352016233,0.013566711976065356,0.01301566985594002,1,1,0.862746677054901,0.862746677054901,3.2412951207229363e-11,dense_generalized_eigh
2020-03-01,2020-03,72.32633896483533,0.013451102203842066,0.012902754848844199,1,1,0.862746677054901,0.862746677054901,3.2412951207229363e-11,dense_generalized_eigh
2020-03-01,2020-03,75.75250258771912,0.013333016799263693,0.012786646760142852,1,1,0.862746677054901,0.862746677054901,3.2412951207229363e-11,dense_generalized_eigh
2020-03-01,2020-03,79.34096665797492,0.013212392963520763,0.012667327593760791,1,1,0.862746677054901,0.862746677054901,3.2412951207229363e-11,dense_generalized_eigh
2020-03-01,2020-03,83.09941949353396,0.013089174240720635,0.012544785766949904,1,1,0.862746677054901,0.862746677054901,3.2412951207229363e-11,dense_generalized_eigh
2020-03-01,2020-03,87.03591361485165,0.012963310858983968,0.012419016496356914,1,1,0.862746677054901,0.862746677054901,3.2412951207229363e-11,dense_generalized_eigh
2020-03-01,2020-03,91.15888299750827,0.01283476007363248,0.012290022172620488,1,1,0.862746677054901,0.862746677054901,3.2412951207229363e-11,dense_generalized_eigh
2020-03-01,2020-03,95.47716114208056,0.012703486509178042,0.012157812719547148,1,1,0.862746677054901,0.862746677054901,3.2412951207229363e-11,dense_generalized_eigh
2020-03-01,2020-03,100.0,0.012569462496570276,0.01202240593374081,1,1,0.862746677054901,0.862746677054901,3.2412951207229363e-11,dense_generalized_eigh
