date,date_month,state_index,solver_backend,max_interval_residual,d_2,kappa5_2,d_4,kappa5_4
1992-11-01,1992-11,0,dense_generalized_eigh,2.733017734871115e-12,1,0.038444180975927604,1,0.038444180975927604
1992-12-01,1992-12,1,dense_generalized_eigh,6.978963813196699e-12,1,0.04940241285258141,1,0.04940241285258141
1993-01-01,1993-01,2,dense_generalized_eigh,0.0,0,,0,
1993-02-01,1993-02,3,dense_generalized_eigh,0.0,0,,0,
1993-03-01,1993-03,4,dense_generalized_eigh,0.0,0,,0,
1993-04-01,1993-04,5,dense_generalized_eigh,4.284405534464424e-12,1,0.019326879842463545,1,0.019326879842463545
1993-05-01,1993-05,6,dense_generalized_eigh,2.0064798969195068e-12,1,0.03788758048893428,1,0.03788758048893428
1993-06-01,1993-06,7,dense_generalized_eigh,9.568872736389914e-12,1,0.030523210697380388,1,0.030523210697380388
1993-07-01,1993-07,8,dense_generalized_eigh,6.832458246043202e-13,1,0.032565904450036307,0,
1993-08-01,1993-08,9,dense_generalized_eigh,7.791805617494206e-13,1,0.03060425531125789,0,
1993-09-01,1993-09,10,dense_generalized_eigh,1.2531525513199386e-12,1,0.027242375168453452,1,0.027242375168453452
1993-10-01,1993-10,11,dense_generalized_eigh,0.0,0,,0,
1993-11-01,1993-11,12,dense_generalized_eigh,1.4006515151663791e-11,1,0.03536982002296323,1,0.03536982002296323
1993-12-01,1993-12,13,dense_generalized_eigh,5.910212683108527e-13,1,0.027180435238420765,0,
1994-01-01,1994-01,14,dense_generalized_eigh,0.0,0,,0,
1994-02-01,1994-02,15,dense_generalized_eigh,5.6303201361670604e-11,1,0.056723675177049585,1,0.056723675177049585
1994-03-01,1994-03,16,dense_generalized_eigh,1.6267277286092533e-11,1,0.024208916251251326,1,0.024208916251251326
1994-04-01,1994-04,17,dense_generalized_eigh,3.4856159442826393e-11,1,0.043285769898357446,1,0.043285769898357446
1994-05-01,1994-05,18,dense_generalized_eigh,1.7069269739335657e-11,1,0.0315427807946986,1,0.0315427807946986
1994-06-01,1994-06,19,dense_generalized_eigh,0.0,0,,0,
1994-07-01,1994-07,20,dense_generalized_eigh,4.246398671812371e-12,1,0.031191954674993957,1,0.031191954674993957
1994-08-01,1994-08,21,dense_generalized_eigh,0.0,0,,0,
1994-09-01,1994-09,22,dense_generalized_eigh,1.7020005947766753e-11,1,0.043721263600996825,1,0.043721263600996825
1994-10-01,1994-10,23,dense_generalized_eigh,0.0,0,,0,
1994-11-01,1994-11,24,dense_generalized_eigh,1.9455337566527345e-11,1,0.07327679840410288,1,0.07327679840410288
1994-12-01,1994-12,25,dense_generalized_eigh,1.8481674592135433e-11,1,0.10008194955281519,1,0.10008194955281519
1995-01-01,1995-01,26,dense_generalized_eigh,1.6908591924485607e-11,1,0.1783065207475826,1,0.1783065207475826
1995-02-01,1995-02,27,dense_generalized_eigh,0.0,0,,0,
1995-03-01,1995-03,28,dense_generalized_eigh,0.0,0,,0,
1995-04-01,1995-04,29,dense_generalized_eigh,8.045592665862888e-13,1,0.0523114211410958,0,
1995-05-01,1995-05,30,dense_generalized_eigh,0.0,0,,0,
1995-06-01,1995-06,31,dense_generalized_eigh,1.7284539171162643e-11,1,0.017461110988174957,1,0.017461110988174957
1995-07-01,1995-07,32,dense_generalized_eigh,2.933656060658649e-11,1,0.04255202748796942,1,0.04255202748796942
1995-08-01,1995-08,33,dense_generalized_eigh,1.6069611542207864e-11,1,0.011332230656446403,1,0.011332230656446403
1995-09-01,1995-09,34,dense_generalized_eigh,1.1348936441488987e-11,1,0.013757202585451564,1,0.013757202585451564
1995-10-01,1995-10,35,dense_generalized_eigh,1.564442381869062e-12,1,0.03266916366236192,1,0.03266916366236192
1995-11-01,1995-11,36,dense_generalized_eigh,0.0,0,,0,
1995-12-01,1995-12,37,dense_generalized_eigh,1.7265004284209967e-12,1,0.04692731964403585,1,0.04692731964403585
1996-01-01,1996-01,38,dense_generalized_eigh,0.0,0,,0,
1996-02-01,1996-02,39,dense_generalized_eigh,7.371025577717795e-12,1,0.09622346992325398,1,0.09622346992325398
1996-03-01,1996-03,40,dense_generalized_eigh,6.46630838462042e-12,1,0.07416152696634251,1,0.07416152696634251
1996-04-01,1996-04,41,dense_generalized_eigh,2.939084617585696e-12,1,0.08952711796580122,1,0.08952711796580122
1996-05-01,1996-05,42,dense_generalized_eigh,0.0,0,,0,
1996-06-01,1996-06,43,dense_generalized_eigh,8.471178683501886e-13,1,0.053045887327577965,0,
1996-07-01,1996-07,44,dense_generalized_eigh,8.944163240675141e-12,1,0.038862244093791284,1,0.038862244093791284
1996-08-01,1996-08,45,dense_generalized_eigh,6.978261314966861e-12,1,0.021927586019360134,1,0.021927586019360134
1996-09-01,1996-09,46,dense_generalized_eigh,2.942111411603748e-11,1,0.04342777932507173,1,0.04342777932507173
1996-10-01,1996-10,47,dense_generalized_eigh,8.736448125435183e-13,1,0.030185462778710634,0,
1996-11-01,1996-11,48,dense_generalized_eigh,1.6957038883719297e-12,1,0.05188447378409669,1,0.05188447378409669
1996-12-01,1996-12,49,dense_generalized_eigh,1.0546743656845454e-11,1,0.04115045196545434,1,0.04115045196545434
1997-01-01,1997-01,50,dense_generalized_eigh,8.86959508254672e-12,1,0.03623912935388507,1,0.03623912935388507
1997-02-01,1997-02,51,dense_generalized_eigh,2.51465206604778e-12,1,0.06250818116122508,1,0.06250818116122508
1997-03-01,1997-03,52,dense_generalized_eigh,2.122104050959094e-11,1,0.05965243288350063,1,0.05965243288350063
1997-04-01,1997-04,53,dense_generalized_eigh,1.1798633848367241e-12,1,0.04359166441090722,1,0.04359166441090722
1997-05-01,1997-05,54,dense_generalized_eigh,3.07765472129976e-11,1,0.11418131349326989,1,0.11418131349326989
1997-06-01,1997-06,55,dense_generalized_eigh,5.545471716472839e-12,1,0.05415947002967052,1,0.05415947002967052
1997-07-01,1997-07,56,dense_generalized_eigh,2.6701574990806358e-12,1,0.04814082922194804,1,0.04814082922194804
1997-08-01,1997-08,57,dense_generalized_eigh,2.618164251676338e-11,1,0.06264778787723785,1,0.06264778787723785
1997-09-01,1997-09,58,dense_generalized_eigh,9.124477690849616e-12,1,0.030032387025810296,1,0.030032387025810296
1997-10-01,1997-10,59,dense_generalized_eigh,0.0,0,,0,
1997-11-01,1997-11,60,dense_generalized_eigh,2.1860427073039513e-12,1,0.019114111880180338,1,0.019114111880180338
1997-12-01,1997-12,61,dense_generalized_eigh,0.0,0,,0,
1998-01-01,1998-01,62,dense_generalized_eigh,7.80619167403689e-12,1,0.021482961367882275,1,0.021482961367882275
1998-02-01,1998-02,63,dense_generalized_eigh,4.209427074967596e-12,1,0.024344320919679637,1,0.024344320919679637
1998-03-01,1998-03,64,dense_generalized_eigh,3.0473417488425215e-12,1,0.027900828446821638,1,0.027900828446821638
1998-04-01,1998-04,65,dense_generalized_eigh,2.2718338785067992e-11,1,0.03412537455866744,1,0.03412537455866744
1998-05-01,1998-05,66,dense_generalized_eigh,1.6414124876329541e-12,1,0.03315211017847834,1,0.03315211017847834
1998-06-01,1998-06,67,dense_generalized_eigh,1.0047677662398488e-12,1,0.020024252053808225,1,0.020024252053808225
1998-07-01,1998-07,68,dense_generalized_eigh,3.6197817068848843e-12,1,0.022152012118961593,1,0.022152012118961593
1998-08-01,1998-08,69,dense_generalized_eigh,5.4072842705142294e-12,1,0.028089243014904026,1,0.028089243014904026
1998-09-01,1998-09,70,dense_generalized_eigh,3.5007626459853804e-11,1,0.03109716613828092,1,0.03109716613828092
1998-10-01,1998-10,71,dense_generalized_eigh,3.8903952765523077e-11,1,0.23538296610998558,1,0.23538296610998558
1998-11-01,1998-11,72,dense_generalized_eigh,2.8747666437854277e-11,1,0.06981959022618862,1,0.06981959022618862
1998-12-01,1998-12,73,dense_generalized_eigh,6.648700016569266e-12,1,0.031016962825062052,1,0.031016962825062052
1999-01-01,1999-01,74,dense_generalized_eigh,1.169327737017108e-11,1,0.04986786102431864,1,0.04986786102431864
1999-02-01,1999-02,75,dense_generalized_eigh,2.5362963284067845e-12,1,0.05600365432487289,1,0.05600365432487289
1999-03-01,1999-03,76,dense_generalized_eigh,6.854314429327069e-12,1,0.06157163773393467,1,0.06157163773393467
1999-04-01,1999-04,77,dense_generalized_eigh,7.619088455913605e-12,1,0.10004596597435414,1,0.10004596597435414
1999-05-01,1999-05,78,dense_generalized_eigh,4.5097881005753774e-11,1,0.27325393026028943,1,0.27325393026028943
1999-06-01,1999-06,79,dense_generalized_eigh,2.460600472206472e-11,1,0.1700211298474187,1,0.1700211298474187
1999-07-01,1999-07,80,dense_generalized_eigh,4.657897560093949e-13,1,0.033021523604405766,0,
1999-08-01,1999-08,81,dense_generalized_eigh,2.292831801509767e-11,1,0.044782315411528065,1,0.044782315411528065
1999-09-01,1999-09,82,dense_generalized_eigh,4.954821790958349e-12,1,0.027902530347097908,1,0.027902530347097908
1999-10-01,1999-10,83,dense_generalized_eigh,2.1626226753782017e-11,1,0.0623380924640828,1,0.0623380924640828
1999-11-01,1999-11,84,dense_generalized_eigh,2.923740927890276e-11,1,0.05805218067825623,1,0.05805218067825623
1999-12-01,1999-12,85,dense_generalized_eigh,1.0059870552041608e-11,1,0.03180148656720015,1,0.03180148656720015
2000-01-01,2000-01,86,dense_generalized_eigh,1.1249714978990648e-11,1,0.018221790187733795,1,0.018221790187733795
2000-02-01,2000-02,87,dense_generalized_eigh,4.929397249244981e-12,1,0.016889753509094357,1,0.016889753509094357
2000-03-01,2000-03,88,dense_generalized_eigh,1.4965804443656424e-11,1,0.018954173930820988,1,0.018954173930820988
2000-04-01,2000-04,89,dense_generalized_eigh,6.266233437206556e-12,1,0.013579621925452123,1,0.013579621925452123
2000-05-01,2000-05,90,dense_generalized_eigh,2.8237301093386307e-11,1,0.026214772585864514,1,0.026214772585864514
2000-06-01,2000-06,91,dense_generalized_eigh,3.2196487562019086e-12,1,0.007439513323814683,1,0.007439513323814683
2000-07-01,2000-07,92,dense_generalized_eigh,4.306366488311353e-12,1,0.013678021343339,1,0.013678021343339
2000-08-01,2000-08,93,dense_generalized_eigh,1.2285991567414687e-11,1,0.015622861526418064,1,0.015622861526418064
2000-09-01,2000-09,94,dense_generalized_eigh,2.380598404180534e-11,1,0.03251951058122736,1,0.03251951058122736
2000-10-01,2000-10,95,dense_generalized_eigh,2.8851338113258176e-11,1,0.05228691662650332,1,0.05228691662650332
2000-11-01,2000-11,96,dense_generalized_eigh,1.3883716498262993e-11,1,0.02311823411368215,1,0.02311823411368215
2000-12-01,2000-12,97,dense_generalized_eigh,3.279279676637717e-11,1,0.03412691070726872,1,0.03412691070726872
2001-01-01,2001-01,98,dense_generalized_eigh,2.9815750909435546e-11,1,0.22702906864287395,1,0.22702906864287395
2001-02-01,2001-02,99,dense_generalized_eigh,2.593702122623047e-11,1,0.04963985365494047,1,0.04963985365494047
2001-03-01,2001-03,100,dense_generalized_eigh,1.6883274345823037e-11,1,0.020069203528070654,1,0.020069203528070654
2001-04-01,2001-04,101,dense_generalized_eigh,2.727959776063396e-11,1,0.08663367396724404,1,0.08663367396724404
2001-05-01,2001-05,102,dense_generalized_eigh,1.6500511720994176e-11,1,0.019009721370149026,1,0.019009721370149026
2001-06-01,2001-06,103,dense_generalized_eigh,0.0,0,,0,
2001-07-01,2001-07,104,dense_generalized_eigh,0.0,0,,0,
2001-08-01,2001-08,105,dense_generalized_eigh,0.0,0,,0,
2001-09-01,2001-09,106,dense_generalized_eigh,2.9602713345597565e-12,1,0.006734555820685388,1,0.006734555820685388
2001-10-01,2001-10,107,dense_generalized_eigh,1.7055376120372053e-11,1,0.023616566546823044,1,0.023616566546823044
2001-11-01,2001-11,108,dense_generalized_eigh,3.437704464528907e-12,1,0.009223589247718402,1,0.009223589247718402
2001-12-01,2001-12,109,dense_generalized_eigh,2.705671416992641e-11,1,0.024254623464393436,1,0.024254623464393436
2002-01-01,2002-01,110,dense_generalized_eigh,6.985770382267468e-13,1,0.013378314803342343,0,
2002-02-01,2002-02,111,dense_generalized_eigh,4.559356733403057e-12,1,0.0069969997828274,1,0.0069969997828274
2002-03-01,2002-03,112,dense_generalized_eigh,1.2167244675048863e-11,1,0.008352189910176815,1,0.008352189910176815
2002-04-01,2002-04,113,dense_generalized_eigh,3.601780251512457e-12,1,0.009458724437452182,1,0.009458724437452182
2002-05-01,2002-05,114,dense_generalized_eigh,1.4857938653854838e-11,1,0.021618683815756465,1,0.021618683815756465
2002-06-01,2002-06,115,dense_generalized_eigh,2.089139955930345e-12,1,0.017350479090261054,1,0.017350479090261054
2002-07-01,2002-07,116,dense_generalized_eigh,4.744142871190658e-12,1,0.025178115005392777,1,0.025178115005392777
2002-08-01,2002-08,117,dense_generalized_eigh,6.067703527907076e-12,1,0.020449074573436452,1,0.020449074573436452
2002-09-01,2002-09,118,dense_generalized_eigh,1.246941190109774e-12,1,0.03818833882450052,1,0.03818833882450052
2002-10-01,2002-10,119,dense_generalized_eigh,1.3807881661513534e-11,1,0.05439601965831237,1,0.05439601965831237
2002-11-01,2002-11,120,dense_generalized_eigh,0.0,0,,0,
2002-12-01,2002-12,121,dense_generalized_eigh,5.297659562676541e-13,1,0.046979450672098716,0,
2003-01-01,2003-01,122,dense_generalized_eigh,0.0,0,,0,
2003-02-01,2003-02,123,dense_generalized_eigh,1.6407900393760955e-12,1,0.01958120225316221,1,0.01958120225316221
2003-03-01,2003-03,124,dense_generalized_eigh,9.409810835197989e-13,1,0.043803022773759574,1,0.043803022773759574
2003-04-01,2003-04,125,dense_generalized_eigh,0.0,0,,0,
2003-05-01,2003-05,126,dense_generalized_eigh,1.3326956660498105e-11,1,0.017875883633629814,1,0.017875883633629814
2003-06-01,2003-06,127,dense_generalized_eigh,3.97504734066758e-11,1,0.032103885131615675,1,0.032103885131615675
2003-07-01,2003-07,128,dense_generalized_eigh,0.0,0,,0,
2003-08-01,2003-08,129,dense_generalized_eigh,2.4845598380905112e-12,1,0.01645267493013657,1,0.01645267493013657
2003-09-01,2003-09,130,dense_generalized_eigh,4.089697417827071e-12,1,0.00686764070710848,1,0.00686764070710848
2003-10-01,2003-10,131,dense_generalized_eigh,5.461861597490291e-12,1,0.026461955107078505,1,0.026461955107078505
2003-11-01,2003-11,132,dense_generalized_eigh,8.64416204113645e-12,1,0.019020838440625857,1,0.019020838440625857
2003-12-01,2003-12,133,dense_generalized_eigh,1.0758116397517788e-11,1,0.02787566696353857,1,0.02787566696353857
2004-01-01,2004-01,134,dense_generalized_eigh,3.671311233345069e-11,1,0.04986004717187707,1,0.04986004717187707
2004-02-01,2004-02,135,dense_generalized_eigh,0.0,0,,0,
2004-03-01,2004-03,136,dense_generalized_eigh,1.2881950767678029e-11,1,0.023906780699767115,1,0.023906780699767115
2004-04-01,2004-04,137,dense_generalized_eigh,1.7656908439605872e-11,1,0.023129215088149357,1,0.023129215088149357
2004-05-01,2004-05,138,dense_generalized_eigh,4.737390704181806e-12,1,0.029435744263991346,1,0.029435744263991346
2004-06-01,2004-06,139,dense_generalized_eigh,2.378575478679015e-11,1,0.031247084556507723,1,0.031247084556507723
2004-07-01,2004-07,140,dense_generalized_eigh,7.71041493249198e-12,1,0.022294035459155512,1,0.022294035459155512
2004-08-01,2004-08,141,dense_generalized_eigh,6.9902173111572005e-12,1,0.032906439883098854,1,0.032906439883098854
2004-09-01,2004-09,142,dense_generalized_eigh,1.3337087026883132e-12,1,0.037808016454561666,1,0.037808016454561666
2004-10-01,2004-10,143,dense_generalized_eigh,4.886678983878822e-13,1,0.033528404947178396,0,
2004-11-01,2004-11,144,dense_generalized_eigh,2.4224953712888102e-11,1,0.030898765918970447,1,0.030898765918970447
2004-12-01,2004-12,145,dense_generalized_eigh,2.7958471613839173e-12,1,0.017160010640482625,1,0.017160010640482625
2005-01-01,2005-01,146,dense_generalized_eigh,4.627984147563882e-12,1,0.047312900506377556,1,0.047312900506377556
2005-02-01,2005-02,147,dense_generalized_eigh,2.740551669052895e-11,1,0.08348349052004175,1,0.08348349052004175
2005-03-01,2005-03,148,dense_generalized_eigh,0.0,0,,0,
2005-04-01,2005-04,149,dense_generalized_eigh,8.235818581194605e-12,1,0.06662091763228319,1,0.06662091763228319
2005-05-01,2005-05,150,dense_generalized_eigh,1.4724763850194976e-11,1,0.055792890004671365,1,0.055792890004671365
2005-06-01,2005-06,151,dense_generalized_eigh,1.567516973049021e-11,1,0.055707420526079625,1,0.055707420526079625
2005-07-01,2005-07,152,dense_generalized_eigh,2.1017783320802405e-11,1,0.040770059300007586,1,0.040770059300007586
2005-08-01,2005-08,153,dense_generalized_eigh,8.272349218330296e-12,1,0.02684867524904542,1,0.02684867524904542
2005-09-01,2005-09,154,dense_generalized_eigh,1.927247797594145e-11,1,0.031512485617583914,1,0.031512485617583914
2005-10-01,2005-10,155,dense_generalized_eigh,1.2547539536180474e-11,1,0.08126349516267235,1,0.08126349516267235
2005-11-01,2005-11,156,dense_generalized_eigh,0.0,0,,0,
2005-12-01,2005-12,157,dense_generalized_eigh,4.575758893613869e-12,1,0.05103579748987715,1,0.05103579748987715
2006-01-01,2006-01,158,dense_generalized_eigh,0.0,0,,0,
2006-02-01,2006-02,159,dense_generalized_eigh,3.8117577589044845e-13,1,0.036486216574228056,0,
2006-03-01,2006-03,160,dense_generalized_eigh,2.88666348709427e-11,1,0.05308465097138007,1,0.05308465097138007
2006-04-01,2006-04,161,dense_generalized_eigh,7.781328173263076e-13,1,0.03304091478803032,0,
2006-05-01,2006-05,162,dense_generalized_eigh,5.220592142195824e-12,1,0.02900206158969444,1,0.02900206158969444
2006-06-01,2006-06,163,dense_generalized_eigh,8.821877288966835e-12,1,0.014897322211383268,1,0.014897322211383268
2006-07-01,2006-07,164,dense_generalized_eigh,1.4254632725699004e-12,1,0.013256163879794268,1,0.013256163879794268
2006-08-01,2006-08,165,dense_generalized_eigh,1.3449005679151304e-12,1,0.014221532802454855,1,0.014221532802454855
2006-09-01,2006-09,166,dense_generalized_eigh,1.1791729020466455e-11,1,0.01051775550646736,1,0.01051775550646736
2006-10-01,2006-10,167,dense_generalized_eigh,8.653888570072185e-12,1,0.023983425132655004,1,0.023983425132655004
2006-11-01,2006-11,168,dense_generalized_eigh,1.423552233853049e-11,1,0.022780354096183692,1,0.022780354096183692
2006-12-01,2006-12,169,dense_generalized_eigh,2.4157537268581093e-11,1,0.017670283260871483,1,0.017670283260871483
2007-01-01,2007-01,170,dense_generalized_eigh,1.6070732204376592e-11,1,0.025316489503778447,1,0.025316489503778447
2007-02-01,2007-02,171,dense_generalized_eigh,1.5680843062952978e-11,1,0.038918845238813185,1,0.038918845238813185
2007-03-01,2007-03,172,dense_generalized_eigh,2.7218833440350542e-11,1,0.09761954422249115,1,0.09761954422249115
2007-04-01,2007-04,173,dense_generalized_eigh,1.2771002363835404e-11,1,0.04707405826455829,1,0.04707405826455829
2007-05-01,2007-05,174,dense_generalized_eigh,3.2716870726314216e-11,1,0.06224153689730486,1,0.06224153689730486
2007-06-01,2007-06,175,dense_generalized_eigh,1.4897114876806117e-11,1,0.06336899281031044,1,0.06336899281031044
2007-07-01,2007-07,176,dense_generalized_eigh,1.8492657660090397e-12,1,0.03994980301874986,1,0.03994980301874986
2007-08-01,2007-08,177,dense_generalized_eigh,0.0,0,,0,
2007-09-01,2007-09,178,dense_generalized_eigh,2.284576373641258e-11,1,0.3467341477237636,1,0.3467341477237636
2007-10-01,2007-10,179,dense_generalized_eigh,2.857353080165344e-11,1,0.12577571110914573,1,0.12577571110914573
2007-11-01,2007-11,180,dense_generalized_eigh,4.7890348452091345e-12,1,0.04599462614947819,1,0.04599462614947819
2007-12-01,2007-12,181,dense_generalized_eigh,1.9592740151474088e-11,1,0.2413045870752756,1,0.2413045870752756
2008-01-01,2008-01,182,dense_generalized_eigh,1.556477461755071e-11,1,0.04332980711191416,1,0.04332980711191416
2008-02-01,2008-02,183,dense_generalized_eigh,1.5845695068634334e-11,1,0.031333768215408765,1,0.031333768215408765
2008-03-01,2008-03,184,dense_generalized_eigh,1.3577873974096816e-12,1,0.019236621437182987,1,0.019236621437182987
2008-04-01,2008-04,185,dense_generalized_eigh,2.4363670941564527e-11,1,0.03241431809466562,1,0.03241431809466562
2008-05-01,2008-05,186,dense_generalized_eigh,2.100525752619391e-11,1,0.04255829916646652,1,0.04255829916646652
2008-06-01,2008-06,187,dense_generalized_eigh,6.029760389062337e-12,1,0.043066012234528876,1,0.043066012234528876
2008-07-01,2008-07,188,dense_generalized_eigh,1.0774669454547592e-12,1,0.04934144631391234,1,0.04934144631391234
2008-08-01,2008-08,189,dense_generalized_eigh,9.333112786348664e-12,1,0.07001757783786354,1,0.07001757783786354
2008-09-01,2008-09,190,dense_generalized_eigh,3.1545453876251147e-11,1,0.1677942852514119,1,0.1677942852514119
2008-10-01,2008-10,191,dense_generalized_eigh,0.0,0,,0,
2008-11-01,2008-11,192,dense_generalized_eigh,4.995390279453129e-12,1,0.007548128381591248,1,0.007548128381591248
2008-12-01,2008-12,193,dense_generalized_eigh,6.96911413684126e-12,1,0.019071287392972994,1,0.019071287392972994
2009-01-01,2009-01,194,dense_generalized_eigh,2.1335659195858357e-12,1,0.02692096202749226,1,0.02692096202749226
2009-02-01,2009-02,195,dense_generalized_eigh,1.0456196650059145e-11,1,0.04141023174987772,1,0.04141023174987772
2009-03-01,2009-03,196,dense_generalized_eigh,9.662917892303937e-12,1,0.028822616264303453,1,0.028822616264303453
2009-04-01,2009-04,197,dense_generalized_eigh,0.0,0,,0,
2009-05-01,2009-05,198,dense_generalized_eigh,1.7720172046269904e-12,1,0.039793997532052885,1,0.039793997532052885
2009-06-01,2009-06,199,dense_generalized_eigh,8.046581014478541e-12,1,0.056347864041095076,1,0.056347864041095076
2009-07-01,2009-07,200,dense_generalized_eigh,1.1489227491029817e-12,1,0.04194139402844692,1,0.04194139402844692
2009-08-01,2009-08,201,dense_generalized_eigh,1.8161278603740202e-12,1,0.04076597828169614,1,0.04076597828169614
2009-09-01,2009-09,202,dense_generalized_eigh,5.012968147547846e-13,1,0.034994909019953536,0,
2009-10-01,2009-10,203,dense_generalized_eigh,4.632324862805842e-12,1,0.020146296685790096,1,0.020146296685790096
2009-11-01,2009-11,204,dense_generalized_eigh,3.3801417328488123e-12,1,0.02055140734257273,1,0.02055140734257273
2009-12-01,2009-12,205,dense_generalized_eigh,7.651410419810694e-12,1,0.028965173849578064,1,0.028965173849578064
2010-01-01,2010-01,206,dense_generalized_eigh,8.571821007908401e-12,1,0.03832208760961419,1,0.03832208760961419
2010-02-01,2010-02,207,dense_generalized_eigh,9.591706606343844e-12,1,0.03196860043138232,1,0.03196860043138232
2010-03-01,2010-03,208,dense_generalized_eigh,1.4285342015157674e-11,1,0.023857060821093883,1,0.023857060821093883
2010-04-01,2010-04,209,dense_generalized_eigh,0.0,0,,0,
2010-05-01,2010-05,210,dense_generalized_eigh,3.387187589310875e-12,1,0.048400469489510496,1,0.048400469489510496
2010-06-01,2010-06,211,dense_generalized_eigh,7.1567552782013445e-12,1,0.051168175170869204,1,0.051168175170869204
2010-07-01,2010-07,212,dense_generalized_eigh,0.0,0,,0,
2010-08-01,2010-08,213,dense_generalized_eigh,1.2176818299424645e-11,1,0.028313155938965485,1,0.028313155938965485
2010-09-01,2010-09,214,dense_generalized_eigh,2.202297503936504e-11,1,0.052345305338657236,1,0.052345305338657236
2010-10-01,2010-10,215,dense_generalized_eigh,0.0,0,,0,
2010-11-01,2010-11,216,dense_generalized_eigh,1.3404080595913526e-11,1,0.03530638859470368,1,0.03530638859470368
2010-12-01,2010-12,217,dense_generalized_eigh,6.021277506673328e-13,1,0.02839688136709317,0,
2011-01-01,2011-01,218,dense_generalized_eigh,1.8146760369158862e-11,1,0.02375471319720122,1,0.02375471319720122
2011-02-01,2011-02,219,dense_generalized_eigh,4.043686709546126e-12,1,0.008392761204141293,1,0.008392761204141293
2011-03-01,2011-03,220,dense_generalized_eigh,0.0,0,,0,
2011-04-01,2011-04,221,dense_generalized_eigh,6.524000360925323e-12,1,0.016251420969312473,1,0.016251420969312473
2011-05-01,2011-05,222,dense_generalized_eigh,0.0,0,,0,
2011-06-01,2011-06,223,dense_generalized_eigh,0.0,0,,0,
2011-07-01,2011-07,224,dense_generalized_eigh,4.099876814118163e-12,1,0.05819810365279565,1,0.05819810365279565
2011-08-01,2011-08,225,dense_generalized_eigh,3.863156032029053e-12,1,0.054351642785645825,1,0.054351642785645825
2011-09-01,2011-09,226,dense_generalized_eigh,2.260274878269402e-11,1,0.11256311009886937,1,0.11256311009886937
2011-10-01,2011-10,227,dense_generalized_eigh,9.1418257608297e-12,1,0.09239109498910776,1,0.09239109498910776
2011-11-01,2011-11,228,dense_generalized_eigh,0.0,0,,0,
2011-12-01,2011-12,229,dense_generalized_eigh,4.742001132287724e-12,1,0.030187024762171433,1,0.030187024762171433
2012-01-01,2012-01,230,dense_generalized_eigh,7.940114149008336e-13,1,0.020786888654011015,0,
2012-02-01,2012-02,231,dense_generalized_eigh,6.659166430666479e-12,1,0.020157475235652866,1,0.020157475235652866
2012-03-01,2012-03,232,dense_generalized_eigh,1.0429994444161261e-11,1,0.011706748651423475,1,0.011706748651423475
2012-04-01,2012-04,233,dense_generalized_eigh,1.1178326972925507e-11,1,0.02151283948634046,1,0.02151283948634046
2012-05-01,2012-05,234,dense_generalized_eigh,0.0,0,,0,
2012-06-01,2012-06,235,dense_generalized_eigh,1.046222407661876e-11,1,0.00712323708892829,1,0.00712323708892829
2012-07-01,2012-07,236,dense_generalized_eigh,1.7979161670784856e-12,1,0.007057445781358478,1,0.007057445781358478
2012-08-01,2012-08,237,dense_generalized_eigh,3.177561572550956e-12,1,0.007473348859525282,1,0.007473348859525282
2012-09-01,2012-09,238,dense_generalized_eigh,2.117864268681494e-12,1,0.010652709774717438,1,0.010652709774717438
2012-10-01,2012-10,239,dense_generalized_eigh,2.5772378924763873e-12,1,0.01842628554603106,1,0.01842628554603106
2012-11-01,2012-11,240,dense_generalized_eigh,2.742326015947668e-12,1,0.03608492666111927,1,0.03608492666111927
2012-12-01,2012-12,241,dense_generalized_eigh,2.7127829036807354e-12,1,0.016062402699632546,1,0.016062402699632546
2013-01-01,2013-01,242,dense_generalized_eigh,4.410489423170412e-12,1,0.0072596686579221165,1,0.0072596686579221165
2013-02-01,2013-02,243,dense_generalized_eigh,1.9480984146634703e-12,1,0.009241046648015496,1,0.009241046648015496
2013-03-01,2013-03,244,dense_generalized_eigh,1.3829299442897887e-12,1,0.02303302727775388,1,0.02303302727775388
2013-04-01,2013-04,245,dense_generalized_eigh,1.279014769641796e-12,1,0.01890004186950511,1,0.01890004186950511
2013-05-01,2013-05,246,dense_generalized_eigh,4.230093644515532e-12,1,0.012818263124326209,1,0.012818263124326209
2013-06-01,2013-06,247,dense_generalized_eigh,1.7027877361822483e-12,1,0.015505346342614178,1,0.015505346342614178
2013-07-01,2013-07,248,dense_generalized_eigh,1.4343821007183028e-11,1,0.02398455337551478,1,0.02398455337551478
2013-08-01,2013-08,249,dense_generalized_eigh,2.430495813795698e-12,1,0.03595832195232098,1,0.03595832195232098
2013-09-01,2013-09,250,dense_generalized_eigh,2.386687218174543e-11,1,0.054753002238898736,1,0.054753002238898736
2013-10-01,2013-10,251,dense_generalized_eigh,4.060371410232268e-12,1,0.023422166774500836,1,0.023422166774500836
2013-11-01,2013-11,252,dense_generalized_eigh,4.6780792002112515e-12,1,0.03836947453593592,1,0.03836947453593592
2013-12-01,2013-12,253,dense_generalized_eigh,1.5820840978212206e-12,1,0.026157518365042185,1,0.026157518365042185
2014-01-01,2014-01,254,dense_generalized_eigh,0.0,0,,0,
2014-02-01,2014-02,255,dense_generalized_eigh,9.744642218716817e-12,1,0.051718081984663024,1,0.051718081984663024
2014-03-01,2014-03,256,dense_generalized_eigh,2.1220275495738617e-11,1,0.06279608128943143,1,0.06279608128943143
2014-04-01,2014-04,257,dense_generalized_eigh,7.574211364873169e-12,1,0.04366975208390046,1,0.04366975208390046
2014-05-01,2014-05,258,dense_generalized_eigh,0.0,0,,0,
2014-06-01,2014-06,259,dense_generalized_eigh,7.883727997251884e-12,1,0.0331289550703923,1,0.0331289550703923
2014-07-01,2014-07,260,dense_generalized_eigh,5.253204248403422e-13,1,0.03387659963304122,0,
2014-08-01,2014-08,261,dense_generalized_eigh,4.938898634204026e-12,1,0.04254981933468218,1,0.04254981933468218
2014-09-01,2014-09,262,dense_generalized_eigh,0.0,0,,0,
2014-10-01,2014-10,263,dense_generalized_eigh,1.558559970347962e-11,1,0.03810423030069335,1,0.03810423030069335
2014-11-01,2014-11,264,dense_generalized_eigh,6.594082880416812e-12,1,0.025811252682708,1,0.025811252682708
2014-12-01,2014-12,265,dense_generalized_eigh,3.2965341573316694e-11,1,0.0439626721638328,1,0.0439626721638328
2015-01-01,2015-01,266,dense_generalized_eigh,4.173164932192728e-12,1,0.032674790008745284,1,0.032674790008745284
2015-02-01,2015-02,267,dense_generalized_eigh,1.6041381435553518e-11,1,0.09637353594015462,1,0.09637353594015462
2015-03-01,2015-03,268,dense_generalized_eigh,2.1423371669596027e-11,1,0.13293942894976152,1,0.13293942894976152
2015-04-01,2015-04,269,dense_generalized_eigh,5.082920542833278e-12,1,0.07689139352430584,1,0.07689139352430584
2015-05-01,2015-05,270,dense_generalized_eigh,0.0,0,,0,
2015-06-01,2015-06,271,dense_generalized_eigh,6.095159490838953e-13,1,0.0686872955102294,0,
2015-07-01,2015-07,272,dense_generalized_eigh,8.517767319059242e-12,1,0.029244411032801395,1,0.029244411032801395
2015-08-01,2015-08,273,dense_generalized_eigh,4.697244862190603e-12,1,0.022803530768827147,1,0.022803530768827147
2015-09-01,2015-09,274,dense_generalized_eigh,1.1159147328962116e-11,1,0.025145280598469637,1,0.025145280598469637
2015-10-01,2015-10,275,dense_generalized_eigh,3.3082035320812994e-11,1,0.016389557225655407,1,0.016389557225655407
2015-11-01,2015-11,276,dense_generalized_eigh,0.0,0,,0,
2015-12-01,2015-12,277,dense_generalized_eigh,3.109951962906794e-12,1,0.015129321178099722,1,0.015129321178099722
2016-01-01,2016-01,278,dense_generalized_eigh,1.3055325864507148e-11,1,0.011157125122743987,1,0.011157125122743987
2016-02-01,2016-02,279,dense_generalized_eigh,8.92320292915241e-12,1,0.012257103203168859,1,0.012257103203168859
2016-03-01,2016-03,280,dense_generalized_eigh,1.4169937538823661e-11,1,0.03056270514487483,1,0.03056270514487483
2016-04-01,2016-04,281,dense_generalized_eigh,0.0,0,,0,
2016-05-01,2016-05,282,dense_generalized_eigh,8.154937538293426e-12,1,0.012477473525822864,1,0.012477473525822864
2016-06-01,2016-06,283,dense_generalized_eigh,0.0,0,,0,
2016-07-01,2016-07,284,dense_generalized_eigh,0.0,0,,0,
2016-08-01,2016-08,285,dense_generalized_eigh,0.0,0,,0,
2016-09-01,2016-09,286,dense_generalized_eigh,2.5764213078870026e-11,1,0.007387153413639877,1,0.007387153413639877
2016-10-01,2016-10,287,dense_generalized_eigh,0.0,0,,0,
2016-11-01,2016-11,288,dense_generalized_eigh,3.4522248464127402e-12,1,0.014468346460136058,1,0.014468346460136058
2016-12-01,2016-12,289,dense_generalized_eigh,1.3269664478956362e-11,1,0.0330031446688265,1,0.0330031446688265
2017-01-01,2017-01,290,dense_generalized_eigh,1.2839168957939559e-12,1,0.04756311705588024,1,0.04756311705588024
2017-02-01,2017-02,291,dense_generalized_eigh,0.0,0,,0,
2017-03-01,2017-03,292,dense_generalized_eigh,1.680660715976692e-11,1,0.08512193677375421,1,0.08512193677375421
2017-04-01,2017-04,293,dense_generalized_eigh,0.0,0,,0,
2017-05-01,2017-05,294,dense_generalized_eigh,7.271152720196597e-12,1,0.029445960917810706,1,0.029445960917810706
2017-06-01,2017-06,295,dense_generalized_eigh,0.0,0,,0,
2017-07-01,2017-07,296,dense_generalized_eigh,2.906829062945602e-12,1,0.014401260151086481,1,0.014401260151086481
2017-08-01,2017-08,297,dense_generalized_eigh,0.0,0,,0,
2017-09-01,2017-09,298,dense_generalized_eigh,5.136505388454763e-12,1,0.02716309858370253,1,0.02716309858370253
2017-10-01,2017-10,299,dense_generalized_eigh,1.7274235745683415e-12,1,0.03476705845180645,1,0.03476705845180645
2017-11-01,2017-11,300,dense_generalized_eigh,1.154339812202516e-12,1,0.04246210399893534,1,0.04246210399893534
2017-12-01,2017-12,301,dense_generalized_eigh,1.0861744822234575e-12,1,0.018049382259675815,0,
2018-01-01,2018-01,302,dense_generalized_eigh,7.94419263208176e-13,1,0.038248017116409516,0,
2018-02-01,2018-02,303,dense_generalized_eigh,3.1551368792486404e-12,1,0.04079079828139052,1,0.04079079828139052
2018-03-01,2018-03,304,dense_generalized_eigh,2.477749983655083e-11,1,0.04075858839815422,1,0.04075858839815422
2018-04-01,2018-04,305,dense_generalized_eigh,3.22813032413113e-11,1,0.01579422862877377,1,0.01579422862877377
2018-05-01,2018-05,306,dense_generalized_eigh,2.75449139159694e-11,1,0.015314127140331358,1,0.015314127140331358
2018-06-01,2018-06,307,dense_generalized_eigh,2.7048804237130523e-11,1,0.019075587087260044,1,0.019075587087260044
2018-07-01,2018-07,308,dense_generalized_eigh,6.983524344968964e-12,1,0.004478376462351224,1,0.004478376462351224
2018-08-01,2018-08,309,dense_generalized_eigh,2.0807002629487252e-11,1,0.006716982524488212,1,0.006716982524488212
2018-09-01,2018-09,310,dense_generalized_eigh,2.2155933801230534e-11,1,0.01961304171757396,1,0.01961304171757396
2018-10-01,2018-10,311,dense_generalized_eigh,3.384980130988193e-11,1,0.011770042978918623,1,0.011770042978918623
2018-11-01,2018-11,312,dense_generalized_eigh,5.805989874763864e-13,1,0.009550956094588331,0,
2018-12-01,2018-12,313,dense_generalized_eigh,2.0136777529629676e-11,1,0.24491665165105717,1,0.24491665165105717
2019-01-01,2019-01,314,dense_generalized_eigh,1.7507092379402167e-11,1,0.023363053036208115,1,0.023363053036208115
2019-02-01,2019-02,315,dense_generalized_eigh,2.743963830840437e-11,1,0.019001715355657037,1,0.019001715355657037
2019-03-01,2019-03,316,dense_generalized_eigh,2.108300473563415e-11,1,0.06885495944279066,1,0.06885495944279066
2019-04-01,2019-04,317,dense_generalized_eigh,9.222153877868488e-12,1,0.007086910828207002,1,0.007086910828207002
2019-05-01,2019-05,318,dense_generalized_eigh,2.3785111876752223e-11,1,0.02188235112561722,1,0.02188235112561722
2019-06-01,2019-06,319,dense_generalized_eigh,3.5261445156203995e-11,1,0.05777373577762827,1,0.05777373577762827
2019-07-01,2019-07,320,dense_generalized_eigh,1.1432466712160966e-11,1,0.2047328913835842,1,0.2047328913835842
2019-08-01,2019-08,321,dense_generalized_eigh,8.578448853068645e-12,1,0.007415291990641868,1,0.007415291990641868
2019-09-01,2019-09,322,dense_generalized_eigh,1.8225555983670516e-11,1,0.16010970409591466,1,0.16010970409591466
2019-10-01,2019-10,323,dense_generalized_eigh,3.028008505379848e-11,1,0.02747752892575261,1,0.02747752892575261
2019-11-01,2019-11,324,dense_generalized_eigh,3.1515784808842866e-11,1,0.05467504953177522,1,0.05467504953177522
2019-12-01,2019-12,325,dense_generalized_eigh,2.6093548768633538e-11,1,0.01209088792943108,1,0.01209088792943108
2020-01-01,2020-01,326,dense_generalized_eigh,3.0433710183561066e-11,1,0.051441531859426994,1,0.051441531859426994
2020-02-01,2020-02,327,dense_generalized_eigh,5.498483438664269e-11,1,0.02814168265710914,1,0.02814168265710914
2020-03-01,2020-03,328,dense_generalized_eigh,3.2412951207229363e-11,1,0.862746677054901,1,0.862746677054901
2020-04-01,2020-04,329,dense_generalized_eigh,5.236780212834405e-11,1,0.048226102267303415,1,0.048226102267303415
2020-05-01,2020-05,330,dense_generalized_eigh,0.0,0,,0,
2020-06-01,2020-06,331,dense_generalized_eigh,0.0,0,,0,
2020-07-01,2020-07,332,dense_generalized_eigh,0.0,0,,0,
2020-08-01,2020-08,333,dense_generalized_eigh,0.0,0,,0,
2020-09-01,2020-09,334,dense_generalized_eigh,6.159812742011634e-13,1,0.1876079047638929,0,
2020-10-01,2020-10,335,dense_generalized_eigh,0.0,0,,0,
2020-11-01,2020-11,336,dense_generalized_eigh,0.0,0,,0,
2020-12-01,2020-12,337,dense_generalized_eigh,0.0,0,,0,
2021-01-01,2021-01,338,dense_generalized_eigh,0.0,0,,0,
2021-02-01,2021-02,339,dense_generalized_eigh,0.0,0,,0,
2021-03-01,2021-03,340,dense_generalized_eigh,0.0,0,,0,
2021-04-01,2021-04,341,dense_generalized_eigh,0.0,0,,0,
2021-05-01,2021-05,342,dense_generalized_eigh,1.1070086168175893e-11,1,0.09414112364758427,1,0.09414112364758427
2021-06-01,2021-06,343,dense_generalized_eigh,3.1395326592541986e-12,1,0.1086423752991186,1,0.1086423752991186
2021-07-01,2021-07,344,dense_generalized_eigh,6.493732724102593e-13,1,0.08193623808320134,0,
2021-08-01,2021-08,345,dense_generalized_eigh,2.784175504289781e-12,1,0.11115464009557628,1,0.11115464009557628
2021-09-01,2021-09,346,dense_generalized_eigh,3.150754648032113e-11,1,0.11891521354671679,1,0.11891521354671679
2021-10-01,2021-10,347,dense_generalized_eigh,1.129866162738605e-11,1,0.054639942534844756,1,0.054639942534844756
2021-11-01,2021-11,348,dense_generalized_eigh,1.85331816493757e-11,1,0.03250286168419787,1,0.03250286168419787
2021-12-01,2021-12,349,dense_generalized_eigh,6.862760884121276e-12,1,0.031401004997351656,1,0.031401004997351656
2022-01-01,2022-01,350,dense_generalized_eigh,1.323989087808426e-12,1,0.023613543726493942,1,0.023613543726493942
2022-02-01,2022-02,351,dense_generalized_eigh,0.0,0,,0,
2022-03-01,2022-03,352,dense_generalized_eigh,4.004282647172003e-11,1,0.04969903706280079,1,0.04969903706280079
2022-04-01,2022-04,353,dense_generalized_eigh,1.0544229257480522e-11,1,0.02226341718507325,1,0.02226341718507325
2022-05-01,2022-05,354,dense_generalized_eigh,3.411075633809063e-11,1,0.018761916904585386,1,0.018761916904585386
2022-06-01,2022-06,355,dense_generalized_eigh,2.19337828035398e-12,1,0.009658994052714686,1,0.009658994052714686
2022-07-01,2022-07,356,dense_generalized_eigh,1.9878232163023444e-11,1,0.018731353924706623,1,0.018731353924706623
2022-08-01,2022-08,357,dense_generalized_eigh,0.0,0,,0,
2022-09-01,2022-09,358,dense_generalized_eigh,3.986751082493258e-11,1,0.006227410019646612,1,0.006227410019646612
2022-10-01,2022-10,359,dense_generalized_eigh,5.81779440317828e-13,1,0.007665585348798206,0,
2022-11-01,2022-11,360,dense_generalized_eigh,3.7353205599243454e-11,1,0.026753740873636106,1,0.026753740873636106
2022-12-01,2022-12,361,dense_generalized_eigh,3.1869654334963904e-12,1,0.009860357279275906,1,0.009860357279275906
2023-01-01,2023-01,362,dense_generalized_eigh,5.774270489126637e-12,1,0.007619169315591376,1,0.007619169315591376
2023-02-01,2023-02,363,dense_generalized_eigh,2.5979766274947407e-12,1,0.015136193382368922,1,0.015136193382368922
2023-03-01,2023-03,364,dense_generalized_eigh,2.9172503293606316e-11,1,0.017878826065584327,1,0.017878826065584327
2023-04-01,2023-04,365,dense_generalized_eigh,9.517791255498944e-12,1,0.0207943714197936,1,0.0207943714197936
2023-05-01,2023-05,366,dense_generalized_eigh,1.527224129767563e-11,1,0.011114545375150775,1,0.011114545375150775
2023-06-01,2023-06,367,dense_generalized_eigh,2.570885958622336e-11,1,0.025732613640802805,1,0.025732613640802805
2023-07-01,2023-07,368,dense_generalized_eigh,5.483129458773678e-12,1,0.018607070845084343,1,0.018607070845084343
2023-08-01,2023-08,369,dense_generalized_eigh,4.0023092492489386e-13,1,0.026221118748019842,0,
2023-09-01,2023-09,370,dense_generalized_eigh,2.8916086780153086e-11,1,0.019949625775603382,1,0.019949625775603382
2023-10-01,2023-10,371,dense_generalized_eigh,2.3223213680292207e-12,1,0.025535570736319266,1,0.025535570736319266
2023-11-01,2023-11,372,dense_generalized_eigh,0.0,0,,0,
2023-12-01,2023-12,373,dense_generalized_eigh,1.9927518005228258e-11,1,0.02169820599826173,1,0.02169820599826173
2024-01-01,2024-01,374,dense_generalized_eigh,7.743875307027718e-12,1,0.021134110016341644,1,0.021134110016341644
