date,ip,cpi,unrate,gs2,baa10y,cpi10,expinf5yr,mich,year,month,pc1_hf,SP500_hf,MP_pm,CBI_pm,MP_median,CBI_median,MP_used,CBI_used,used_pm_fallback
1991-10-01,62.1855,137.2,7.0,5.91,1.964090909090909,4.0,3.6371727,3.2,1991,10,-0.02049061,-0.01814,-0.02049061,0.0,-0.00917245,-0.01131816,-0.00917245,-0.01131816,False
1991-11-01,62.0871,137.8,7.0,5.56,2.036842105263158,4.0,3.5845422,2.9,1991,11,-0.09976406,0.0746,-0.11402382,0.01425976,-0.05429407,-0.04546999,-0.05429407,-0.04546999,False
1991-12-01,61.7852,138.2,7.3,5.03,2.1704761904761902,4.0,3.5340725,2.7,1991,12,-0.27571226,0.36832,-0.3247444,0.04903214,-0.15963956,-0.1160727,-0.15963956,-0.1160727,False
1992-01-01,61.4616,138.3,7.3,4.96,2.0976190476190477,3.7,3.3735655,2.7,1992,1,0.0,0.0,0.0,0.0,0.0,0.0,0.0,0.0,False
1992-02-01,61.8955,138.6,7.4,5.21,1.888421052631579,3.7,3.572292,2.6,1992,2,0.00457179,0.03621,0.0,0.00457179,0.00014434,0.00442745,0.00014434,0.00442745,False
1992-03-01,62.4232,139.1,7.4,5.69,1.7063636363636363,3.7,3.6410505,2.6,1992,3,0.0,0.0,0.0,0.0,0.0,0.0,0.0,0.0,False
1992-04-01,62.897,139.4,7.4,5.34,1.7285714285714284,3.9,3.6454319,3.0,1992,4,-0.25893526,0.61127,-0.25893526,0.0,-0.16561977,-0.09331549,-0.16561977,-0.09331549,False
1992-05-01,63.104,139.7,7.6,5.23,1.7375,3.9,3.6681125,2.9,1992,5,0.01238169,-0.04802,0.01238169,0.0,0.00903088,0.00335081,0.00903088,0.00335081,False
1992-06-01,63.1363,140.1,7.8,5.05,1.7863636363636362,3.9,3.610977,3.1,1992,6,0.0,0.0,0.0,0.0,0.0,0.0,0.0,0.0,False
1992-07-01,63.7176,140.5,7.7,4.36,1.9922727272727272,3.75,3.4417603,2.7,1992,7,-0.07221606,0.22288,-0.07221606,-0.0,-0.04928975,-0.02292631,-0.04928975,-0.02292631,False
1992-08-01,63.3613,140.8,7.6,4.19,2.067142857142857,3.75,3.2935208,2.8,1992,8,0.00525726,0.02617,0.0,0.00525726,0.00108087,0.00417639,0.00108087,0.00417639,False
1992-09-01,63.5703,141.1,7.6,3.89,2.201428571428571,3.75,3.1788101,3.0,1992,9,-0.00431514,-0.00719,-0.0,-0.00431514,-0.00173233,-0.00258281,-0.00173233,-0.00258281,False
1992-10-01,63.9995,141.7,7.3,4.08,2.2509523809523806,3.6,3.0571779,2.8,1992,10,0.00268304,-0.19372,0.00268304,0.0,0.01279864,-0.0101156,0.01279864,-0.0101156,False
1992-11-01,64.2422,142.1,7.4,4.58,2.084736842105263,3.6,3.3134226,2.9,1992,11,-0.00918557,0.19022,-0.00918557,-0.0,-0.0158429,0.00665733,-0.0158429,0.00665733,False
1992-12-01,64.3507,142.3,7.4,4.67,2.040454545454545,3.6,3.3930127,2.8,1992,12,-0.00961387,-0.07718,-0.0,-0.00961387,-0.0002423,-0.00937157,-0.0002423,-0.00937157,False
1993-01-01,64.5978,142.8,7.3,4.39,2.066315789473684,3.5,3.2961372,2.9,1993,1,0.0,0.0,0.0,0.0,0.0,0.0,0.0,0.0,False
1993-02-01,64.9089,143.1,7.1,4.1,2.1347368421052635,3.5,3.1436628,3.2,1993,2,-0.00793754,-0.05131,-0.0,-0.00793754,-0.00093416,-0.00700338,-0.00093416,-0.00700338,False
1993-03-01,64.8522,143.3,7.0,3.95,2.170434782608696,3.5,2.9893232,3.1,1993,3,0.00885343,-0.0844,0.00885343,0.0,0.00941836,-0.00056493,0.00941836,-0.00056493,False
1993-04-01,65.0301,143.8,7.1,3.84,2.170952380952381,3.7,3.0250809,3.0,1993,4,0.0,0.0,0.0,0.0,0.0,0.0,0.0,0.0,False
1993-05-01,64.784,144.2,7.1,3.98,2.1785,3.7,2.9599668,2.9,1993,5,-0.02382891,0.16628,-0.02382891,-0.0,-0.0217487,-0.00208021,-0.0217487,-0.00208021,False
1993-06-01,64.9301,144.3,7.0,4.16,2.106818181818182,3.7,2.9650958,3.5,1993,6,0.0,0.0,0.0,0.0,0.0,0.0,0.0,0.0,False
1993-07-01,65.1052,144.5,6.9,4.07,2.128095238095238,3.45,2.9083766,3.0,1993,7,0.00218926,0.31433,0.0,0.00218926,-0.01749569,0.01968495,-0.01749569,0.01968495,False
1993-08-01,65.0267,144.8,6.8,4.0,1.9172727272727272,3.45,2.9558867,3.2,1993,8,0.00268304,-0.05693,0.00268304,0.0,0.00470851,-0.00202547,0.00470851,-0.00202547,False
1993-09-01,65.3717,145.0,6.7,3.85,1.9819047619047616,3.45,2.7977435,3.0,1993,9,0.00317284,0.0022,0.0,0.00317284,0.00145631,0.00171653,0.00145631,0.00171653,False
1993-10-01,65.8509,145.6,6.8,3.87,1.98,3.45,2.8056769,3.3,1993,10,0.0,0.0,0.0,0.0,0.0,0.0,0.0,0.0,False
1993-11-01,66.1518,146.0,6.6,4.16,1.9365,3.45,2.8765847,2.8,1993,11,-0.00084095,0.04721,-0.00084095,-0.0,-0.0032126,0.00237165,-0.0032126,0.00237165,False
1993-12-01,66.5436,146.3,6.5,4.21,1.910909090909091,3.45,2.9210619,3.0,1993,12,-0.0203899,0.01719,-0.0203899,-0.0,-0.01121161,-0.00917829,-0.01121161,-0.00917829,False
1994-01-01,66.7351,146.3,6.6,4.14,1.898,3.45,2.9871292,2.8,1994,1,0.0,0.0,0.0,0.0,0.0,0.0,0.0,0.0,False
1994-02-01,66.774,146.7,6.6,4.47,1.7905263157894735,3.45,2.9222979,2.8,1994,2,0.13344468,-0.64105,0.13344468,0.0,0.10463575,0.02880893,0.10463575,0.02880893,False
1994-03-01,67.4552,147.1,6.5,5.0,1.6465217391304348,3.45,3.1994656,3.0,1994,3,-0.03096104,0.29613,-0.03096104,-0.0,-0.03299444,0.0020334,-0.03299444,0.0020334,False
1994-04-01,67.8541,147.2,6.4,5.55,1.5505263157894738,3.5,3.4636815,3.0,1994,4,0.12949489,-0.68128,0.12949489,0.0,0.10504017,0.02445472,0.10504017,0.02445472,False
1994-05-01,68.1663,147.5,6.1,5.97,1.4404761904761905,3.5,3.4494182,3.1,1994,5,-0.01423935,0.52219,-0.01423935,-0.0,-0.03800339,0.02376404,-0.03800339,0.02376404,False
1994-06-01,68.6265,147.9,6.1,5.93,1.5463636363636366,3.5,3.5072882,2.7,1994,6,0.0,0.0,0.0,0.0,0.0,0.0,0.0,0.0,False
1994-07-01,68.7178,148.4,6.1,6.13,1.5055,3.5,3.5899216,2.9,1994,7,-0.01588847,-0.22844,-0.0,-0.01588847,0.00556632,-0.02145479,0.00556632,-0.02145479,False
1994-08-01,69.1785,149.0,6.0,6.18,1.5034782608695652,3.5,3.4585097,3.1,1994,8,0.03673898,0.25704,0.0,0.03673898,0.00316746,0.03357152,0.00316746,0.03357152,False
1994-09-01,69.3961,149.3,5.9,6.39,1.520952380952381,3.5,3.4849932,3.4,1994,9,-0.03142971,-0.17136,-0.0,-0.03142971,-0.00558017,-0.02584954,-0.00558017,-0.02584954,False
1994-10-01,69.9544,149.4,5.8,6.73,1.4605,3.5,3.6959001,3.0,1994,10,0.0,0.0,0.0,0.0,0.0,0.0,0.0,0.0,False
1994-11-01,70.4326,149.8,5.6,7.15,1.3575000000000002,3.5,3.8060235,3.2,1994,11,0.06404409,-0.44889,0.06404409,0.0,0.0585706,0.00547349,0.0585706,0.00547349,False
1994-12-01,71.1523,150.1,5.5,7.59,1.2895238095238095,3.5,3.8881283,3.0,1994,12,-0.04902763,0.10486,-0.04902763,-0.0,-0.03071552,-0.01831211,-0.03071552,-0.01831211,False
1995-01-01,71.2734,150.5,5.6,7.51,1.3025,3.3,3.9098209,3.0,1995,1,0.0,0.0,0.0,0.0,0.0,0.0,0.0,0.0,False
1995-02-01,71.193,150.9,5.4,7.11,1.3805263157894736,3.3,3.7985512,3.0,1995,2,0.05412623,-0.25438,0.05412623,0.0,0.04210783,0.0120184,0.04210783,0.0120184,False
1995-03-01,71.3113,151.2,5.4,6.78,1.4965217391304348,3.3,3.6076784,3.2,1995,3,0.01785999,-0.15511,0.01785999,0.0,0.01810362,-0.00024363,0.01810362,-0.00024363,False
1995-04-01,71.1882,151.8,5.8,6.57,1.5363157894736843,3.35,3.5623481,3.3,1995,4,0.0,0.0,0.0,0.0,0.0,0.0,0.0,0.0,False
1995-05-01,71.5378,152.1,5.6,6.17,1.570454545454545,3.35,3.3939611,3.0,1995,5,-0.00969957,-0.04189,-0.0,-0.00969957,-0.0023723,-0.00732727,-0.0023723,-0.00732727,False
1995-06-01,71.7749,152.4,5.6,5.72,1.7322727272727272,3.35,3.0388568,2.9,1995,6,0.0,0.0,0.0,0.0,0.0,0.0,0.0,0.0,False
1995-07-01,71.4748,152.6,5.7,5.78,1.7605,3.2,3.1207426,2.9,1995,7,-0.24077084,0.2993,-0.24077084,-0.0,-0.13808682,-0.10268402,-0.13808682,-0.10268402,False
1995-08-01,72.4223,152.9,5.7,5.98,1.704782608695652,3.2,3.2087773,2.9,1995,8,0.0418609,-0.18269,0.0418609,0.0,0.03173523,0.01012567,0.03173523,0.01012567,False
1995-09-01,72.7144,153.1,5.6,5.81,1.737,3.2,3.1469164,2.8,1995,9,0.06117591,-0.16138,0.06117591,0.0,0.0401324,0.02104351,0.0401324,0.02104351,False
1995-10-01,72.5866,153.5,5.5,5.7,1.7052380952380954,3.0,3.1003828,2.9,1995,10,0.0,0.0,0.0,0.0,0.0,0.0,0.0,0.0,False
1995-11-01,72.7779,153.7,5.6,5.48,1.7542857142857144,3.0,3.0260705,2.8,1995,11,0.02389283,-0.06111,0.02389283,0.0,0.01556062,0.00833221,0.01556062,0.00833221,False
1995-12-01,73.0305,153.9,5.6,5.32,1.779,3.0,2.8396168,2.7,1995,12,-0.0529832,0.25709,-0.0529832,-0.0,-0.04169659,-0.01128661,-0.04169659,-0.01128661,False
1996-01-01,72.6125,154.7,5.6,5.11,1.809523809523809,3.0,2.9044142,2.8,1996,1,-0.04374155,0.05541,-0.04374155,-0.0,-0.02514787,-0.01859368,-0.02514787,-0.01859368,False
1996-02-01,73.6752,155.0,5.5,5.03,1.821,3.0,2.8735922,2.8,1996,2,0.0,0.0,0.0,0.0,0.0,0.0,0.0,0.0,False
1996-03-01,73.585,155.5,5.5,5.66,1.7676190476190474,3.0,2.9312469,2.9,1996,3,0.01732177,0.15989,0.0,0.01732177,-0.00079544,0.01811721,-0.00079544,0.01811721,False
1996-04-01,74.3172,156.1,5.6,5.96,1.6845454545454546,3.0,3.1386677,3.0,1996,4,0.0,0.0,0.0,0.0,0.0,0.0,0.0,0.0,False
1996-05-01,74.8726,156.4,5.6,6.1,1.560909090909091,3.0,3.2939379,3.1,1996,5,0.0173348,-0.19289,0.0173348,0.0,0.02007543,-0.00274063,0.02007543,-0.00274063,False
1996-06-01,75.4433,156.7,5.3,6.3,1.488,3.0,3.3792623,2.9,1996,6,0.0,0.0,0.0,0.0,0.0,0.0,0.0,0.0,False
1996-07-01,75.4549,157.0,5.5,6.27,1.4877272727272726,3.0,3.2777951,3.0,1996,7,-0.02948097,0.1534,-0.02948097,-0.0,-0.02381297,-0.005668,-0.02381297,-0.005668,False
1996-08-01,75.8411,157.2,5.1,6.03,1.54,3.0,3.2714208,3.1,1996,8,-0.00303561,-0.1306,-0.0,-0.00303561,0.00620623,-0.00924184,0.00620623,-0.00924184,False
1996-09-01,76.3158,157.7,5.2,6.23,1.513,3.0,3.3626417,3.2,1996,9,-0.11254959,0.00873,-0.11254959,-0.0,-0.05679111,-0.05575848,-0.05679111,-0.05575848,False
1996-10-01,76.3384,158.2,5.2,5.91,1.5354545454545454,3.0,3.291125,3.0,1996,10,0.0,0.0,0.0,0.0,0.0,0.0,0.0,0.0,False
1996-11-01,77.0397,158.7,5.4,5.7,1.5836842105263158,3.0,3.201551,3.0,1996,11,-0.01459773,0.25457,-0.01459773,-0.0,-0.02235482,0.00775709,-0.02235482,0.00775709,False
1996-12-01,77.5333,159.1,5.4,5.78,1.5904761904761904,3.0,3.0469903,3.0,1996,12,-0.0052545,-0.06073,-0.0,-0.0052545,0.00096448,-0.00621898,0.00096448,-0.00621898,False
1997-01-01,77.6562,159.4,5.3,6.01,1.5171428571428571,3.0,3.2527803,3.0,1997,1,0.0,0.0,0.0,0.0,0.0,0.0,0.0,0.0,False
1997-02-01,78.5833,159.7,5.2,5.9,1.5221052631578948,3.0,3.2410933,3.0,1997,2,0.00139831,-0.30367,0.00139831,0.0,0.01865901,-0.0172607,0.01865901,-0.0172607,False
1997-03-01,79.082,159.8,5.2,6.22,1.488,3.0,3.2842784,2.8,1997,3,0.06268788,-0.45395,0.06268788,0.0,0.05819176,0.00449612,0.05819176,0.00449612,False
1997-04-01,79.1747,159.9,5.1,6.45,1.4513636363636364,2.85,3.3945573,3.0,1997,4,0.0,0.0,0.0,0.0,0.0,0.0,0.0,0.0,False
1997-05-01,79.6133,159.9,4.9,6.28,1.4919047619047618,2.85,3.3190744,2.9,1997,5,-0.07684075,0.48372,-0.07684075,-0.0,-0.06702887,-0.00981188,-0.06702887,-0.00981188,False
1997-06-01,79.9792,160.2,5.0,6.09,1.5266666666666668,2.85,3.3073558,2.8,1997,6,0.0,0.0,0.0,0.0,0.0,0.0,0.0,0.0,False
1997-07-01,80.6624,160.4,4.9,5.89,1.526818181818182,3.0,3.2099577,2.7,1997,7,-0.01125695,0.1788,-0.01125695,-0.0,-0.01620319,0.00494624,-0.01620319,0.00494624,False
1997-08-01,81.4694,160.8,4.8,5.94,1.518095238095238,3.0,3.1359342,2.7,1997,8,0.00584415,-0.37221,0.00584415,0.0,0.02493557,-0.01909142,0.02493557,-0.01909142,False
1997-09-01,82.2156,161.2,4.9,5.88,1.5042857142857142,3.0,3.1510133,2.8,1997,9,-0.01041732,-0.19196,-0.0,-0.01041732,0.00614437,-0.01656169,0.00614437,-0.01656169,False
1997-10-01,82.9446,161.5,4.7,5.77,1.5422727272727272,2.65,3.1114874,2.8,1997,10,0.0,0.0,0.0,0.0,0.0,0.0,0.0,0.0,False
1997-11-01,83.5978,161.7,4.6,5.71,1.5438888888888889,2.65,3.0804703,2.9,1997,11,-0.03499868,-0.3511,-0.0,-0.03499868,0.00326565,-0.03826433,0.00326565,-0.03826433,False
1997-12-01,83.9538,161.8,4.7,5.72,1.517272727272727,2.65,3.0051158,2.8,1997,12,-0.00419908,-0.08456,-0.0,-0.00419908,0.00290156,-0.00710064,0.00290156,-0.00710064,False
1998-01-01,84.3218,162.0,4.6,5.36,1.652,2.6,2.9382678,2.3,1998,1,0.0,0.0,0.0,0.0,0.0,0.0,0.0,0.0,False
1998-02-01,84.4583,162.0,4.6,5.42,1.681578947368421,2.6,2.880843,2.4,1998,2,0.0229442,-0.19164,0.0229442,0.0,0.0228062,0.000138,0.0228062,0.000138,False
1998-03-01,84.488,162.0,4.7,5.56,1.671818181818182,2.6,2.9492702,2.5,1998,3,-0.00038669,-0.13567,-0.0,-0.00038669,0.00783054,-0.00821723,0.00783054,-0.00821723,False
1998-04-01,84.7779,162.2,4.3,5.56,1.6928571428571426,2.5,2.9132183,2.4,1998,4,0.0,0.0,0.0,0.0,0.0,0.0,0.0,0.0,False
1998-05-01,85.3367,162.6,4.4,5.59,1.645,2.5,2.9397546,2.6,1998,5,-0.02062434,-0.12953,-0.0,-0.02062434,-0.00265142,-0.01797292,-0.00265142,-0.01797292,False
1998-06-01,84.8248,162.8,4.5,5.52,1.6377272727272727,2.5,2.8680824,2.7,1998,6,0.0,0.0,0.0,0.0,0.0,0.0,0.0,0.0,False
1998-07-01,84.4986,163.2,4.5,5.46,1.6877272727272723,2.5,2.9067383,2.6,1998,7,-0.01747143,0.02716,-0.01747143,-0.0,-0.01034203,-0.0071294,-0.01034203,-0.0071294,False
1998-08-01,86.248,163.4,4.5,5.27,1.8014285714285714,2.5,2.8945642,2.4,1998,8,0.00624183,0.04839,0.0,0.00624183,0.000259,0.00598283,0.000259,0.00598283,False
1998-09-01,86.2021,163.5,4.6,4.67,2.281428571428571,2.5,2.7051991,2.3,1998,9,0.0363035,-0.6975,0.0363035,0.0,0.05940377,-0.02310027,0.05940377,-0.02310027,False
1998-10-01,86.7914,163.9,4.5,4.09,2.6523809523809527,2.5,2.3610562,2.5,1998,10,-0.20150039,2.09497,-0.20150039,-0.0,-0.22465232,0.02315193,-0.22465232,0.02315193,False
1998-11-01,86.7256,164.1,4.4,4.54,2.5105263157894737,2.5,2.4871923,2.3,1998,11,-0.03373968,0.63962,-0.03373968,-0.0,-0.05469868,0.020959,-0.05469868,0.020959,False
1998-12-01,87.1185,164.4,4.4,4.51,2.5813636363636365,2.5,2.4476835,2.5,1998,12,-0.008136,-0.1237,-0.0,-0.008136,0.00324795,-0.01138395,0.00324795,-0.01138395,False
1999-01-01,87.4949,164.7,4.3,4.62,2.5657894736842106,2.3,2.5374704,2.7,1999,1,0.0,0.0,0.0,0.0,0.0,0.0,0.0,0.0,False
1999-02-01,88.027,164.7,4.4,4.88,2.39,2.3,2.5762176,2.5,1999,2,0.0100694,0.17015,0.0,0.0100694,-0.00502843,0.01509783,-0.00502843,0.01509783,False
1999-03-01,88.2267,164.8,4.2,5.05,2.301304347826087,2.3,2.7759983,2.7,1999,3,-0.02573371,-0.16838,-0.0,-0.02573371,-0.00290841,-0.0228253,-0.00290841,-0.0228253,False
1999-04-01,88.4295,165.9,4.3,4.98,2.2945454545454544,2.5,2.7859107,2.7,1999,4,0.0,0.0,0.0,0.0,0.0,0.0,0.0,0.0,False
1999-05-01,88.9886,166.0,4.2,5.25,2.1825,2.5,2.8328002,2.8,1999,5,0.10265329,-1.38561,0.10265329,0.0,0.13327533,-0.03062204,0.13327533,-0.03062204,False
1999-06-01,88.9188,166.0,4.3,5.62,2.1154545454545453,2.5,2.8834057,2.5,1999,6,-0.10518432,1.60132,-0.10518432,-0.0,-0.14729851,0.04211419,-0.14729851,0.04211419,False
1999-07-01,89.4333,166.7,4.3,5.55,2.1561904761904764,2.5,2.9953284,2.7,1999,7,0.0,0.0,0.0,0.0,0.0,0.0,0.0,0.0,False
1999-08-01,89.7924,167.1,4.2,5.68,2.2150000000000003,2.5,3.0416531,2.8,1999,8,0.00732746,0.59237,0.0,0.00732746,-0.03137062,0.03869808,-0.03137062,0.03869808,False
1999-09-01,89.4299,167.8,4.2,5.66,2.2871428571428574,2.5,3.0610875,2.7,1999,9,0.0,0.0,0.0,0.0,0.0,0.0,0.0,0.0,False
1999-10-01,90.523,168.1,4.1,5.86,2.266,2.5,3.116893,2.9,1999,10,0.0641457,-0.81193,0.0641457,0.0,0.08009256,-0.01594686,0.08009256,-0.01594686,False
1999-11-01,90.9618,168.4,4.1,5.86,2.1165,2.5,3.1453348,2.9,1999,11,0.07624969,-0.32364,0.07624969,0.0,0.05726578,0.01898391,0.05726578,0.01898391,False
1999-12-01,91.6634,168.8,4.0,6.1,1.9118181818181816,2.5,3.2277521,3.0,1999,12,0.03242067,0.48527,0.0,0.03242067,-0.01248983,0.0449105,-0.01248983,0.0449105,False
2000-01-01,91.538,169.3,4.0,6.44,1.6715,2.5,3.2823419,3.0,2000,1,0.0,0.0,0.0,0.0,0.0,0.0,0.0,0.0,False
2000-02-01,91.8239,170.0,4.1,6.61,1.7675,2.5,3.3621613,2.9,2000,2,-0.00582671,-0.3357,-0.0,-0.00582671,0.01694084,-0.02276755,0.01694084,-0.02276755,False
2000-03-01,92.1504,171.0,4.0,6.53,2.110869565217391,2.5,3.3569548,3.2,2000,3,-0.00774995,-0.03942,-0.0,-0.00774995,-0.00154357,-0.00620638,-0.00154357,-0.00620638,False
2000-04-01,92.6989,170.9,3.8,6.4,2.411578947368421,2.5,3.209133,3.2,2000,4,0.0,0.0,0.0,0.0,0.0,0.0,0.0,0.0,False
2000-05-01,92.9499,171.2,4.0,6.81,2.46,2.5,3.3170395,3.0,2000,5,0.05960927,-0.64349,0.05960927,0.0,0.06786235,-0.00825308,0.06786235,-0.00825308,False
2000-06-01,92.9862,172.2,4.0,6.48,2.385,2.5,3.3996781,2.9,2000,6,-0.03534337,0.26977,-0.03534337,-0.0,-0.0336266,-0.00171677,-0.0336266,-0.00171677,False
2000-07-01,92.8048,172.7,4.0,6.34,2.2925,2.5,3.117007,3.0,2000,7,0.0,0.0,0.0,0.0,0.0,0.0,0.0,0.0,False
2000-08-01,92.5521,172.7,4.1,6.23,2.429130434782609,2.5,3.1030372,2.7,2000,8,0.04780744,-0.15955,0.04780744,0.0,0.03333993,0.01446751,0.03333993,0.01446751,False
2000-09-01,92.9792,173.6,3.9,6.08,2.547,2.5,3.0379651,2.9,2000,9,0.0,0.0,0.0,0.0,0.0,0.0,0.0,0.0,False
2000-10-01,92.6179,173.9,3.9,5.91,2.602857142857143,2.5,3.0050308,3.2,2000,10,0.03884197,-0.22039,0.03884197,0.0,0.03245544,0.00638653,0.03245544,0.00638653,False
2000-11-01,92.6438,174.2,3.9,5.88,2.5619047619047617,2.5,2.9938058,2.9,2000,11,0.00621384,-0.6872,0.00621384,0.0,0.04374977,-0.03753593,0.04374977,-0.03753593,False
2000-12-01,92.3415,174.6,3.9,5.35,2.7825,2.5,2.92333,2.8,2000,12,0.02151906,-0.56081,0.02151906,0.0,0.04392733,-0.02240827,0.04392733,-0.02240827,False
2001-01-01,91.902,175.6,4.2,4.76,2.767619047619048,2.5,2.5494034,3.0,2001,1,-0.19405822,3.99301,-0.18252864,-0.01152958,-0.3331864,0.13912818,-0.3331864,0.13912818,False
2001-02-01,91.3034,176.0,4.2,4.66,2.774736842105263,2.5,2.621347,2.8,2001,2,0.0,0.0,0.0,0.0,0.0,0.0,0.0,0.0,False
2001-03-01,91.1162,176.1,4.3,4.34,2.958636363636364,2.5,2.4433275,2.8,2001,3,-0.06791155,-0.60045,-0.0,-0.06791155,0.00155644,-0.06946799,0.00155644,-0.06946799,False
2001-04-01,90.7891,176.4,4.4,4.23,2.9275,2.5,2.5638164,3.1,2001,4,-0.50644109,2.32456,-0.50644109,-0.0,-0.39070124,-0.11573985,-0.39070124,-0.11573985,False
2001-05-01,90.3555,177.3,4.3,4.26,2.680454545454545,2.5,2.7393712,3.2,2001,5,-0.14831302,0.37291,-0.14831302,-0.0,-0.0962114,-0.05210162,-0.0962114,-0.05210162,False
2001-06-01,89.8784,177.7,4.5,4.08,2.6904761904761907,2.5,2.8132368,3.0,2001,6,0.08603963,-0.52379,0.08603963,0.0,0.07399816,0.01204147,0.07399816,0.01204147,False
2001-07-01,89.3028,177.4,4.6,4.04,2.733809523809524,2.5,2.7770899,2.6,2001,7,0.0,0.0,0.0,0.0,0.0,0.0,0.0,0.0,False
2001-08-01,89.2003,177.4,4.9,3.76,2.8773913043478263,2.5,2.6512123,2.7,2001,8,-0.09010571,-0.6934,-0.0,-0.09010571,-0.00404332,-0.08606239,-0.00404332,-0.08606239,False
2001-09-01,88.7485,178.1,5.0,3.12,3.2958823529411765,2.5,2.7639095,2.8,2001,9,-0.07529557,,-0.0,-0.0,,,-0.0,-0.0,True
2001-10-01,88.5052,177.6,5.3,2.73,3.3400000000000003,2.55,2.4540425,1.0,2001,10,-0.0603141,-0.35196,-0.0,-0.0603141,-0.00934119,-0.05097291,-0.00934119,-0.05097291,False
2001-11-01,87.97,177.5,5.5,2.78,3.1615,2.55,2.3031101,0.4,2001,11,-0.17758018,0.6426,-0.17758018,-0.0,-0.12679517,-0.05078501,-0.12679517,-0.05078501,False
2001-12-01,87.9324,177.4,5.7,3.11,2.9657894736842105,2.55,2.5981913,1.8,2001,12,-0.0724479,0.26526,-0.0724479,-0.0,-0.05191214,-0.02053576,-0.05191214,-0.02053576,False
2002-01-01,88.5176,177.7,5.7,3.03,2.833809523809524,2.5,2.690029,1.9,2002,1,0.02633679,-0.03735,0.02633679,0.0,0.01537737,0.01095942,0.01537737,0.01095942,False
2002-02-01,88.5278,178.0,5.7,3.02,2.978947368421053,2.5,2.598242,2.1,2002,2,0.0,0.0,0.0,0.0,0.0,0.0,0.0,0.0,False
2002-03-01,89.1686,178.5,5.7,3.56,2.822,2.5,2.5771039,2.7,2002,3,-0.07093456,-0.33914,-0.0,-0.07093456,-0.01540963,-0.05552493,-0.01540963,-0.05552493,False
2002-04-01,89.604,179.3,5.9,3.42,2.821818181818182,2.5,2.8771123,2.8,2002,4,0.0,0.0,0.0,0.0,0.0,0.0,0.0,0.0,False
2002-05-01,89.964,179.5,5.8,3.26,2.9231818181818183,2.5,2.726947,2.7,2002,5,-0.03313765,-0.29932,-0.0,-0.03313765,0.00113376,-0.03427141,0.00113376,-0.03427141,False
2002-06-01,90.7061,179.6,5.8,2.99,3.0235,2.5,2.6363852,2.7,2002,6,0.00566774,-0.48238,0.00566774,0.0,0.03136311,-0.02569537,0.03136311,-0.02569537,False
2002-07-01,90.6769,180.0,5.8,2.56,3.244545454545454,2.5,2.5567135,2.6,2002,7,0.0,0.0,0.0,0.0,0.0,0.0,0.0,0.0,False
2002-08-01,90.5762,180.5,5.7,2.13,3.3245454545454547,2.5,2.2898134,2.6,2002,8,-0.1023151,-0.60374,-0.0,-0.1023151,-0.01545075,-0.08686435,-0.01545075,-0.08686435,False
2002-09-01,90.6531,180.8,5.7,2.0,3.526,2.5,2.1123063,2.5,2002,9,-0.01267204,-1.01173,-0.0,-0.01267204,0.0535004,-0.06617244,0.0535004,-0.06617244,False
2002-10-01,90.4643,181.2,5.7,1.91,3.792727272727273,2.45,2.0140466,2.5,2002,10,0.0,0.0,0.0,0.0,0.0,0.0,0.0,0.0,False
2002-11-01,90.9711,181.5,5.9,1.92,3.568947368421053,2.45,2.0833957,2.4,2002,11,-0.10318158,-0.53662,-0.0,-0.10318158,-0.01985365,-0.08332793,-0.01985365,-0.08332793,False
2002-12-01,90.4652,181.8,6.0,1.84,3.416190476190476,2.45,2.1991385,2.5,2002,12,0.01814157,-0.2987,0.01814157,0.0,0.0267367,-0.00859513,0.0267367,-0.00859513,False
2003-01-01,91.2361,182.6,5.8,1.74,3.2990476190476192,2.5,2.1398604,2.5,2003,1,0.04342205,0.15934,0.0,0.04342205,0.01228723,0.03113482,0.01228723,0.03113482,False
2003-02-01,91.3445,183.6,5.9,1.63,3.1542105263157896,2.5,2.1441728,2.7,2003,2,0.0,0.0,0.0,0.0,0.0,0.0,0.0,0.0,False
2003-03-01,91.1044,183.9,5.9,1.57,3.141904761904762,2.5,1.961785,3.1,2003,3,0.00703319,-0.43291,0.00703319,0.0,0.02912005,-0.02208686,0.02912005,-0.02208686,False
2003-04-01,90.5617,183.2,6.0,1.62,2.894285714285714,2.5,2.0118818,2.4,2003,4,0.0,0.0,0.0,0.0,0.0,0.0,0.0,0.0,False
2003-05-01,90.537,182.9,6.1,1.42,2.809047619047619,2.5,1.9938746,2.0,2003,5,-0.0901985,0.12916,-0.0901985,-0.0,-0.05273812,-0.03746038,-0.05273812,-0.03746038,False
2003-06-01,90.6527,183.1,6.3,1.23,2.856190476190476,2.5,1.9096553,2.1,2003,6,0.14221599,-0.20488,0.14221599,0.0,0.08322515,0.05899084,0.08322515,0.05899084,False
2003-07-01,91.1185,183.7,6.2,1.47,2.640909090909091,2.5,1.8271572,1.7,2003,7,0.0,0.0,0.0,0.0,0.0,0.0,0.0,0.0,False
2003-08-01,90.9197,184.5,6.1,1.86,2.5666666666666664,2.5,2.1533766,2.5,2003,8,-0.03448743,-0.07643,-0.0,-0.03448743,-0.01272344,-0.02176399,-0.01272344,-0.02176399,False
2003-09-01,91.5059,185.1,6.1,1.71,2.5157142857142856,2.5,2.2694506,2.8,2003,9,-0.00339972,0.09982,-0.00339972,-0.0,-0.00760348,0.00420376,-0.00760348,0.00420376,False
2003-10-01,91.6186,184.9,6.0,1.75,2.442272727272727,2.5,1.9707333,2.6,2003,10,-0.0817273,-0.0135,-0.0,-0.0817273,-0.04006522,-0.04166208,-0.04006522,-0.04166208,False
2003-11-01,92.2329,185.0,5.8,1.93,2.3577777777777778,2.5,2.1622536,2.7,2003,11,0.0,0.0,0.0,0.0,0.0,0.0,0.0,0.0,False
2003-12-01,92.2602,185.5,5.7,1.91,2.328636363636364,2.5,2.2638564,2.6,2003,12,0.02845916,-0.11632,0.02845916,0.0,0.02110906,0.0073501,0.02110906,0.0073501,False
2004-01-01,92.4006,186.3,5.7,1.76,2.2915,2.5,2.1820702,2.7,2004,1,0.12624922,-0.91791,0.12624922,0.0,0.11741226,0.00883696,0.11741226,0.00883696,False
2004-02-01,92.958,186.7,5.6,1.74,2.181052631578947,2.5,2.1503905,2.6,2004,2,0.0,0.0,0.0,0.0,0.0,0.0,0.0,0.0,False
2004-03-01,92.5861,187.1,5.8,1.58,2.287826086956521,2.5,2.0215474,2.9,2004,3,-0.05886477,-0.05315,-0.0,-0.05886477,-0.02628895,-0.03257582,-0.02628895,-0.03257582,False
2004-04-01,92.93,187.4,5.6,2.07,2.111428571428571,2.5,2.0143899,3.2,2004,4,0.0,0.0,0.0,0.0,0.0,0.0,0.0,0.0,False
2004-05-01,93.6013,188.2,5.6,2.53,2.0315,2.5,2.346638,3.3,2004,5,0.00612909,0.36501,0.0,0.00612909,-0.01852312,0.02465221,-0.01852312,0.02465221,False
2004-06-01,92.871,188.9,5.6,2.76,2.05,2.5,2.4943283,3.3,2004,6,-0.02737725,0.26758,-0.02737725,-0.0,-0.02951402,0.00213677,-0.02951402,0.00213677,False
2004-07-01,93.5649,189.1,5.5,2.64,2.124285714285714,2.5,2.3982173,3.0,2004,7,0.0,0.0,0.0,0.0,0.0,0.0,0.0,0.0,False
2004-08-01,93.6277,189.2,5.4,2.51,2.1818181818181817,2.5,2.3820341,2.8,2004,8,0.04971448,-0.30232,0.04971448,0.0,0.04273725,0.00697723,0.04273725,0.00697723,False
2004-09-01,93.7467,189.8,5.4,2.53,2.142857142857143,2.5,2.3099442,2.8,2004,9,-0.01419391,0.0293,-0.01419391,-0.0,-0.00882984,-0.00536407,-0.00882984,-0.00536407,False
2004-10-01,94.5465,190.8,5.5,2.58,2.108,2.5,2.248695,3.1,2004,10,0.0,0.0,0.0,0.0,0.0,0.0,0.0,0.0,False
2004-11-01,94.7813,191.7,5.4,2.85,2.009,2.5,2.2193785,2.8,2004,11,-0.02838619,0.1175,-0.02838619,-0.0,-0.02114236,-0.00724383,-0.02114236,-0.00724383,False
2004-12-01,95.5365,191.7,5.4,3.01,1.9227272727272728,2.5,2.2120976,3.0,2004,12,-0.01455039,0.06497,-0.01455039,-0.0,-0.01111769,-0.0034327,-0.01111769,-0.0034327,False
2005-01-01,95.8801,191.6,5.3,3.22,1.796,2.45,2.272125,2.9,2005,1,0.0,0.0,0.0,0.0,0.0,0.0,0.0,0.0,False
2005-02-01,96.5761,192.4,5.4,3.38,1.6505263157894736,2.45,2.2774428,2.9,2005,2,-0.01397984,0.01929,-0.01397984,-0.0,-0.00813078,-0.00584906,-0.00813078,-0.00584906,False
2005-03-01,96.4456,193.1,5.2,3.73,1.5631818181818182,2.45,2.4031048,3.2,2005,3,0.06765631,-0.33953,0.06765631,0.0,0.05390887,0.01374744,0.05390887,0.01374744,False
2005-04-01,96.6532,193.7,5.2,3.65,1.708095238095238,2.5,2.4627918,3.3,2005,4,0.0,0.0,0.0,0.0,0.0,0.0,0.0,0.0,False
2005-05-01,96.7402,193.6,5.1,3.64,1.861904761904762,2.5,2.3666671,3.2,2005,5,0.005633,0.621,-0.02077467,0.02640767,-0.0339111,0.0395441,-0.0339111,0.0395441,False
2005-06-01,97.1753,193.7,5.0,3.64,1.86,2.5,2.2411759,3.2,2005,6,0.04697282,-0.41325,0.04697282,0.0,0.04792712,-0.0009543,0.04792712,-0.0009543,False
2005-07-01,96.8676,194.9,5.0,3.87,1.775,2.5,2.3035728,3.0,2005,7,0.0,0.0,0.0,0.0,0.0,0.0,0.0,0.0,False
2005-08-01,97.1833,196.1,4.9,4.04,1.6995652173913045,2.5,2.4298717,3.1,2005,8,-0.01986487,0.21427,-0.01986487,-0.0,-0.02260494,0.00274007,-0.02260494,0.00274007,False
2005-09-01,95.3005,198.8,5.0,3.95,1.83,2.5,2.323965,4.3,2005,9,0.02471223,-0.15015,0.02471223,0.0,0.02123639,0.00347584,0.02123639,0.00347584,False
2005-10-01,96.4572,199.1,5.0,4.27,1.8345,2.5,2.556126,4.6,2005,10,0.0,0.0,0.0,0.0,0.0,0.0,0.0,0.0,False
2005-11-01,97.5414,198.1,5.0,4.42,1.855,2.5,2.6116749,3.3,2005,11,0.00645912,0.2192,0.0,0.00645912,-0.00973451,0.01619363,-0.00973451,0.01619363,False
2005-12-01,98.0452,198.1,4.9,4.4,1.853809523809524,2.5,2.6256415,3.1,2005,12,-0.02711052,0.52662,-0.02711052,-0.0,-0.04470098,0.01759046,-0.04470098,0.01759046,False
2006-01-01,98.1999,199.3,4.7,4.4,1.821,2.5,2.4179209,3.0,2006,1,0.02985199,-0.22803,0.02985199,0.0,0.0284123,0.00143969,0.0284123,0.00143969,False
2006-02-01,98.2413,199.4,4.8,4.67,1.7010526315789474,2.5,2.4925589,3.0,2006,2,0.0,0.0,0.0,0.0,0.0,0.0,0.0,0.0,False
2006-03-01,98.4628,199.7,4.7,4.73,1.687391304347826,2.5,2.3740367,3.0,2006,3,0.04601083,-0.62108,0.04601083,0.0,0.05973775,-0.01372692,0.05973775,-0.01372692,False
2006-04-01,98.7618,200.7,4.7,4.89,1.69,2.5,2.6220555,3.3,2006,4,0.0,0.0,0.0,0.0,0.0,0.0,0.0,0.0,False
2006-05-01,98.7869,201.3,4.6,4.97,1.6354545454545453,2.5,2.6766408,4.0,2006,5,0.05077098,-0.19309,0.05077098,0.0,0.03680535,0.01396563,0.03680535,0.01396563,False
2006-06-01,99.0997,201.8,4.6,5.12,1.673181818181818,2.5,2.6644275,3.3,2006,6,-0.04296139,0.54151,-0.04296139,-0.0,-0.05350704,0.01054565,-0.05350704,0.01054565,False
2006-07-01,99.0489,202.9,4.7,5.12,1.6745,2.5,2.7219999,3.2,2006,7,0.0,0.0,0.0,0.0,0.0,0.0,0.0,0.0,False
2006-08-01,99.4836,203.8,4.7,4.9,1.7117391304347824,2.5,2.6393349,3.8,2006,8,-0.04054683,-0.2469,-0.0,-0.04054683,-0.00567109,-0.03487574,-0.00567109,-0.03487574,False
2006-09-01,99.3183,202.8,4.5,4.77,1.711,2.5,2.5251677,3.1,2006,9,0.0178247,-0.26777,0.0178247,0.0,0.02474898,-0.00692428,0.02474898,-0.00692428,False
2006-10-01,99.2044,201.9,4.4,4.8,1.6952380952380952,2.5,2.4628321,3.1,2006,10,-0.010461,-0.07474,-0.0,-0.010461,-0.00081018,-0.00965082,-0.00081018,-0.00965082,False
2006-11-01,99.1627,202.0,4.5,4.74,1.6085714285714283,2.5,2.3106579,3.0,2006,11,0.0,0.0,0.0,0.0,0.0,0.0,0.0,0.0,False
2006-12-01,100.1735,203.1,4.4,4.67,1.654,2.5,2.2915076,2.9,2006,12,-0.03226615,0.26109,-0.03226615,-0.0,-0.03157464,-0.00069151,-0.03157464,-0.00069151,False
2007-01-01,99.8346,203.437,4.6,4.88,1.5833333333333333,2.35,2.5310126,3.0,2007,1,-0.00805751,0.4816,-0.00805751,-0.0,-0.03251187,0.02445436,-0.03251187,0.02445436,False
2007-02-01,100.7753,204.226,4.5,4.85,1.5531578947368423,2.35,2.5721237,3.0,2007,2,0.0,0.0,0.0,0.0,0.0,0.0,0.0,0.0,False
2007-03-01,100.9547,205.288,4.4,4.57,1.703181818181818,2.35,2.4818584,3.0,2007,3,-0.08335045,0.81634,-0.08335045,-0.0,-0.08995576,0.00660531,-0.08995576,0.00660531,False
2007-04-01,101.6334,205.904,4.5,4.67,1.6995238095238094,2.4,2.4880411,3.3,2007,4,0.0,0.0,0.0,0.0,0.0,0.0,0.0,0.0,False
2007-05-01,101.7306,206.755,4.4,4.77,1.6390909090909092,2.4,2.5464455,3.3,2007,5,0.0365754,-0.13457,0.0365754,0.0,0.02624653,0.01032887,0.02624653,0.01032887,False
2007-06-01,101.7893,207.234,4.6,4.98,1.5942857142857143,2.4,2.7193803,3.4,2007,6,0.01206259,-0.27362,0.01206259,0.0,0.02221391,-0.01015132,0.02221391,-0.01015132,False
2007-07-01,101.6672,207.603,4.7,4.82,1.648095238095238,2.4,2.6195574,3.4,2007,7,0.0,0.0,0.0,0.0,0.0,0.0,0.0,0.0,False
2007-08-01,101.863,207.667,4.6,4.31,1.977391304347826,2.4,2.4884813,3.2,2007,8,-0.04407997,-1.25388,-0.01962905,-0.02445092,0.05211784,-0.09619781,0.05211784,-0.09619781,False
2007-09-01,102.0894,208.547,4.7,4.01,2.0705263157894733,2.4,2.3982691,3.1,2007,9,-0.20509211,1.32029,-0.20509211,-0.0,-0.18063154,-0.02446057,-0.18063154,-0.02446057,False
2007-10-01,101.8015,209.19,4.7,3.97,1.9518181818181817,2.4,2.3895245,3.1,2007,10,0.05345248,-0.41526,0.05345248,0.0,0.05128583,0.00216665,0.05128583,0.00216665,False
2007-11-01,102.3446,210.834,4.7,3.34,2.2465,2.4,2.3891912,3.4,2007,11,0.0,0.0,0.0,0.0,0.0,0.0,0.0,0.0,False
2007-12-01,102.3803,211.445,5.0,3.12,2.548,2.4,2.1453352,3.4,2007,12,0.0378258,-1.76769,0.0378258,0.0,0.12345881,-0.08563301,0.12345881,-0.08563301,False
2008-01-01,102.2448,212.174,5.0,2.48,2.7966666666666664,2.5,2.1512253,3.4,2008,1,-0.27966567,,-0.12098093,-0.0,,,-0.12098093,-0.0,True
2008-02-01,101.8438,212.687,4.9,1.97,3.086,2.5,2.0129504,3.6,2008,2,0.0,0.0,0.0,0.0,0.0,0.0,0.0,0.0,False
2008-03-01,101.5336,213.448,5.1,1.62,3.3825000000000003,2.5,1.8505815,4.3,2008,3,0.1542557,0.47764,0.05247882,0.10177688,0.04887894,0.10537676,0.04887894,0.10537676,False
2008-04-01,100.8785,213.942,5.0,2.05,3.2922727272727275,2.5,1.9073272,4.8,2008,4,-0.07965366,0.16293,-0.07965366,-0.0,-0.04946295,-0.03019071,-0.04946295,-0.03019071,False
2008-05-01,100.2674,215.208,5.4,2.45,3.0490476190476192,2.5,2.1396628,5.2,2008,5,0.0,0.0,0.0,0.0,0.0,0.0,0.0,0.0,False
2008-06-01,100.0335,217.463,5.6,2.77,2.974285714285714,2.5,2.2835338,5.1,2008,6,-0.05339118,0.03392,-0.05339118,-0.0,-0.02870171,-0.02468947,-0.02870171,-0.02468947,False
2008-07-01,99.676,219.016,5.8,2.57,3.151818181818182,2.5,2.3433765,5.1,2008,7,0.0,0.0,0.0,0.0,0.0,0.0,0.0,0.0,False
2008-08-01,98.1111,218.69,6.1,2.42,3.2628571428571425,2.5,2.3521255,4.8,2008,8,-0.03600638,0.13432,-0.03600638,-0.0,-0.02594723,-0.01005915,-0.02594723,-0.01005915,False
2008-09-01,93.7895,218.877,6.1,2.08,3.625714285714286,2.5,2.1877163,4.3,2008,9,0.10555427,-0.62947,0.10555427,0.0,0.09000567,0.0155486,0.09000567,0.0155486,False
2008-10-01,94.7219,216.995,6.5,1.61,5.063181818181818,2.5,1.9686992,3.9,2008,10,-0.11447943,,-0.0,-0.07931195,,,-0.0,-0.07931195,True
2008-11-01,93.4715,213.153,6.8,1.21,5.685,2.5,1.7893924,2.9,2008,11,-0.09246889,1.64061,-0.09246889,-0.0,-0.14326451,0.05079562,-0.14326451,0.05079562,False
2008-12-01,90.8357,211.398,7.3,0.82,6.013636363636365,2.5,1.3218537,1.7,2008,12,-0.24761027,1.59331,-0.24761027,-0.0,-0.21803775,-0.02957252,-0.21803775,-0.02957252,False
2009-01-01,88.57,211.933,7.8,0.81,5.626,2.4,1.3752818,2.2,2009,1,-0.01051577,-0.1973,-0.0,-0.01051577,0.00641096,-0.01692673,0.00641096,-0.01692673,False
2009-02-01,88.031,212.705,8.3,0.98,5.214736842105263,2.4,1.4101179,1.9,2009,2,0.0,0.0,0.0,0.0,0.0,0.0,0.0,0.0,False
2009-03-01,86.6528,212.495,8.7,0.93,5.6000000000000005,2.4,1.2759688,2.0,2009,3,-0.06080585,1.80819,-0.06080585,-0.0,-0.13734412,0.07653827,-0.13734412,0.07653827,False
2009-04-01,85.9344,212.709,9.0,0.93,5.46047619047619,2.5,1.5198782,2.8,2009,4,0.01684608,0.62292,0.0,0.01684608,-0.02841811,0.04526419,-0.02841811,0.04526419,False
2009-05-01,85.0665,213.022,9.4,0.93,4.7705,2.5,1.6751807,2.8,2009,5,0.0,0.0,0.0,0.0,0.0,0.0,0.0,0.0,False
2009-06-01,84.7459,214.79,9.5,1.18,3.7731818181818175,2.5,1.8190876,3.1,2009,6,0.03844336,-0.6802,0.03844336,0.0,0.05945053,-0.02100717,0.05945053,-0.02100717,False
2009-07-01,85.7027,214.726,9.5,1.02,3.5254545454545454,2.5,1.8791617,2.9,2009,7,0.0,0.0,0.0,0.0,0.0,0.0,0.0,0.0,False
2009-08-01,86.6426,215.445,9.6,1.12,2.989047619047619,2.5,1.9783579,2.8,2009,8,-0.01414656,-0.26438,-0.0,-0.01414656,0.00856286,-0.02270942,0.00856286,-0.02270942,False
2009-09-01,87.4063,215.861,9.8,0.96,2.910952380952381,2.5,1.988202,2.2,2009,9,-0.08797793,0.52867,-0.08797793,-0.0,-0.07525592,-0.01272201,-0.07525592,-0.01272201,False
2009-10-01,87.6419,216.509,10.0,0.95,2.9042857142857144,2.2627,1.7989016,2.9,2009,10,0.0,0.0,0.0,0.0,0.0,0.0,0.0,0.0,False
2009-11-01,88.0221,217.234,9.9,0.8,2.916842105263158,2.2627,1.8819046,2.7,2009,11,-0.0248939,0.08621,-0.0248939,-0.0,-0.01754564,-0.00734826,-0.01754564,-0.00734826,False
2009-12-01,88.3793,217.347,9.9,0.87,2.777727272727273,2.2627,1.767798,2.5,2009,12,0.00162264,-0.05211,0.00162264,0.0,0.00389324,-0.0022706,0.00389324,-0.0022706,False
2010-01-01,89.3426,217.488,9.8,0.93,2.5147368421052634,2.39,1.9320247,2.8,2010,1,0.02768005,0.09656,0.0,0.02768005,0.00812921,0.01955084,0.00812921,0.01955084,False
2010-02-01,89.6779,217.281,9.8,0.86,2.650526315789474,2.39,1.8645258,2.7,2010,2,0.0,0.0,0.0,0.0,0.0,0.0,0.0,0.0,False
2010-03-01,90.2928,217.353,9.9,0.96,2.5473913043478262,2.39,1.8811108,2.7,2010,3,-0.0358241,0.19305,-0.0358241,-0.0,-0.02932954,-0.00649456,-0.02932954,-0.00649456,False
2010-04-01,90.5991,217.403,9.9,1.06,2.4077272727272727,2.4,1.897095,2.9,2010,4,-0.00672185,0.16698,-0.00672185,-0.0,-0.01323657,0.00651472,-0.01323657,0.00651472,False
2010-05-01,91.823,217.29,9.6,0.83,2.631,2.4,1.856677,3.2,2010,5,0.0,0.0,0.0,0.0,0.0,0.0,0.0,0.0,False
2010-06-01,91.9928,217.199,9.4,0.72,3.0263636363636364,2.4,1.6983544,2.8,2010,6,0.0037771,0.34692,0.0,0.0037771,-0.01862923,0.02240633,-0.01862923,0.02240633,False
2010-07-01,92.3421,217.605,9.4,0.62,2.9995238095238097,2.3,1.5125837,2.7,2010,7,0.0,0.0,0.0,0.0,0.0,0.0,0.0,0.0,False
2010-08-01,92.6805,217.923,9.5,0.52,2.964090909090909,2.3,1.5327991,2.7,2010,8,-0.01793174,0.68052,-0.01793174,-0.0,-0.04921364,0.0312819,-0.04921364,0.0312819,False
2010-09-01,92.9537,218.275,9.5,0.48,3.0104761904761905,2.3,1.3628384,2.2,2010,9,-0.00565893,0.59361,-0.00565893,-0.0,-0.03793715,0.03227822,-0.03793715,0.03227822,False
2010-10-01,92.6903,219.035,9.4,0.38,3.1755,2.2,1.4064908,2.7,2010,10,0.0,0.0,0.0,0.0,0.0,0.0,0.0,0.0,False
2010-11-01,92.7709,219.59,9.8,0.45,3.1575,2.2,1.3817,3.0,2010,11,-0.00185915,-0.30103,-0.0,-0.00185915,0.01687414,-0.01873329,0.01687414,-0.01873329,False
2010-12-01,93.6787,220.472,9.3,0.62,2.805454545454545,2.2,1.5370198,3.0,2010,12,-0.00467162,0.01285,-0.00467162,-0.0,-0.00309579,-0.00157583,-0.00309579,-0.00157583,False
2011-01-01,93.4814,221.187,9.1,0.61,2.694,2.3,1.8493193,3.4,2011,1,-0.00794431,-0.08019,-0.0,-0.00794431,0.0007705,-0.00871481,0.0007705,-0.00871481,False
2011-02-01,93.1102,221.898,9.0,0.77,2.571578947368421,2.3,1.8901178,3.4,2011,2,0.0,0.0,0.0,0.0,0.0,0.0,0.0,0.0,False
2011-03-01,94.0788,223.046,9.0,0.7,2.620434782608696,2.3,1.9631042,4.6,2011,3,0.00677178,0.27359,0.0,0.00677178,-0.01279495,0.01956673,-0.01279495,0.01956673,False
2011-04-01,93.7749,224.093,9.1,0.73,2.568,2.4,2.0073539,4.6,2011,4,-0.01033672,0.1752,-0.01033672,-0.0,-0.01553016,0.00519344,-0.01553016,0.00519344,False
2011-05-01,93.888,224.806,9.0,0.56,2.6128571428571425,2.4,1.9651925,4.1,2011,5,0.0,0.0,0.0,0.0,0.0,0.0,0.0,0.0,False
2011-06-01,94.172,224.806,9.1,0.41,2.749090909090909,2.4,1.8123879,3.8,2011,6,0.00338589,0.10646,0.0,0.00338589,-0.00460338,0.00798927,-0.00460338,0.00798927,False
2011-07-01,94.636,225.395,9.0,0.41,2.7565,2.4,1.9369166,3.4,2011,7,0.0,0.0,0.0,0.0,0.0,0.0,0.0,0.0,False
2011-08-01,95.2749,226.106,9.0,0.23,3.058695652173913,2.4,1.5890717,3.5,2011,8,-0.0263505,-0.87788,-0.0,-0.0263505,0.03874492,-0.06509542,0.03874492,-0.06509542,False
2011-09-01,95.1961,226.597,9.0,0.21,3.2952380952380955,2.4,1.3655802,3.3,2011,9,0.05429585,-0.609,0.05429585,0.0,0.06316581,-0.00886996,0.06316581,-0.00886996,False
2011-10-01,95.8568,226.75,8.8,0.28,3.2195,2.5,1.4432293,3.2,2011,10,0.0,0.0,0.0,0.0,0.0,0.0,0.0,0.0,False
2011-11-01,95.8485,227.169,8.6,0.25,3.1245000000000003,2.5,1.4665774,3.2,2011,11,0.00957808,-0.13996,0.00957808,0.0,0.01306665,-0.00348857,0.01306665,-0.00348857,False
2011-12-01,96.3571,227.223,8.5,0.26,3.2723809523809524,2.5,1.5221908,3.1,2011,12,0.00940909,-0.81154,0.00940909,0.0,0.05270119,-0.0432921,0.05270119,-0.0432921,False
2012-01-01,96.9318,227.842,8.3,0.24,3.262,2.3,1.455813,3.3,2012,1,-0.01802415,0.30319,-0.01802415,-0.0,-0.02694354,0.00891939,-0.02694354,0.00891939,False
2012-02-01,97.2435,228.329,8.3,0.28,3.1745,2.3,1.406833,3.3,2012,2,0.0,0.0,0.0,0.0,0.0,0.0,0.0,0.0,False
2012-03-01,96.74,228.807,8.2,0.34,3.060454545454545,2.3,1.4255371,3.9,2012,3,0.00805751,0.02241,0.0,0.00805751,0.00270337,0.00535414,0.00270337,0.00535414,False
2012-04-01,97.4359,229.187,8.2,0.29,3.1409523809523807,2.48,1.527704,3.2,2012,4,0.0,-0.0166,0.0,0.0,0.00098177,-0.00098177,0.00098177,-0.00098177,False
2012-05-01,97.6609,228.713,8.2,0.29,3.2654545454545456,2.48,1.4303528,3.0,2012,5,0.0,0.0,0.0,0.0,0.0,0.0,0.0,0.0,False
2012-06-01,97.6663,228.524,8.2,0.29,3.3980952380952383,2.48,1.2066404,3.1,2012,6,0.01631926,-0.02733,0.01631926,0.0,0.009776,0.00654326,0.009776,0.00654326,False
2012-07-01,97.8713,228.59,8.2,0.25,3.345238095238096,2.35,1.3280776,3.0,2012,7,0.0,0.0,0.0,0.0,0.0,0.0,0.0,0.0,False
2012-08-01,97.4525,229.918,8.1,0.27,3.2291304347826086,2.35,1.3348091,3.6,2012,8,0.01274371,-0.1668,0.01274371,0.0,0.01623685,-0.00349314,0.01623685,-0.00349314,False
2012-09-01,97.381,231.015,7.8,0.26,3.1184210526315788,2.35,1.443758,3.3,2012,9,0.01577163,0.61107,0.0,0.01577163,-0.0282545,0.04402613,-0.0282545,0.04402613,False
2012-10-01,97.7193,231.638,7.8,0.28,2.8380952380952382,2.3,1.3814058,3.1,2012,10,0.0,-0.00141,0.0,0.0,8.339e-05,-8.339e-05,8.339e-05,-8.339e-05,False
2012-11-01,98.0777,231.249,7.7,0.27,2.8565,2.3,1.4037991,3.1,2012,11,0.0,0.0,0.0,0.0,0.0,0.0,0.0,0.0,False
2012-12-01,98.3101,231.221,7.9,0.26,2.9085,2.3,1.4588874,3.2,2012,12,-0.00356494,0.39349,-0.00356494,-0.0,-0.02505452,0.02148958,-0.02505452,0.02148958,False
2013-01-01,98.3342,231.679,8.0,0.27,2.819523809523809,2.3,1.3370393,3.3,2013,1,-0.00338589,-0.07702,-0.0,-0.00338589,0.00286222,-0.00624811,0.00286222,-0.00624811,False
2013-02-01,98.7941,232.937,7.7,0.27,2.8626315789473686,2.3,1.3922361,3.3,2013,2,0.0,0.0,0.0,0.0,0.0,0.0,0.0,0.0,False
2013-03-01,99.1921,232.282,7.5,0.26,2.897,2.3,1.231004,3.2,2013,3,0.00183907,0.10916,0.0,0.00183907,-0.00553648,0.00737555,-0.00553648,0.00737555,False
2013-04-01,99.1065,231.797,7.6,0.23,2.8318181818181816,2.3,1.3281382,3.1,2013,4,0.0,0.0,0.0,0.0,0.0,0.0,0.0,0.0,False
2013-05-01,99.1839,231.893,7.5,0.25,2.7977272727272724,2.3,1.2491782,3.1,2013,5,0.00112635,0.14053,0.0,0.00112635,-0.00774815,0.0088745,-0.00774815,0.0088745,False
2013-06-01,99.3897,232.445,7.5,0.33,2.89,2.3,1.4008832,3.0,2013,6,0.00475918,-0.06366,0.00475918,0.0,0.00614461,-0.00138543,0.00614461,-0.00138543,False
2013-07-01,99.0814,232.9,7.3,0.34,2.7404545454545453,2.205,1.4426627,3.1,2013,7,-0.00411828,-0.03255,-0.0,-0.00411828,-0.00013405,-0.00398423,-0.00013405,-0.00398423,False
2013-08-01,99.6543,233.456,7.2,0.36,2.6872727272727275,2.205,1.6468685,3.0,2013,8,0.0,0.0,0.0,0.0,0.0,0.0,0.0,0.0,False
2013-09-01,100.161,233.544,7.2,0.4,2.656,2.205,1.7968176,3.3,2013,9,-0.01518739,1.00779,-0.01518739,-0.0,-0.06719709,0.0520097,-0.06719709,0.0520097,False
2013-10-01,100.082,233.669,7.2,0.34,2.692272727272728,2.3,1.5911875,3.0,2013,10,0.00221336,-0.29372,0.00221336,0.0,0.01847807,-0.01626471,0.01847807,-0.01626471,False
2013-11-01,100.3158,234.1,6.9,0.3,2.665263157894737,2.3,1.5695147,2.9,2013,11,0.0,0.0,0.0,0.0,0.0,0.0,0.0,0.0,False
2013-12-01,100.5175,234.719,6.7,0.34,2.4823809523809524,2.3,1.6860486,3.0,2013,12,0.00135158,0.7595,0.0,0.00135158,-0.04424307,0.04559465,-0.04424307,0.04559465,False
2014-01-01,100.1599,235.288,6.6,0.39,2.334761904761905,2.3,1.7153084,3.1,2014,1,0.00327533,-0.40308,0.00327533,0.0,0.02547689,-0.02220156,0.02547689,-0.02220156,False
2014-02-01,100.9168,235.547,6.7,0.33,2.39,2.3,1.632026,3.2,2014,2,0.0,0.0,0.0,0.0,0.0,0.0,0.0,0.0,False
2014-03-01,101.8942,236.028,6.7,0.4,2.340952380952381,2.3,1.5687767,3.2,2014,3,0.01611501,-0.20472,0.01611501,0.0,0.02016519,-0.00405018,0.02016519,-0.00405018,False
2014-04-01,101.9928,236.468,6.2,0.42,2.199047619047619,2.25,1.7415577,3.2,2014,4,0.00110668,0.01755,0.0,0.00110668,-0.00048461,0.00159129,-0.00048461,0.00159129,False
2014-05-01,102.3836,236.918,6.3,0.39,2.203809523809524,2.25,1.748523,3.3,2014,5,0.0,0.0,0.0,0.0,0.0,0.0,0.0,0.0,False
2014-06-01,102.735,237.231,6.1,0.45,2.2,2.25,1.684508,3.1,2014,6,0.00695083,0.31782,0.0,0.00695083,-0.01532131,0.02227214,-0.01532131,0.02227214,False
2014-07-01,102.9632,237.498,6.2,0.51,2.192272727272728,2.2,1.7704087,3.3,2014,7,-0.00584415,0.39686,-0.00584415,-0.0,-0.02639344,0.02054929,-0.02639344,0.02054929,False
2014-08-01,102.7688,237.46,6.1,0.47,2.2704761904761903,2.2,1.766452,3.2,2014,8,0.0,0.0,0.0,0.0,0.0,0.0,0.0,0.0,False
2014-09-01,103.0641,237.477,5.9,0.57,2.268095238095238,2.2,1.8315705,3.0,2014,9,0.0137226,0.24878,0.0,0.0137226,-0.00785221,0.02157481,-0.00785221,0.02157481,False
2014-10-01,103.0764,237.43,5.7,0.45,2.3836363636363638,2.2,1.7367613,2.9,2014,10,0.0218359,-0.29393,0.0218359,0.0,0.02830176,-0.00646586,0.02830176,-0.00646586,False
2014-11-01,103.7126,236.983,5.8,0.53,2.4594444444444448,2.2,1.6543211,2.8,2014,11,0.0,0.0,0.0,0.0,0.0,0.0,0.0,0.0,False
2014-12-01,103.7044,236.252,5.6,0.64,2.5304545454545457,2.2,1.7832413,2.8,2014,12,-0.04968888,0.74124,-0.04968888,-0.0,-0.06868336,0.01899448,-0.06868336,0.01899448,False
2015-01-01,102.8905,234.747,5.7,0.55,2.573,2.1,1.5049432,2.5,2015,1,-0.00589892,-0.25168,-0.0,-0.00589892,0.01193557,-0.01783449,0.01193557,-0.01783449,False
2015-02-01,102.2335,235.342,5.5,0.62,2.531578947368421,2.1,1.2882705,2.8,2015,2,0.0,0.0,0.0,0.0,0.0,0.0,0.0,0.0,False
2015-03-01,101.8914,235.976,5.4,0.64,2.496363636363637,2.1,1.4951956,3.0,2015,3,-0.06350085,1.42474,-0.06350085,-0.0,-0.11601336,0.05251251,-0.11601336,0.05251251,False
2015-04-01,101.3355,236.222,5.4,0.54,2.549090909090909,2.135,1.5864912,2.6,2015,4,0.0,0.09256,0.0,0.0,-0.00547425,0.00547425,-0.00547425,0.00547425,False
2015-05-01,100.8883,237.001,5.6,0.61,2.691,2.135,1.6757722,2.8,2015,5,0.0,0.0,0.0,0.0,0.0,0.0,0.0,0.0,False
2015-06-01,100.571,237.657,5.3,0.69,2.7618181818181817,2.135,1.7112977,2.7,2015,6,-0.04185531,0.33272,-0.04185531,-0.0,-0.04060561,-0.0012497,-0.04060561,-0.0012497,False
2015-07-01,101.2228,238.034,5.2,0.67,2.877272727272727,2.15,1.7693587,2.8,2015,7,-0.00935432,0.12738,-0.00935432,-0.0,-0.01221075,0.00285643,-0.01221075,0.00285643,False
2015-08-01,101.0367,238.033,5.1,0.7,3.020952380952381,2.15,1.6980816,2.8,2015,8,0.0,0.0,0.0,0.0,0.0,0.0,0.0,0.0,False
2015-09-01,100.7547,237.498,5.0,0.71,3.1680952380952383,2.15,1.74063198,2.8,2015,9,-0.07006399,0.14133,-0.07006399,-0.0,-0.04339063,-0.02667336,-0.04339063,-0.02667336,False
2015-10-01,100.2675,237.733,5.0,0.64,3.271428571428572,2.15,1.579485,2.7,2015,10,0.03971968,-0.6055,0.03971968,0.0,0.05567073,-0.01595105,0.05567073,-0.01595105,False
2015-11-01,99.5298,238.017,5.1,0.88,3.194736842105263,2.15,1.6363077,2.7,2015,11,0.0,0.0,0.0,0.0,0.0,0.0,0.0,0.0,False
2015-12-01,99.0417,237.761,5.0,0.98,3.2122727272727274,2.15,1.66549508,2.6,2015,12,0.02448184,0.13922,0.0,0.02448184,0.00400708,0.02047476,0.00400708,0.02047476,False
2016-01-01,99.5607,237.652,4.8,0.9,3.3626315789473686,2.12,1.70130035,2.5,2016,1,-0.02751435,-0.36597,-0.0,-0.02751435,0.00788727,-0.03540162,0.00788727,-0.03540162,False
2016-02-01,99.0445,237.336,4.9,0.73,3.559,2.12,1.52606345,2.5,2016,2,0.0,0.0,0.0,0.0,0.0,0.0,0.0,0.0,False
2016-03-01,98.3096,238.08,5.0,0.88,3.244545454545454,2.12,1.43394055,2.7,2016,3,-0.08519224,0.26709,-0.08519224,-0.0,-0.05839254,-0.0267997,-0.05839254,-0.0267997,False
2016-04-01,98.6421,238.992,5.1,0.77,2.98,2.2,1.60102719,2.8,2016,4,0.01075061,0.24476,0.0,0.01075061,-0.00910046,0.01985107,-0.00910046,0.01985107,False
2016-05-01,98.4184,239.557,4.8,0.82,2.8704761904761904,2.2,1.62654651,2.4,2016,5,0.0,0.0,0.0,0.0,0.0,0.0,0.0,0.0,False
2016-06-01,98.8833,240.222,4.9,0.73,2.880909090909091,2.2,1.56184274,2.6,2016,6,-0.04285424,-0.04467,-0.0,-0.04285424,-0.01878522,-0.02406902,-0.01878522,-0.02406902,False
2016-07-01,98.9992,240.101,4.8,0.67,2.7145,2.15,1.50923924,2.7,2016,7,0.00514028,0.21188,0.0,0.00514028,-0.00996101,0.01510129,-0.00996101,0.01510129,False
2016-08-01,98.85,240.545,4.9,0.74,2.6839130434782605,2.15,1.51843982,2.5,2016,8,0.0,0.0,0.0,0.0,0.0,0.0,0.0,0.0,False
2016-09-01,98.7457,241.176,5.0,0.77,2.680952380952381,2.15,1.64784373,2.4,2016,9,-0.03527646,0.29354,-0.03527646,-0.0,-0.03499897,-0.00027749,-0.03499897,-0.00027749,False
2016-10-01,98.7611,241.741,4.9,0.84,2.612,2.2161,1.58977135,2.4,2016,10,0.0,0.0,0.0,0.0,0.0,0.0,0.0,0.0,False
2016-11-01,98.3491,242.026,4.7,0.98,2.566,2.2161,1.65806018,2.4,2016,11,0.00331647,0.06189,0.0,0.00331647,-0.00200211,0.00531858,-0.00200211,0.00531858,False
2016-12-01,99.0214,242.637,4.7,1.2,2.335238095238095,2.2161,1.89000404,2.2,2016,12,0.03712366,-0.24159,0.03712366,0.0,0.03285011,0.00427355,0.03285011,0.00427355,False
2017-01-01,98.7611,243.618,4.7,1.21,2.228,2.3,1.8454627,2.6,2017,1,0.0,0.0,0.0,0.0,0.0,0.0,0.0,0.0,False
2017-02-01,98.3646,244.006,4.6,1.2,2.2221052631578946,2.3,1.82718762,2.7,2017,2,-0.02051911,0.16147,-0.02051911,-0.0,-0.01980932,-0.00070979,-0.01980932,-0.00070979,False
2017-03-01,99.0137,243.892,4.4,1.31,2.2,2.3,1.75034457,2.5,2017,3,-0.04693258,0.28177,-0.04693258,-0.0,-0.04013092,-0.00680166,-0.04013092,-0.00680166,False
2017-04-01,100.0224,244.193,4.4,1.24,2.272105263157895,2.3,1.74714341,2.5,2017,4,0.0,0.0,0.0,0.0,0.0,0.0,0.0,0.0,False
2017-05-01,100.1408,244.004,4.4,1.3,2.245909090909091,2.3,1.71269334,2.6,2017,5,0.01381378,0.03859,0.0,0.01381378,0.00462457,0.00918921,0.00462457,0.00918921,False
2017-06-01,100.3471,244.163,4.3,1.34,2.183181818181818,2.3,1.54109835,2.6,2017,6,0.01913702,-0.0406,0.01913702,0.0,0.0119697,0.00716732,0.0119697,0.00716732,False
2017-07-01,100.1068,244.243,4.3,1.37,2.0715,2.25,1.73893855,2.6,2017,7,-0.01319881,0.02098,-0.01319881,-0.0,-0.00784022,-0.00535859,-0.00784022,-0.00535859,False
2017-08-01,99.6925,245.183,4.4,1.34,2.1008695652173914,2.25,1.70005771,2.6,2017,8,0.0,0.0,0.0,0.0,0.0,0.0,0.0,0.0,False
2017-09-01,99.7954,246.435,4.3,1.38,2.1015,2.25,1.77325229,2.7,2017,9,0.04200895,-0.14615,0.04200895,0.0,0.02964818,0.01236077,0.02964818,0.01236077,False
2017-10-01,101.0247,246.626,4.2,1.55,1.9557142857142855,2.2,1.80800185,2.4,2017,10,0.0,0.0,0.0,0.0,0.0,0.0,0.0,0.0,False
2017-11-01,101.2664,247.284,4.2,1.7,1.9155,2.2,1.85217904,2.5,2017,11,0.00182186,0.08571,0.0,0.00182186,-0.00415819,0.00598005,-0.00415819,0.00598005,False
2017-12-01,101.4644,247.805,4.1,1.84,1.821,2.2,2.01718195,2.7,2017,12,-0.00584415,0.07573,-0.00584415,-0.0,-0.00740095,0.0015568,-0.00740095,0.0015568,False
2018-01-01,101.4625,248.859,4.0,2.03,1.6723809523809523,2.25,1.86617639,2.7,2018,1,0.00513021,-0.10361,0.00513021,0.0,0.00869288,-0.00356267,0.00869288,-0.00356267,False
2018-02-01,101.7085,249.529,4.1,2.18,1.65,2.25,2.00534843,2.7,2018,2,0.0,0.0,0.0,0.0,0.0,0.0,0.0,0.0,False
2018-03-01,102.2067,249.577,4.0,2.28,1.7976190476190477,2.25,1.86072811,2.8,2018,3,-0.00152057,0.3479,-0.00152057,-0.0,-0.02133602,0.01981545,-0.02133602,0.01981545,False
2018-04-01,103.3329,250.227,4.0,2.38,1.8000000000000005,2.3,1.89293546,2.7,2018,4,0.0,0.0,0.0,0.0,0.0,0.0,0.0,0.0,False
2018-05-01,102.4024,250.792,3.8,2.51,1.8477272727272729,2.3,2.00894606,2.8,2018,5,-0.00520895,0.1428,-0.00520895,-0.0,-0.01105005,0.0058411,-0.01105005,0.0058411,False
2018-06-01,103.198,251.018,4.0,2.53,1.9223809523809523,2.3,1.92400996,3.0,2018,6,0.01793146,-0.13533,0.01793146,0.0,0.01696951,0.00096195,0.01696951,0.00096195,False
2018-07-01,103.3646,251.214,3.8,2.61,1.9023809523809525,2.2,2.03159462,2.9,2018,7,0.0,0.0,0.0,0.0,0.0,0.0,0.0,0.0,False
2018-08-01,104.0327,251.663,3.8,2.64,1.8769565217391304,2.2,2.07519107,3.0,2018,8,-0.00297867,0.02134,-0.00297867,-0.0,-0.00275144,-0.00022723,-0.00275144,-0.00022723,False
2018-09-01,104.1004,252.182,3.7,2.77,1.8794736842105264,2.2,2.10310861,2.7,2018,9,0.001063,0.22624,0.0,0.001063,-0.01284894,0.01391194,-0.01284894,0.01391194,False
2018-10-01,103.9856,252.772,3.8,2.86,1.913181818181818,2.21,2.11263929,2.9,2018,10,0.0,0.0,0.0,0.0,0.0,0.0,0.0,0.0,False
2018-11-01,104.0681,252.594,3.8,2.86,2.107,2.21,2.09822052,2.8,2018,11,0.00416709,0.09441,0.0,0.00416709,-0.00350011,0.0076672,-0.00350011,0.0076672,False
2018-12-01,104.0936,252.767,3.9,2.68,2.3010526315789472,2.21,2.01953345,2.7,2018,12,0.02319353,-0.94125,0.02319353,0.0,0.06726481,-0.04407128,0.06726481,-0.04407128,False
2019-01-01,103.4021,252.561,4.0,2.54,2.4061904761904764,2.2,1.87267231,2.7,2019,1,-0.02494451,0.77383,-0.02494451,-0.0,-0.05823863,0.03329412,-0.05823863,0.03329412,False
2019-02-01,102.8371,253.319,3.8,2.5,2.2710526315789474,2.2,1.88227201,2.6,2019,2,0.0,0.0,0.0,0.0,0.0,0.0,0.0,0.0,False
2019-03-01,102.8757,254.277,3.8,2.41,2.264761904761905,2.2,1.570003,2.5,2019,3,-0.03277562,0.50599,-0.03277562,-0.0,-0.04631341,0.01353779,-0.04631341,0.01353779,False
2019-04-01,102.274,255.233,3.7,2.34,2.170952380952381,2.2,1.69509441,2.5,2019,4,0.0,0.0,0.0,0.0,0.0,0.0,0.0,0.0,False
2019-05-01,102.392,255.296,3.6,2.21,2.2331818181818184,2.2,1.7638552,2.9,2019,5,-0.04719874,0.20476,-0.04719874,-0.0,-0.03570942,-0.01148932,-0.03570942,-0.01148932,False
2019-06-01,102.4375,255.213,3.6,1.81,2.3865,2.2,1.54038275,2.7,2019,6,-0.06827621,0.23767,-0.06827621,-0.0,-0.04819454,-0.02008167,-0.04819454,-0.02008167,False
2019-07-01,101.9408,255.802,3.7,1.84,2.22,2.2,1.59047749,2.6,2019,7,0.04801467,-0.13745,0.04801467,0.0,0.0321365,0.01587817,0.0321365,0.01587817,False
2019-08-01,102.639,256.036,3.6,1.57,2.247272727272727,2.2,1.56887016,2.7,2019,8,0.0,0.0,0.0,0.0,0.0,0.0,0.0,0.0,False
2019-09-01,102.2917,256.43,3.5,1.65,2.215,2.2,1.46482077,2.8,2019,9,0.03148517,-0.37358,0.03148517,0.0,0.03783711,-0.00635194,0.03783711,-0.00635194,False
2019-10-01,101.4281,257.155,3.6,1.55,2.2181818181818183,2.2,1.54904817,2.5,2019,10,0.01160735,0.34921,-0.0020114,0.01361875,-0.01484954,0.02645689,-0.01484954,0.02645689,False
2019-11-01,101.9372,257.879,3.6,1.61,2.128947368421053,2.2,1.57873628,2.5,2019,11,0.0,0.0,0.0,0.0,0.0,0.0,0.0,0.0,False
2019-12-01,101.7003,258.63,3.6,1.61,2.0157142857142856,2.2,1.61310184,2.3,2019,12,-0.00362073,0.16766,-0.00362073,-0.0,-0.01172623,0.0081055,-0.01172623,0.0081055,False
2020-01-01,101.0338,259.127,3.6,1.52,2.0142857142857142,2.2,1.64111652,2.5,2020,1,0.00889675,0.02827,0.0,0.00889675,0.00277641,0.00612034,0.00277641,0.00612034,False
2020-02-01,101.3735,259.25,3.5,1.33,2.106842105263158,2.2,1.51320566,2.4,2020,2,0.0,0.0,0.0,0.0,0.0,0.0,0.0,0.0,False
2020-03-01,97.4078,258.076,4.4,0.45,3.4181818181818184,2.2,1.1211007,2.2,2020,3,-0.19555916,,-0.16491989,-0.0,,,-0.16491989,-0.0,True
2020-04-01,84.5619,256.032,14.8,0.22,3.469523809523809,2.135,0.88234276,2.1,2020,4,-0.01422855,-0.18878,-0.0,-0.01422855,0.00405068,-0.01827923,0.00405068,-0.01827923,False
2020-05-01,85.9604,255.802,13.2,0.17,3.28,2.135,0.86493627,3.2,2020,5,0.0,0.0,0.0,0.0,0.0,0.0,0.0,0.0,False
2020-06-01,91.5934,257.042,11.0,0.19,2.9131818181818185,2.135,1.01290639,3.0,2020,6,-0.00227921,0.59258,-0.00227921,-0.0,-0.03618637,0.03390716,-0.03618637,0.03390716,False
2020-07-01,95.0256,258.352,10.2,0.15,2.6895454545454545,2.03,1.2377693,3.0,2020,7,-0.0041468,0.06893,-0.0041468,-0.0,-0.0061501,0.0020033,-0.0061501,0.0020033,False
2020-08-01,95.9549,259.316,8.4,0.14,2.624285714285714,2.03,1.23958067,3.1,2020,8,0.0,0.0,0.0,0.0,0.0,0.0,0.0,0.0,False
2020-09-01,95.9669,259.997,7.8,0.13,2.684761904761905,2.03,1.23631532,2.6,2020,9,-0.00094649,0.40618,-0.00094649,-0.0,-0.02449582,0.02354933,-0.02449582,0.02354933,False
2020-10-01,96.7394,260.319,6.9,0.15,2.6523809523809527,2.12,1.20124146,2.6,2020,10,0.0,0.0,0.0,0.0,0.0,0.0,0.0,0.0,False
2020-11-01,97.0816,260.911,6.7,0.17,2.4257894736842105,2.12,1.23965611,2.8,2020,11,-0.00110668,0.0341,-0.00110668,-0.0,-0.00257011,0.00146343,-0.00257011,0.00146343,False
2020-12-01,98.363,262.045,6.7,0.14,2.230454545454545,2.12,1.30246527,2.5,2020,12,0.00025959,-0.16237,0.00025959,0.0,0.00973279,-0.0094732,0.00973279,-0.0094732,False
2021-01-01,98.8822,262.687,6.4,0.13,2.1626315789473685,2.2,1.24288849,3.0,2021,1,0.00178298,-0.34152,0.00178298,0.0,0.0210899,-0.01930692,0.0210899,-0.01930692,False
2021-02-01,95.6149,263.579,6.2,0.12,2.1631578947368424,2.2,1.31345304,3.3,2021,2,0.0,0.0,0.0,0.0,0.0,0.0,0.0,0.0,False
2021-03-01,98.3856,264.961,6.1,0.15,2.1317391304347826,2.2,1.36586039,3.1,2021,3,-0.00816395,0.53485,-0.00816395,-0.0,-0.03571443,0.02755048,-0.03571443,0.02755048,False
2021-04-01,98.5587,266.614,6.1,0.16,1.9723809523809528,2.3,1.47891829,3.4,2021,4,-0.00450365,0.05755,-0.00450365,-0.0,-0.00565549,0.00115184,-0.00565549,0.00115184,False
2021-05-01,99.4333,268.383,5.8,0.16,1.999,2.3,1.48598552,4.6,2021,5,0.0,0.0,0.0,0.0,0.0,0.0,0.0,0.0,False
2021-06-01,99.7987,270.654,5.9,0.2,1.9259090909090908,2.3,1.52568217,4.2,2021,6,0.02260112,-0.49477,0.02260112,0.0,0.04056258,-0.01796146,0.04056258,-0.01796146,False
2021-07-01,100.2519,271.903,5.4,0.22,1.926190476190476,2.4367,1.55335025,4.7,2021,7,0.00221336,0.18406,0.0,0.00221336,-0.00977912,0.01199248,-0.00977912,0.01199248,False
2021-08-01,100.0437,272.676,5.1,0.22,1.9563636363636363,2.4367,1.54992943,4.6,2021,8,0.0,0.0,0.0,0.0,0.0,0.0,0.0,0.0,False
2021-09-01,98.8579,273.91,4.7,0.24,1.8552380952380956,2.4367,1.63260191,4.6,2021,9,0.0,0.37317,0.0,0.0,-0.02207027,0.02207027,-0.02207027,0.02207027,False
2021-10-01,100.1861,276.55,4.5,0.39,1.7705000000000002,2.55,1.51670347,4.8,2021,10,0.0,0.0,0.0,0.0,0.0,0.0,0.0,0.0,False
2021-11-01,100.8654,278.919,4.1,0.51,1.7235,2.55,1.72679923,4.9,2021,11,0.00596157,0.23372,0.0,0.00596157,-0.01084204,0.01680361,-0.01084204,0.01680361,False
2021-12-01,100.5726,280.845,3.9,0.68,1.833809523809524,2.55,1.7407948,4.8,2021,12,0.03552127,0.62031,0.0,0.03552127,-0.01892616,0.05444743,-0.01892616,0.05444743,False
2022-01-01,100.1856,282.543,4.0,0.98,1.821,2.4981,1.73444186,4.9,2022,1,-0.00795803,-0.2151,-0.0,-0.00795803,0.00874257,-0.0167006,0.00874257,-0.0167006,False
2022-02-01,100.8064,284.5,3.9,1.44,2.033684210526316,2.4981,1.89861214,4.9,2022,2,0.0,0.0,0.0,0.0,0.0,0.0,0.0,0.0,False
2022-03-01,101.3907,287.674,3.7,1.91,2.166086956521739,2.4981,1.97801677,5.4,2022,3,0.09831256,-0.74763,0.09831256,0.0,0.09337312,0.00493944,0.09337312,0.00493944,False
2022-04-01,101.44,288.561,3.7,2.54,1.9115,2.8,2.26755868,5.4,2022,4,0.0,0.0,0.0,0.0,0.0,0.0,0.0,0.0,False
2022-05-01,101.3335,291.298,3.6,2.62,2.218571428571429,2.8,2.45008154,5.3,2022,5,-0.03187379,-0.14965,-0.0,-0.03187379,-0.00708619,-0.0247876,-0.00708619,-0.0247876,False
2022-06-01,101.018,294.957,3.6,3.0,2.124285714285714,2.8,2.5513544,5.3,2022,6,0.0764084,-0.12554,0.0764084,0.0,0.04562897,0.03077943,0.04562897,0.03077943,False
2022-07-01,101.223,294.913,3.5,3.04,2.3175,2.8,2.28813375,5.2,2022,7,-0.00573564,0.05081,-0.00573564,-0.0,-0.00587286,0.00013722,-0.00587286,0.00013722,False
2022-08-01,101.0963,295.097,3.6,3.25,2.254782608695652,2.8,2.1869859,4.8,2022,8,0.0,0.0,0.0,0.0,0.0,0.0,0.0,0.0,False
2022-09-01,101.2918,296.349,3.5,3.86,2.1747619047619047,2.8,2.53306319,4.7,2022,9,0.09164352,-1.35205,0.09164352,0.0,0.12578561,-0.03414209,0.12578561,-0.03414209,False
2022-10-01,101.2529,298.007,3.6,4.38,2.277,2.95,2.40070757,5.0,2022,10,0.0,0.0,0.0,0.0,0.0,0.0,0.0,0.0,False
2022-11-01,100.9552,298.786,3.6,4.5,2.1745,2.95,2.53058351,5.0,2022,11,-0.07652252,0.70408,-0.07652252,-0.0,-0.07990243,0.00337991,-0.07990243,0.00337991,False
2022-12-01,99.7664,298.832,3.5,4.29,1.977619047619048,2.95,2.26844917,4.3,2022,12,0.08745958,-1.14497,0.08745958,0.0,0.11144638,-0.0239868,0.11144638,-0.0239868,False
2023-01-01,100.505,300.42,3.5,4.21,1.9705,2.37,2.31430445,3.9,2023,1,0.0,0.0,0.0,0.0,0.0,0.0,0.0,0.0,False
2023-02-01,100.6416,301.45,3.6,4.53,1.8473684210526315,2.37,2.13652091,4.2,2023,2,0.01037026,0.13746,0.0,0.01037026,-0.00294462,0.01331488,-0.00294462,0.01331488,False
2023-03-01,101.0205,301.821,3.5,4.3,2.051304347826087,2.37,2.22638086,3.6,2023,3,-0.02787335,0.28513,-0.02787335,-0.0,-0.03080003,0.00292668,-0.03080003,0.00292668,False
2023-04-01,101.253,302.845,3.4,4.02,2.0694736842105264,2.3555,2.13835537,4.7,2023,4,0.0,0.0,0.0,0.0,0.0,0.0,0.0,0.0,False
2023-05-01,100.9286,303.334,3.6,4.13,2.192727272727273,2.3555,2.19228495,4.2,2023,5,0.01850483,0.11806,0.0,0.01850483,0.00227003,0.0162348,0.00227003,0.0162348,False
2023-06-01,100.1196,304.014,3.6,4.64,2.0061904761904765,2.3555,1.66807333,3.3,2023,6,0.05250713,-0.69926,0.05250713,0.0,0.06760967,-0.01510254,0.06760967,-0.01510254,False
2023-07-01,100.9067,304.609,3.5,4.83,1.842,2.4,2.08637277,3.4,2023,7,0.00397215,0.08908,0.0,0.00397215,-0.00328235,0.0072545,-0.00328235,0.0072545,False
2023-08-01,100.8393,306.082,3.7,4.9,1.8495652173913044,2.4,2.1788282,3.5,2023,8,0.0,0.0,0.0,0.0,0.0,0.0,0.0,0.0,False
2023-09-01,101.0211,307.276,3.7,5.02,1.777,2.4,2.28083051,3.2,2023,9,0.05132388,-0.17053,0.05132388,0.0,0.03574754,0.01557634,0.03574754,0.01557634,False
2023-10-01,100.4689,307.696,3.9,5.07,1.8314285714285716,2.4,2.4128972,4.2,2023,10,0.0,0.0,0.0,0.0,0.0,0.0,0.0,0.0,False
2023-11-01,100.8639,308.148,3.7,4.88,1.789047619047619,2.4,2.4352391,4.5,2023,11,-0.013891,0.01259,-0.013891,-0.0,-0.00769011,-0.00620089,-0.00769011,-0.00620089,False
2023-12-01,100.6031,308.741,3.8,4.46,1.622,2.4,2.36399899,3.1,2023,12,-0.05166427,0.66225,-0.05166427,-0.0,-0.06499937,0.0133351,-0.06499937,0.0133351,False
2024-01-01,99.2223,309.698,3.7,4.32,1.619047619047619,2.24,2.18036388,2.9,2024,1,0.02135303,-0.30595,0.02135303,0.0,0.02877122,-0.00741819,0.02877122,-0.00741819,False
