date,ip,cpi,unrate,gs2,baa10y,cpi10,expinf5yr,mich,MP_median_fallback,CBI_median_fallback,MP_pm,CBI_pm,fallback_flag,MP_event_manual,CBI_event_manual,n_events,fallback_event,mixed_missing_and_nonmissing_events
1991-10-01,62.1855,137.2,7.0,5.91,1.964090909090909,4.0,3.6371727,3.2,-0.00917245,-0.01131816,-0.02049061,0.0,False,-0.00917245,-0.01131816,2.0,False,False
1991-11-01,62.0871,137.8,7.0,5.56,2.036842105263158,4.0,3.5845422,2.9,-0.05429407,-0.04546999,-0.11402382,0.01425976,False,-0.05429407,-0.04546999,2.0,False,False
1991-12-01,61.7852,138.2,7.3,5.03,2.1704761904761902,4.0,3.5340725,2.7,-0.15963956,-0.1160727,-0.3247444,0.04903214,False,-0.15963955999999999,-0.11607269999999999,4.0,False,False
1992-01-01,61.4616,138.3,7.3,4.96,2.0976190476190477,3.7,3.3735655,2.7,0.0,0.0,0.0,0.0,False,0.0,0.0,0.0,False,False
1992-02-01,61.8955,138.6,7.4,5.21,1.888421052631579,3.7,3.572292,2.6,0.00014434,0.00442745,0.0,0.00457179,False,0.00014434,0.00442745,1.0,False,False
1992-03-01,62.4232,139.1,7.4,5.69,1.7063636363636363,3.7,3.6410505,2.6,0.0,0.0,0.0,0.0,False,0.0,0.0,0.0,False,False
1992-04-01,62.897,139.4,7.4,5.34,1.7285714285714284,3.9,3.6454319,3.0,-0.16561977,-0.09331549,-0.25893526,0.0,False,-0.16561977,-0.09331549,2.0,False,False
1992-05-01,63.104,139.7,7.6,5.23,1.7375,3.9,3.6681125,2.9,0.00903088,0.00335081,0.01238169,0.0,False,0.00903088,0.00335081,1.0,False,False
1992-06-01,63.1363,140.1,7.8,5.05,1.7863636363636362,3.9,3.610977,3.1,0.0,0.0,0.0,0.0,False,0.0,0.0,0.0,False,False
1992-07-01,63.7176,140.5,7.7,4.36,1.9922727272727272,3.75,3.4417603,2.7,-0.04928975,-0.02292631,-0.07221606,-0.0,False,-0.04928975,-0.02292631,1.0,False,False
1992-08-01,63.3613,140.8,7.6,4.19,2.067142857142857,3.75,3.2935208,2.8,0.00108087,0.00417639,0.0,0.00525726,False,0.00108087,0.00417639,1.0,False,False
1992-09-01,63.5703,141.1,7.6,3.89,2.201428571428571,3.75,3.1788101,3.0,-0.00173233,-0.00258281,-0.0,-0.00431514,False,-0.00173233,-0.00258281,1.0,False,False
1992-10-01,63.9995,141.7,7.3,4.08,2.2509523809523806,3.6,3.0571779,2.8,0.01279864,-0.0101156,0.00268304,0.0,False,0.01279864,-0.0101156,1.0,False,False
1992-11-01,64.2422,142.1,7.4,4.58,2.084736842105263,3.6,3.3134226,2.9,-0.0158429,0.00665733,-0.00918557,-0.0,False,-0.0158429,0.00665733,1.0,False,False
1992-12-01,64.3507,142.3,7.4,4.67,2.040454545454545,3.6,3.3930127,2.8,-0.0002423,-0.00937157,-0.0,-0.00961387,False,-0.0002423,-0.00937157,1.0,False,False
1993-01-01,64.5978,142.8,7.3,4.39,2.066315789473684,3.5,3.2961372,2.9,0.0,0.0,0.0,0.0,False,0.0,0.0,0.0,False,False
1993-02-01,64.9089,143.1,7.1,4.1,2.1347368421052635,3.5,3.1436628,3.2,-0.00093416,-0.00700338,-0.0,-0.00793754,False,-0.00093416,-0.00700338,1.0,False,False
1993-03-01,64.8522,143.3,7.0,3.95,2.170434782608696,3.5,2.9893232,3.1,0.00941836,-0.00056493,0.00885343,0.0,False,0.00941836,-0.00056493,1.0,False,False
1993-04-01,65.0301,143.8,7.1,3.84,2.170952380952381,3.7,3.0250809,3.0,0.0,0.0,0.0,0.0,False,0.0,0.0,0.0,False,False
1993-05-01,64.784,144.2,7.1,3.98,2.1785,3.7,2.9599668,2.9,-0.0217487,-0.00208021,-0.02382891,-0.0,False,-0.0217487,-0.00208021,1.0,False,False
1993-06-01,64.9301,144.3,7.0,4.16,2.106818181818182,3.7,2.9650958,3.5,0.0,0.0,0.0,0.0,False,0.0,0.0,0.0,False,False
1993-07-01,65.1052,144.5,6.9,4.07,2.128095238095238,3.45,2.9083766,3.0,-0.01749569,0.01968495,0.0,0.00218926,False,-0.01749569,0.01968495,1.0,False,False
1993-08-01,65.0267,144.8,6.8,4.0,1.9172727272727272,3.45,2.9558867,3.2,0.00470851,-0.00202547,0.00268304,0.0,False,0.00470851,-0.00202547,1.0,False,False
1993-09-01,65.3717,145.0,6.7,3.85,1.9819047619047616,3.45,2.7977435,3.0,0.00145631,0.00171653,0.0,0.00317284,False,0.00145631,0.00171653,1.0,False,False
1993-10-01,65.8509,145.6,6.8,3.87,1.98,3.45,2.8056769,3.3,0.0,0.0,0.0,0.0,False,0.0,0.0,0.0,False,False
1993-11-01,66.1518,146.0,6.6,4.16,1.9365,3.45,2.8765847,2.8,-0.0032126,0.00237165,-0.00084095,-0.0,False,-0.0032126,0.00237165,1.0,False,False
1993-12-01,66.5436,146.3,6.5,4.21,1.910909090909091,3.45,2.9210619,3.0,-0.01121161,-0.00917829,-0.0203899,-0.0,False,-0.01121161,-0.00917829,1.0,False,False
1994-01-01,66.7351,146.3,6.6,4.14,1.898,3.45,2.9871292,2.8,0.0,0.0,0.0,0.0,False,0.0,0.0,0.0,False,False
1994-02-01,66.774,146.7,6.6,4.47,1.7905263157894735,3.45,2.9222979,2.8,0.10463575,0.02880893,0.13344468,0.0,False,0.10463575,0.02880893,1.0,False,False
1994-03-01,67.4552,147.1,6.5,5.0,1.6465217391304348,3.45,3.1994656,3.0,-0.03299444,0.0020334,-0.03096104,-0.0,False,-0.03299444,0.0020334,1.0,False,False
1994-04-01,67.8541,147.2,6.4,5.55,1.5505263157894738,3.5,3.4636815,3.0,0.10504017,0.02445472,0.12949489,0.0,False,0.10504017,0.02445472,1.0,False,False
1994-05-01,68.1663,147.5,6.1,5.97,1.4404761904761905,3.5,3.4494182,3.1,-0.03800339,0.02376404,-0.01423935,-0.0,False,-0.03800339,0.02376404,1.0,False,False
1994-06-01,68.6265,147.9,6.1,5.93,1.5463636363636366,3.5,3.5072882,2.7,0.0,0.0,0.0,0.0,False,0.0,0.0,0.0,False,False
1994-07-01,68.7178,148.4,6.1,6.13,1.5055,3.5,3.5899216,2.9,0.00556632,-0.02145479,-0.0,-0.01588847,False,0.00556632,-0.02145479,1.0,False,False
1994-08-01,69.1785,149.0,6.0,6.18,1.5034782608695652,3.5,3.4585097,3.1,0.00316746,0.03357152,0.0,0.03673898,False,0.00316746,0.03357152,1.0,False,False
1994-09-01,69.3961,149.3,5.9,6.39,1.520952380952381,3.5,3.4849932,3.4,-0.00558017,-0.02584954,-0.0,-0.03142971,False,-0.00558017,-0.02584954,1.0,False,False
1994-10-01,69.9544,149.4,5.8,6.73,1.4605,3.5,3.6959001,3.0,0.0,0.0,0.0,0.0,False,0.0,0.0,0.0,False,False
1994-11-01,70.4326,149.8,5.6,7.15,1.3575000000000002,3.5,3.8060235,3.2,0.0585706,0.00547349,0.06404409,0.0,False,0.0585706,0.00547349,1.0,False,False
1994-12-01,71.1523,150.1,5.5,7.59,1.2895238095238095,3.5,3.8881283,3.0,-0.03071552,-0.01831211,-0.04902763,-0.0,False,-0.03071552,-0.01831211,1.0,False,False
1995-01-01,71.2734,150.5,5.6,7.51,1.3025,3.3,3.9098209,3.0,0.0,0.0,0.0,0.0,False,0.0,0.0,0.0,False,False
1995-02-01,71.193,150.9,5.4,7.11,1.3805263157894736,3.3,3.7985512,3.0,0.04210783,0.0120184,0.05412623,0.0,False,0.04210783,0.0120184,1.0,False,False
1995-03-01,71.3113,151.2,5.4,6.78,1.4965217391304348,3.3,3.6076784,3.2,0.01810362,-0.00024363,0.01785999,0.0,False,0.01810362,-0.00024363,1.0,False,False
1995-04-01,71.1882,151.8,5.8,6.57,1.5363157894736843,3.35,3.5623481,3.3,0.0,0.0,0.0,0.0,False,0.0,0.0,0.0,False,False
1995-05-01,71.5378,152.1,5.6,6.17,1.570454545454545,3.35,3.3939611,3.0,-0.0023723,-0.00732727,-0.0,-0.00969957,False,-0.0023723,-0.00732727,1.0,False,False
1995-06-01,71.7749,152.4,5.6,5.72,1.7322727272727272,3.35,3.0388568,2.9,0.0,0.0,0.0,0.0,False,0.0,0.0,0.0,False,False
1995-07-01,71.4748,152.6,5.7,5.78,1.7605,3.2,3.1207426,2.9,-0.13808682,-0.10268402,-0.24077084,-0.0,False,-0.13808682,-0.10268402,1.0,False,False
1995-08-01,72.4223,152.9,5.7,5.98,1.704782608695652,3.2,3.2087773,2.9,0.03173523,0.01012567,0.0418609,0.0,False,0.03173523,0.01012567,1.0,False,False
1995-09-01,72.7144,153.1,5.6,5.81,1.737,3.2,3.1469164,2.8,0.0401324,0.02104351,0.06117591,0.0,False,0.0401324,0.02104351,1.0,False,False
1995-10-01,72.5866,153.5,5.5,5.7,1.7052380952380954,3.0,3.1003828,2.9,0.0,0.0,0.0,0.0,False,0.0,0.0,0.0,False,False
1995-11-01,72.7779,153.7,5.6,5.48,1.7542857142857144,3.0,3.0260705,2.8,0.01556062,0.00833221,0.02389283,0.0,False,0.01556062,0.00833221,1.0,False,False
1995-12-01,73.0305,153.9,5.6,5.32,1.779,3.0,2.8396168,2.7,-0.04169659,-0.01128661,-0.0529832,-0.0,False,-0.04169659,-0.01128661,1.0,False,False
1996-01-01,72.6125,154.7,5.6,5.11,1.809523809523809,3.0,2.9044142,2.8,-0.02514787,-0.01859368,-0.04374155,-0.0,False,-0.02514787,-0.01859368,1.0,False,False
1996-02-01,73.6752,155.0,5.5,5.03,1.821,3.0,2.8735922,2.8,0.0,0.0,0.0,0.0,False,0.0,0.0,0.0,False,False
1996-03-01,73.585,155.5,5.5,5.66,1.7676190476190474,3.0,2.9312469,2.9,-0.00079544,0.01811721,0.0,0.01732177,False,-0.00079544,0.01811721,1.0,False,False
1996-04-01,74.3172,156.1,5.6,5.96,1.6845454545454546,3.0,3.1386677,3.0,0.0,0.0,0.0,0.0,False,0.0,0.0,0.0,False,False
1996-05-01,74.8726,156.4,5.6,6.1,1.560909090909091,3.0,3.2939379,3.1,0.02007543,-0.00274063,0.0173348,0.0,False,0.02007543,-0.00274063,1.0,False,False
1996-06-01,75.4433,156.7,5.3,6.3,1.488,3.0,3.3792623,2.9,0.0,0.0,0.0,0.0,False,0.0,0.0,0.0,False,False
1996-07-01,75.4549,157.0,5.5,6.27,1.4877272727272726,3.0,3.2777951,3.0,-0.02381297,-0.005668,-0.02948097,-0.0,False,-0.02381297,-0.005668,1.0,False,False
1996-08-01,75.8411,157.2,5.1,6.03,1.54,3.0,3.2714208,3.1,0.00620623,-0.00924184,-0.0,-0.00303561,False,0.00620623,-0.00924184,1.0,False,False
1996-09-01,76.3158,157.7,5.2,6.23,1.513,3.0,3.3626417,3.2,-0.05679111,-0.05575848,-0.11254959,-0.0,False,-0.05679111,-0.05575848,1.0,False,False
1996-10-01,76.3384,158.2,5.2,5.91,1.5354545454545454,3.0,3.291125,3.0,0.0,0.0,0.0,0.0,False,0.0,0.0,0.0,False,False
1996-11-01,77.0397,158.7,5.4,5.7,1.5836842105263158,3.0,3.201551,3.0,-0.02235482,0.00775709,-0.01459773,-0.0,False,-0.02235482,0.00775709,1.0,False,False
1996-12-01,77.5333,159.1,5.4,5.78,1.5904761904761904,3.0,3.0469903,3.0,0.00096448,-0.00621898,-0.0,-0.0052545,False,0.00096448,-0.00621898,1.0,False,False
1997-01-01,77.6562,159.4,5.3,6.01,1.5171428571428571,3.0,3.2527803,3.0,0.0,0.0,0.0,0.0,False,0.0,0.0,0.0,False,False
1997-02-01,78.5833,159.7,5.2,5.9,1.5221052631578948,3.0,3.2410933,3.0,0.01865901,-0.0172607,0.00139831,0.0,False,0.01865901,-0.0172607,1.0,False,False
1997-03-01,79.082,159.8,5.2,6.22,1.488,3.0,3.2842784,2.8,0.05819176,0.00449612,0.06268788,0.0,False,0.05819176,0.00449612,1.0,False,False
1997-04-01,79.1747,159.9,5.1,6.45,1.4513636363636364,2.85,3.3945573,3.0,0.0,0.0,0.0,0.0,False,0.0,0.0,0.0,False,False
1997-05-01,79.6133,159.9,4.9,6.28,1.4919047619047618,2.85,3.3190744,2.9,-0.06702887,-0.00981188,-0.07684075,-0.0,False,-0.06702887,-0.00981188,1.0,False,False
1997-06-01,79.9792,160.2,5.0,6.09,1.5266666666666668,2.85,3.3073558,2.8,0.0,0.0,0.0,0.0,False,0.0,0.0,0.0,False,False
1997-07-01,80.6624,160.4,4.9,5.89,1.526818181818182,3.0,3.2099577,2.7,-0.01620319,0.00494624,-0.01125695,-0.0,False,-0.01620319,0.00494624,1.0,False,False
1997-08-01,81.4694,160.8,4.8,5.94,1.518095238095238,3.0,3.1359342,2.7,0.02493557,-0.01909142,0.00584415,0.0,False,0.02493557,-0.01909142,1.0,False,False
1997-09-01,82.2156,161.2,4.9,5.88,1.5042857142857142,3.0,3.1510133,2.8,0.00614437,-0.01656169,-0.0,-0.01041732,False,0.00614437,-0.01656169,1.0,False,False
1997-10-01,82.9446,161.5,4.7,5.77,1.5422727272727272,2.65,3.1114874,2.8,0.0,0.0,0.0,0.0,False,0.0,0.0,0.0,False,False
1997-11-01,83.5978,161.7,4.6,5.71,1.5438888888888889,2.65,3.0804703,2.9,0.00326565,-0.03826433,-0.0,-0.03499868,False,0.00326565,-0.03826433,1.0,False,False
1997-12-01,83.9538,161.8,4.7,5.72,1.517272727272727,2.65,3.0051158,2.8,0.00290156,-0.00710064,-0.0,-0.00419908,False,0.00290156,-0.00710064,1.0,False,False
1998-01-01,84.3218,162.0,4.6,5.36,1.652,2.6,2.9382678,2.3,0.0,0.0,0.0,0.0,False,0.0,0.0,0.0,False,False
1998-02-01,84.4583,162.0,4.6,5.42,1.681578947368421,2.6,2.880843,2.4,0.0228062,0.000138,0.0229442,0.0,False,0.0228062,0.000138,1.0,False,False
1998-03-01,84.488,162.0,4.7,5.56,1.671818181818182,2.6,2.9492702,2.5,0.00783054,-0.00821723,-0.0,-0.00038669,False,0.00783054,-0.00821723,1.0,False,False
1998-04-01,84.7779,162.2,4.3,5.56,1.6928571428571426,2.5,2.9132183,2.4,0.0,0.0,0.0,0.0,False,0.0,0.0,0.0,False,False
1998-05-01,85.3367,162.6,4.4,5.59,1.645,2.5,2.9397546,2.6,-0.00265142,-0.01797292,-0.0,-0.02062434,False,-0.00265142,-0.01797292,1.0,False,False
1998-06-01,84.8248,162.8,4.5,5.52,1.6377272727272727,2.5,2.8680824,2.7,0.0,0.0,0.0,0.0,False,0.0,0.0,0.0,False,False
1998-07-01,84.4986,163.2,4.5,5.46,1.6877272727272723,2.5,2.9067383,2.6,-0.01034203,-0.0071294,-0.01747143,-0.0,False,-0.01034203,-0.0071294,1.0,False,False
1998-08-01,86.248,163.4,4.5,5.27,1.8014285714285714,2.5,2.8945642,2.4,0.000259,0.00598283,0.0,0.00624183,False,0.000259,0.00598283,1.0,False,False
1998-09-01,86.2021,163.5,4.6,4.67,2.281428571428571,2.5,2.7051991,2.3,0.05940377,-0.02310027,0.0363035,0.0,False,0.05940377,-0.02310027,1.0,False,False
1998-10-01,86.7914,163.9,4.5,4.09,2.6523809523809527,2.5,2.3610562,2.5,-0.22465232,0.02315193,-0.20150039,-0.0,False,-0.22465232,0.02315193,1.0,False,False
1998-11-01,86.7256,164.1,4.4,4.54,2.5105263157894737,2.5,2.4871923,2.3,-0.05469868,0.020959,-0.03373968,-0.0,False,-0.05469868,0.020959,1.0,False,False
1998-12-01,87.1185,164.4,4.4,4.51,2.5813636363636365,2.5,2.4476835,2.5,0.00324795,-0.01138395,-0.0,-0.008136,False,0.00324795,-0.01138395,1.0,False,False
1999-01-01,87.4949,164.7,4.3,4.62,2.5657894736842106,2.3,2.5374704,2.7,0.0,0.0,0.0,0.0,False,0.0,0.0,0.0,False,False
1999-02-01,88.027,164.7,4.4,4.88,2.39,2.3,2.5762176,2.5,-0.00502843,0.01509783,0.0,0.0100694,False,-0.00502843,0.01509783,1.0,False,False
1999-03-01,88.2267,164.8,4.2,5.05,2.301304347826087,2.3,2.7759983,2.7,-0.00290841,-0.0228253,-0.0,-0.02573371,False,-0.00290841,-0.0228253,1.0,False,False
1999-04-01,88.4295,165.9,4.3,4.98,2.2945454545454544,2.5,2.7859107,2.7,0.0,0.0,0.0,0.0,False,0.0,0.0,0.0,False,False
1999-05-01,88.9886,166.0,4.2,5.25,2.1825,2.5,2.8328002,2.8,0.13327533,-0.03062204,0.10265329,0.0,False,0.13327533,-0.03062204,1.0,False,False
1999-06-01,88.9188,166.0,4.3,5.62,2.1154545454545453,2.5,2.8834057,2.5,-0.14729851,0.04211419,-0.10518432,-0.0,False,-0.14729851,0.04211419,1.0,False,False
1999-07-01,89.4333,166.7,4.3,5.55,2.1561904761904764,2.5,2.9953284,2.7,0.0,0.0,0.0,0.0,False,0.0,0.0,0.0,False,False
1999-08-01,89.7924,167.1,4.2,5.68,2.2150000000000003,2.5,3.0416531,2.8,-0.03137062,0.03869808,0.0,0.00732746,False,-0.03137062,0.03869808,1.0,False,False
1999-09-01,89.4299,167.8,4.2,5.66,2.2871428571428574,2.5,3.0610875,2.7,0.0,0.0,0.0,0.0,False,0.0,0.0,0.0,False,False
1999-10-01,90.523,168.1,4.1,5.86,2.266,2.5,3.116893,2.9,0.08009256,-0.01594686,0.0641457,0.0,False,0.08009256,-0.01594686,1.0,False,False
1999-11-01,90.9618,168.4,4.1,5.86,2.1165,2.5,3.1453348,2.9,0.05726578,0.01898391,0.07624969,0.0,False,0.05726578,0.01898391,1.0,False,False
1999-12-01,91.6634,168.8,4.0,6.1,1.9118181818181816,2.5,3.2277521,3.0,-0.01248983,0.0449105,0.0,0.03242067,False,-0.01248983,0.0449105,1.0,False,False
2000-01-01,91.538,169.3,4.0,6.44,1.6715,2.5,3.2823419,3.0,0.0,0.0,0.0,0.0,False,0.0,0.0,0.0,False,False
2000-02-01,91.8239,170.0,4.1,6.61,1.7675,2.5,3.3621613,2.9,0.01694084,-0.02276755,-0.0,-0.00582671,False,0.01694084,-0.02276755,1.0,False,False
2000-03-01,92.1504,171.0,4.0,6.53,2.110869565217391,2.5,3.3569548,3.2,-0.00154357,-0.00620638,-0.0,-0.00774995,False,-0.00154357,-0.00620638,1.0,False,False
2000-04-01,92.6989,170.9,3.8,6.4,2.411578947368421,2.5,3.209133,3.2,0.0,0.0,0.0,0.0,False,0.0,0.0,0.0,False,False
2000-05-01,92.9499,171.2,4.0,6.81,2.46,2.5,3.3170395,3.0,0.06786235,-0.00825308,0.05960927,0.0,False,0.06786235,-0.00825308,1.0,False,False
2000-06-01,92.9862,172.2,4.0,6.48,2.385,2.5,3.3996781,2.9,-0.0336266,-0.00171677,-0.03534337,-0.0,False,-0.0336266,-0.00171677,1.0,False,False
2000-07-01,92.8048,172.7,4.0,6.34,2.2925,2.5,3.117007,3.0,0.0,0.0,0.0,0.0,False,0.0,0.0,0.0,False,False
2000-08-01,92.5521,172.7,4.1,6.23,2.429130434782609,2.5,3.1030372,2.7,0.03333993,0.01446751,0.04780744,0.0,False,0.03333993,0.01446751,1.0,False,False
2000-09-01,92.9792,173.6,3.9,6.08,2.547,2.5,3.0379651,2.9,0.0,0.0,0.0,0.0,False,0.0,0.0,0.0,False,False
2000-10-01,92.6179,173.9,3.9,5.91,2.602857142857143,2.5,3.0050308,3.2,0.03245544,0.00638653,0.03884197,0.0,False,0.03245544,0.00638653,1.0,False,False
2000-11-01,92.6438,174.2,3.9,5.88,2.5619047619047617,2.5,2.9938058,2.9,0.04374977,-0.03753593,0.00621384,0.0,False,0.04374977,-0.03753593,1.0,False,False
2000-12-01,92.3415,174.6,3.9,5.35,2.7825,2.5,2.92333,2.8,0.04392733,-0.02240827,0.02151906,0.0,False,0.04392733,-0.02240827,1.0,False,False
2001-01-01,91.902,175.6,4.2,4.76,2.767619047619048,2.5,2.5494034,3.0,-0.3331864,0.13912818,-0.18252864,-0.01152958,False,-0.3331864,0.13912818,2.0,False,False
2001-02-01,91.3034,176.0,4.2,4.66,2.774736842105263,2.5,2.621347,2.8,0.0,0.0,0.0,0.0,False,0.0,0.0,0.0,False,False
2001-03-01,91.1162,176.1,4.3,4.34,2.958636363636364,2.5,2.4433275,2.8,0.00155644,-0.06946799,-0.0,-0.06791155,False,0.00155644,-0.06946799,1.0,False,False
2001-04-01,90.7891,176.4,4.4,4.23,2.9275,2.5,2.5638164,3.1,-0.39070124,-0.11573985,-0.50644109,-0.0,False,-0.39070124,-0.11573985,1.0,False,False
2001-05-01,90.3555,177.3,4.3,4.26,2.680454545454545,2.5,2.7393712,3.2,-0.0962114,-0.05210162,-0.14831302,-0.0,False,-0.0962114,-0.05210162,1.0,False,False
2001-06-01,89.8784,177.7,4.5,4.08,2.6904761904761907,2.5,2.8132368,3.0,0.07399816,0.01204147,0.08603963,0.0,False,0.07399816,0.01204147,1.0,False,False
2001-07-01,89.3028,177.4,4.6,4.04,2.733809523809524,2.5,2.7770899,2.6,0.0,0.0,0.0,0.0,False,0.0,0.0,0.0,False,False
2001-08-01,89.2003,177.4,4.9,3.76,2.8773913043478263,2.5,2.6512123,2.7,-0.00404332,-0.08606239,-0.0,-0.09010571,False,-0.00404332,-0.08606239,1.0,False,False
2001-09-01,88.7485,178.1,5.0,3.12,3.2958823529411765,2.5,2.7639095,2.8,-0.0,-0.0,-0.0,-0.0,True,0.0,0.0,1.0,True,False
2001-10-01,88.5052,177.6,5.3,2.73,3.3400000000000003,2.55,2.4540425,1.0,-0.00934119,-0.05097291,-0.0,-0.0603141,False,-0.00934119,-0.05097291,1.0,False,False
2001-11-01,87.97,177.5,5.5,2.78,3.1615,2.55,2.3031101,0.4,-0.12679517,-0.05078501,-0.17758018,-0.0,False,-0.12679517,-0.05078501,1.0,False,False
2001-12-01,87.9324,177.4,5.7,3.11,2.9657894736842105,2.55,2.5981913,1.8,-0.05191214,-0.02053576,-0.0724479,-0.0,False,-0.05191214,-0.02053576,1.0,False,False
2002-01-01,88.5176,177.7,5.7,3.03,2.833809523809524,2.5,2.690029,1.9,0.01537737,0.01095942,0.02633679,0.0,False,0.01537737,0.01095942,1.0,False,False
2002-02-01,88.5278,178.0,5.7,3.02,2.978947368421053,2.5,2.598242,2.1,0.0,0.0,0.0,0.0,False,0.0,0.0,0.0,False,False
2002-03-01,89.1686,178.5,5.7,3.56,2.822,2.5,2.5771039,2.7,-0.01540963,-0.05552493,-0.0,-0.07093456,False,-0.01540963,-0.05552493,1.0,False,False
2002-04-01,89.604,179.3,5.9,3.42,2.821818181818182,2.5,2.8771123,2.8,0.0,0.0,0.0,0.0,False,0.0,0.0,0.0,False,False
2002-05-01,89.964,179.5,5.8,3.26,2.9231818181818183,2.5,2.726947,2.7,0.00113376,-0.03427141,-0.0,-0.03313765,False,0.00113376,-0.03427141,1.0,False,False
2002-06-01,90.7061,179.6,5.8,2.99,3.0235,2.5,2.6363852,2.7,0.03136311,-0.02569537,0.00566774,0.0,False,0.03136311,-0.02569537,1.0,False,False
2002-07-01,90.6769,180.0,5.8,2.56,3.244545454545454,2.5,2.5567135,2.6,0.0,0.0,0.0,0.0,False,0.0,0.0,0.0,False,False
2002-08-01,90.5762,180.5,5.7,2.13,3.3245454545454547,2.5,2.2898134,2.6,-0.01545075,-0.08686435,-0.0,-0.1023151,False,-0.01545075,-0.08686435,1.0,False,False
2002-09-01,90.6531,180.8,5.7,2.0,3.526,2.5,2.1123063,2.5,0.0535004,-0.06617244,-0.0,-0.01267204,False,0.0535004,-0.06617244,1.0,False,False
2002-10-01,90.4643,181.2,5.7,1.91,3.792727272727273,2.45,2.0140466,2.5,0.0,0.0,0.0,0.0,False,0.0,0.0,0.0,False,False
2002-11-01,90.9711,181.5,5.9,1.92,3.568947368421053,2.45,2.0833957,2.4,-0.01985365,-0.08332793,-0.0,-0.10318158,False,-0.01985365,-0.08332793,1.0,False,False
2002-12-01,90.4652,181.8,6.0,1.84,3.416190476190476,2.45,2.1991385,2.5,0.0267367,-0.00859513,0.01814157,0.0,False,0.0267367,-0.00859513,1.0,False,False
2003-01-01,91.2361,182.6,5.8,1.74,3.2990476190476192,2.5,2.1398604,2.5,0.01228723,0.03113482,0.0,0.04342205,False,0.01228723,0.03113482,1.0,False,False
2003-02-01,91.3445,183.6,5.9,1.63,3.1542105263157896,2.5,2.1441728,2.7,0.0,0.0,0.0,0.0,False,0.0,0.0,0.0,False,False
2003-03-01,91.1044,183.9,5.9,1.57,3.141904761904762,2.5,1.961785,3.1,0.02912005,-0.02208686,0.00703319,0.0,False,0.02912005,-0.02208686,1.0,False,False
2003-04-01,90.5617,183.2,6.0,1.62,2.894285714285714,2.5,2.0118818,2.4,0.0,0.0,0.0,0.0,False,0.0,0.0,0.0,False,False
2003-05-01,90.537,182.9,6.1,1.42,2.809047619047619,2.5,1.9938746,2.0,-0.05273812,-0.03746038,-0.0901985,-0.0,False,-0.05273812,-0.03746038,1.0,False,False
2003-06-01,90.6527,183.1,6.3,1.23,2.856190476190476,2.5,1.9096553,2.1,0.08322515,0.05899084,0.14221599,0.0,False,0.08322515,0.05899084,1.0,False,False
2003-07-01,91.1185,183.7,6.2,1.47,2.640909090909091,2.5,1.8271572,1.7,0.0,0.0,0.0,0.0,False,0.0,0.0,0.0,False,False
2003-08-01,90.9197,184.5,6.1,1.86,2.5666666666666664,2.5,2.1533766,2.5,-0.01272344,-0.02176399,-0.0,-0.03448743,False,-0.01272344,-0.02176399,1.0,False,False
2003-09-01,91.5059,185.1,6.1,1.71,2.5157142857142856,2.5,2.2694506,2.8,-0.00760348,0.00420376,-0.00339972,-0.0,False,-0.00760348,0.00420376,1.0,False,False
2003-10-01,91.6186,184.9,6.0,1.75,2.442272727272727,2.5,1.9707333,2.6,-0.04006522,-0.04166208,-0.0,-0.0817273,False,-0.04006522,-0.04166208,1.0,False,False
2003-11-01,92.2329,185.0,5.8,1.93,2.3577777777777778,2.5,2.1622536,2.7,0.0,0.0,0.0,0.0,False,0.0,0.0,0.0,False,False
2003-12-01,92.2602,185.5,5.7,1.91,2.328636363636364,2.5,2.2638564,2.6,0.02110906,0.0073501,0.02845916,0.0,False,0.02110906,0.0073501,1.0,False,False
2004-01-01,92.4006,186.3,5.7,1.76,2.2915,2.5,2.1820702,2.7,0.11741226,0.00883696,0.12624922,0.0,False,0.11741226,0.00883696,1.0,False,False
2004-02-01,92.958,186.7,5.6,1.74,2.181052631578947,2.5,2.1503905,2.6,0.0,0.0,0.0,0.0,False,0.0,0.0,0.0,False,False
2004-03-01,92.5861,187.1,5.8,1.58,2.287826086956521,2.5,2.0215474,2.9,-0.02628895,-0.03257582,-0.0,-0.05886477,False,-0.02628895,-0.03257582,1.0,False,False
2004-04-01,92.93,187.4,5.6,2.07,2.111428571428571,2.5,2.0143899,3.2,0.0,0.0,0.0,0.0,False,0.0,0.0,0.0,False,False
2004-05-01,93.6013,188.2,5.6,2.53,2.0315,2.5,2.346638,3.3,-0.01852312,0.02465221,0.0,0.00612909,False,-0.01852312,0.02465221,1.0,False,False
2004-06-01,92.871,188.9,5.6,2.76,2.05,2.5,2.4943283,3.3,-0.02951402,0.00213677,-0.02737725,-0.0,False,-0.02951402,0.00213677,1.0,False,False
2004-07-01,93.5649,189.1,5.5,2.64,2.124285714285714,2.5,2.3982173,3.0,0.0,0.0,0.0,0.0,False,0.0,0.0,0.0,False,False
2004-08-01,93.6277,189.2,5.4,2.51,2.1818181818181817,2.5,2.3820341,2.8,0.04273725,0.00697723,0.04971448,0.0,False,0.04273725,0.00697723,1.0,False,False
2004-09-01,93.7467,189.8,5.4,2.53,2.142857142857143,2.5,2.3099442,2.8,-0.00882984,-0.00536407,-0.01419391,-0.0,False,-0.00882984,-0.00536407,1.0,False,False
2004-10-01,94.5465,190.8,5.5,2.58,2.108,2.5,2.248695,3.1,0.0,0.0,0.0,0.0,False,0.0,0.0,0.0,False,False
2004-11-01,94.7813,191.7,5.4,2.85,2.009,2.5,2.2193785,2.8,-0.02114236,-0.00724383,-0.02838619,-0.0,False,-0.02114236,-0.00724383,1.0,False,False
2004-12-01,95.5365,191.7,5.4,3.01,1.9227272727272728,2.5,2.2120976,3.0,-0.01111769,-0.0034327,-0.01455039,-0.0,False,-0.01111769,-0.0034327,1.0,False,False
2005-01-01,95.8801,191.6,5.3,3.22,1.796,2.45,2.272125,2.9,0.0,0.0,0.0,0.0,False,0.0,0.0,0.0,False,False
2005-02-01,96.5761,192.4,5.4,3.38,1.6505263157894736,2.45,2.2774428,2.9,-0.00813078,-0.00584906,-0.01397984,-0.0,False,-0.00813078,-0.00584906,1.0,False,False
2005-03-01,96.4456,193.1,5.2,3.73,1.5631818181818182,2.45,2.4031048,3.2,0.05390887,0.01374744,0.06765631,0.0,False,0.05390887,0.01374744,1.0,False,False
2005-04-01,96.6532,193.7,5.2,3.65,1.708095238095238,2.5,2.4627918,3.3,0.0,0.0,0.0,0.0,False,0.0,0.0,0.0,False,False
2005-05-01,96.7402,193.6,5.1,3.64,1.861904761904762,2.5,2.3666671,3.2,-0.0339111,0.0395441,-0.02077467,0.02640767,False,-0.0339111,0.0395441,2.0,False,False
2005-06-01,97.1753,193.7,5.0,3.64,1.86,2.5,2.2411759,3.2,0.04792712,-0.0009543,0.04697282,0.0,False,0.04792712,-0.0009543,1.0,False,False
2005-07-01,96.8676,194.9,5.0,3.87,1.775,2.5,2.3035728,3.0,0.0,0.0,0.0,0.0,False,0.0,0.0,0.0,False,False
2005-08-01,97.1833,196.1,4.9,4.04,1.6995652173913045,2.5,2.4298717,3.1,-0.02260494,0.00274007,-0.01986487,-0.0,False,-0.02260494,0.00274007,1.0,False,False
2005-09-01,95.3005,198.8,5.0,3.95,1.83,2.5,2.323965,4.3,0.02123639,0.00347584,0.02471223,0.0,False,0.02123639,0.00347584,1.0,False,False
2005-10-01,96.4572,199.1,5.0,4.27,1.8345,2.5,2.556126,4.6,0.0,0.0,0.0,0.0,False,0.0,0.0,0.0,False,False
2005-11-01,97.5414,198.1,5.0,4.42,1.855,2.5,2.6116749,3.3,-0.00973451,0.01619363,0.0,0.00645912,False,-0.00973451,0.01619363,1.0,False,False
2005-12-01,98.0452,198.1,4.9,4.4,1.853809523809524,2.5,2.6256415,3.1,-0.04470098,0.01759046,-0.02711052,-0.0,False,-0.04470098,0.01759046,1.0,False,False
2006-01-01,98.1999,199.3,4.7,4.4,1.821,2.5,2.4179209,3.0,0.0284123,0.00143969,0.02985199,0.0,False,0.0284123,0.00143969,1.0,False,False
2006-02-01,98.2413,199.4,4.8,4.67,1.7010526315789474,2.5,2.4925589,3.0,0.0,0.0,0.0,0.0,False,0.0,0.0,0.0,False,False
2006-03-01,98.4628,199.7,4.7,4.73,1.687391304347826,2.5,2.3740367,3.0,0.05973775,-0.01372692,0.04601083,0.0,False,0.05973775,-0.01372692,1.0,False,False
2006-04-01,98.7618,200.7,4.7,4.89,1.69,2.5,2.6220555,3.3,0.0,0.0,0.0,0.0,False,0.0,0.0,0.0,False,False
2006-05-01,98.7869,201.3,4.6,4.97,1.6354545454545453,2.5,2.6766408,4.0,0.03680535,0.01396563,0.05077098,0.0,False,0.03680535,0.01396563,1.0,False,False
2006-06-01,99.0997,201.8,4.6,5.12,1.673181818181818,2.5,2.6644275,3.3,-0.05350704,0.01054565,-0.04296139,-0.0,False,-0.05350704,0.01054565,1.0,False,False
2006-07-01,99.0489,202.9,4.7,5.12,1.6745,2.5,2.7219999,3.2,0.0,0.0,0.0,0.0,False,0.0,0.0,0.0,False,False
2006-08-01,99.4836,203.8,4.7,4.9,1.7117391304347824,2.5,2.6393349,3.8,-0.00567109,-0.03487574,-0.0,-0.04054683,False,-0.00567109,-0.03487574,1.0,False,False
2006-09-01,99.3183,202.8,4.5,4.77,1.711,2.5,2.5251677,3.1,0.02474898,-0.00692428,0.0178247,0.0,False,0.02474898,-0.00692428,1.0,False,False
2006-10-01,99.2044,201.9,4.4,4.8,1.6952380952380952,2.5,2.4628321,3.1,-0.00081018,-0.00965082,-0.0,-0.010461,False,-0.00081018,-0.00965082,1.0,False,False
2006-11-01,99.1627,202.0,4.5,4.74,1.6085714285714283,2.5,2.3106579,3.0,0.0,0.0,0.0,0.0,False,0.0,0.0,0.0,False,False
2006-12-01,100.1735,203.1,4.4,4.67,1.654,2.5,2.2915076,2.9,-0.03157464,-0.00069151,-0.03226615,-0.0,False,-0.03157464,-0.00069151,1.0,False,False
2007-01-01,99.8346,203.437,4.6,4.88,1.5833333333333333,2.35,2.5310126,3.0,-0.03251187,0.02445436,-0.00805751,-0.0,False,-0.03251187,0.02445436,1.0,False,False
2007-02-01,100.7753,204.226,4.5,4.85,1.5531578947368423,2.35,2.5721237,3.0,0.0,0.0,0.0,0.0,False,0.0,0.0,0.0,False,False
2007-03-01,100.9547,205.288,4.4,4.57,1.703181818181818,2.35,2.4818584,3.0,-0.08995576,0.00660531,-0.08335045,-0.0,False,-0.08995576,0.00660531,1.0,False,False
2007-04-01,101.6334,205.904,4.5,4.67,1.6995238095238094,2.4,2.4880411,3.3,0.0,0.0,0.0,0.0,False,0.0,0.0,0.0,False,False
2007-05-01,101.7306,206.755,4.4,4.77,1.6390909090909092,2.4,2.5464455,3.3,0.02624653,0.01032887,0.0365754,0.0,False,0.02624653,0.01032887,1.0,False,False
2007-06-01,101.7893,207.234,4.6,4.98,1.5942857142857143,2.4,2.7193803,3.4,0.02221391,-0.01015132,0.01206259,0.0,False,0.02221391,-0.01015132,1.0,False,False
2007-07-01,101.6672,207.603,4.7,4.82,1.648095238095238,2.4,2.6195574,3.4,0.0,0.0,0.0,0.0,False,0.0,0.0,0.0,False,False
2007-08-01,101.863,207.667,4.6,4.31,1.977391304347826,2.4,2.4884813,3.2,0.05211784,-0.09619781,-0.01962905,-0.02445092,False,0.05211784,-0.09619781,3.0,False,False
2007-09-01,102.0894,208.547,4.7,4.01,2.0705263157894733,2.4,2.3982691,3.1,-0.18063154,-0.02446057,-0.20509211,-0.0,False,-0.18063154,-0.02446057,1.0,False,False
2007-10-01,101.8015,209.19,4.7,3.97,1.9518181818181817,2.4,2.3895245,3.1,0.05128583,0.00216665,0.05345248,0.0,False,0.05128583,0.00216665,1.0,False,False
2007-11-01,102.3446,210.834,4.7,3.34,2.2465,2.4,2.3891912,3.4,0.0,0.0,0.0,0.0,False,0.0,0.0,0.0,False,False
2007-12-01,102.3803,211.445,5.0,3.12,2.548,2.4,2.1453352,3.4,0.12345881,-0.08563301,0.0378258,0.0,False,0.12345881,-0.08563301,1.0,False,False
2008-01-01,102.2448,212.174,5.0,2.48,2.7966666666666664,2.5,2.1512253,3.4,-0.12098093,-0.0,-0.12098093,-0.0,True,-0.1086811,-0.01229983,2.0,True,True
2008-02-01,101.8438,212.687,4.9,1.97,3.086,2.5,2.0129504,3.6,0.0,0.0,0.0,0.0,False,0.0,0.0,0.0,False,False
2008-03-01,101.5336,213.448,5.1,1.62,3.3825000000000003,2.5,1.8505815,4.3,0.04887894,0.10537676,0.05247882,0.10177688,False,0.048878939999999996,0.10537676,2.0,False,False
2008-04-01,100.8785,213.942,5.0,2.05,3.2922727272727275,2.5,1.9073272,4.8,-0.04946295,-0.03019071,-0.07965366,-0.0,False,-0.04946295,-0.03019071,1.0,False,False
2008-05-01,100.2674,215.208,5.4,2.45,3.0490476190476192,2.5,2.1396628,5.2,0.0,0.0,0.0,0.0,False,0.0,0.0,0.0,False,False
2008-06-01,100.0335,217.463,5.6,2.77,2.974285714285714,2.5,2.2835338,5.1,-0.02870171,-0.02468947,-0.05339118,-0.0,False,-0.02870171,-0.02468947,1.0,False,False
2008-07-01,99.676,219.016,5.8,2.57,3.151818181818182,2.5,2.3433765,5.1,0.0,0.0,0.0,0.0,False,0.0,0.0,0.0,False,False
2008-08-01,98.1111,218.69,6.1,2.42,3.2628571428571425,2.5,2.3521255,4.8,-0.02594723,-0.01005915,-0.03600638,-0.0,False,-0.02594723,-0.01005915,1.0,False,False
2008-09-01,93.7895,218.877,6.1,2.08,3.625714285714286,2.5,2.1877163,4.3,0.09000567,0.0155486,0.10555427,0.0,False,0.09000567,0.0155486,1.0,False,False
2008-10-01,94.7219,216.995,6.5,1.61,5.063181818181818,2.5,1.9686992,3.9,-0.0,-0.07931195,-0.0,-0.07931195,True,0.02701201,-0.10632396,2.0,True,True
2008-11-01,93.4715,213.153,6.8,1.21,5.685,2.5,1.7893924,2.9,-0.14326451,0.05079562,-0.09246889,-0.0,False,-0.14326451,0.05079562,1.0,False,False
2008-12-01,90.8357,211.398,7.3,0.82,6.013636363636365,2.5,1.3218537,1.7,-0.21803775,-0.02957252,-0.24761027,-0.0,False,-0.21803775,-0.02957252,1.0,False,False
2009-01-01,88.57,211.933,7.8,0.81,5.626,2.4,1.3752818,2.2,0.00641096,-0.01692673,-0.0,-0.01051577,False,0.00641096,-0.01692673,1.0,False,False
2009-02-01,88.031,212.705,8.3,0.98,5.214736842105263,2.4,1.4101179,1.9,0.0,0.0,0.0,0.0,False,0.0,0.0,0.0,False,False
2009-03-01,86.6528,212.495,8.7,0.93,5.6000000000000005,2.4,1.2759688,2.0,-0.13734412,0.07653827,-0.06080585,-0.0,False,-0.13734412,0.07653827,1.0,False,False
2009-04-01,85.9344,212.709,9.0,0.93,5.46047619047619,2.5,1.5198782,2.8,-0.02841811,0.04526419,0.0,0.01684608,False,-0.02841811,0.04526419,1.0,False,False
2009-05-01,85.0665,213.022,9.4,0.93,4.7705,2.5,1.6751807,2.8,0.0,0.0,0.0,0.0,False,0.0,0.0,0.0,False,False
2009-06-01,84.7459,214.79,9.5,1.18,3.7731818181818175,2.5,1.8190876,3.1,0.05945053,-0.02100717,0.03844336,0.0,False,0.05945053,-0.02100717,1.0,False,False
2009-07-01,85.7027,214.726,9.5,1.02,3.5254545454545454,2.5,1.8791617,2.9,0.0,0.0,0.0,0.0,False,0.0,0.0,0.0,False,False
2009-08-01,86.6426,215.445,9.6,1.12,2.989047619047619,2.5,1.9783579,2.8,0.00856286,-0.02270942,-0.0,-0.01414656,False,0.00856286,-0.02270942,1.0,False,False
2009-09-01,87.4063,215.861,9.8,0.96,2.910952380952381,2.5,1.988202,2.2,-0.07525592,-0.01272201,-0.08797793,-0.0,False,-0.07525592,-0.01272201,1.0,False,False
2009-10-01,87.6419,216.509,10.0,0.95,2.9042857142857144,2.2627,1.7989016,2.9,0.0,0.0,0.0,0.0,False,0.0,0.0,0.0,False,False
2009-11-01,88.0221,217.234,9.9,0.8,2.916842105263158,2.2627,1.8819046,2.7,-0.01754564,-0.00734826,-0.0248939,-0.0,False,-0.01754564,-0.00734826,1.0,False,False
2009-12-01,88.3793,217.347,9.9,0.87,2.777727272727273,2.2627,1.767798,2.5,0.00389324,-0.0022706,0.00162264,0.0,False,0.00389324,-0.0022706,1.0,False,False
2010-01-01,89.3426,217.488,9.8,0.93,2.5147368421052634,2.39,1.9320247,2.8,0.00812921,0.01955084,0.0,0.02768005,False,0.00812921,0.01955084,1.0,False,False
2010-02-01,89.6779,217.281,9.8,0.86,2.650526315789474,2.39,1.8645258,2.7,0.0,0.0,0.0,0.0,False,0.0,0.0,0.0,False,False
2010-03-01,90.2928,217.353,9.9,0.96,2.5473913043478262,2.39,1.8811108,2.7,-0.02932954,-0.00649456,-0.0358241,-0.0,False,-0.02932954,-0.00649456,1.0,False,False
2010-04-01,90.5991,217.403,9.9,1.06,2.4077272727272727,2.4,1.897095,2.9,-0.01323657,0.00651472,-0.00672185,-0.0,False,-0.01323657,0.00651472,1.0,False,False
2010-05-01,91.823,217.29,9.6,0.83,2.631,2.4,1.856677,3.2,0.0,0.0,0.0,0.0,False,0.0,0.0,0.0,False,False
2010-06-01,91.9928,217.199,9.4,0.72,3.0263636363636364,2.4,1.6983544,2.8,-0.01862923,0.02240633,0.0,0.0037771,False,-0.01862923,0.02240633,1.0,False,False
2010-07-01,92.3421,217.605,9.4,0.62,2.9995238095238097,2.3,1.5125837,2.7,0.0,0.0,0.0,0.0,False,0.0,0.0,0.0,False,False
2010-08-01,92.6805,217.923,9.5,0.52,2.964090909090909,2.3,1.5327991,2.7,-0.04921364,0.0312819,-0.01793174,-0.0,False,-0.04921364,0.0312819,1.0,False,False
2010-09-01,92.9537,218.275,9.5,0.48,3.0104761904761905,2.3,1.3628384,2.2,-0.03793715,0.03227822,-0.00565893,-0.0,False,-0.03793715,0.03227822,1.0,False,False
2010-10-01,92.6903,219.035,9.4,0.38,3.1755,2.2,1.4064908,2.7,0.0,0.0,0.0,0.0,False,0.0,0.0,0.0,False,False
2010-11-01,92.7709,219.59,9.8,0.45,3.1575,2.2,1.3817,3.0,0.01687414,-0.01873329,-0.0,-0.00185915,False,0.01687414,-0.01873329,1.0,False,False
2010-12-01,93.6787,220.472,9.3,0.62,2.805454545454545,2.2,1.5370198,3.0,-0.00309579,-0.00157583,-0.00467162,-0.0,False,-0.00309579,-0.00157583,1.0,False,False
2011-01-01,93.4814,221.187,9.1,0.61,2.694,2.3,1.8493193,3.4,0.0007705,-0.00871481,-0.0,-0.00794431,False,0.0007705,-0.00871481,1.0,False,False
2011-02-01,93.1102,221.898,9.0,0.77,2.571578947368421,2.3,1.8901178,3.4,0.0,0.0,0.0,0.0,False,0.0,0.0,0.0,False,False
2011-03-01,94.0788,223.046,9.0,0.7,2.620434782608696,2.3,1.9631042,4.6,-0.01279495,0.01956673,0.0,0.00677178,False,-0.01279495,0.01956673,1.0,False,False
2011-04-01,93.7749,224.093,9.1,0.73,2.568,2.4,2.0073539,4.6,-0.01553016,0.00519344,-0.01033672,-0.0,False,-0.01553016,0.00519344,1.0,False,False
2011-05-01,93.888,224.806,9.0,0.56,2.6128571428571425,2.4,1.9651925,4.1,0.0,0.0,0.0,0.0,False,0.0,0.0,0.0,False,False
2011-06-01,94.172,224.806,9.1,0.41,2.749090909090909,2.4,1.8123879,3.8,-0.00460338,0.00798927,0.0,0.00338589,False,-0.00460338,0.00798927,1.0,False,False
2011-07-01,94.636,225.395,9.0,0.41,2.7565,2.4,1.9369166,3.4,0.0,0.0,0.0,0.0,False,0.0,0.0,0.0,False,False
2011-08-01,95.2749,226.106,9.0,0.23,3.058695652173913,2.4,1.5890717,3.5,0.03874492,-0.06509542,-0.0,-0.0263505,False,0.03874492,-0.06509542,1.0,False,False
2011-09-01,95.1961,226.597,9.0,0.21,3.2952380952380955,2.4,1.3655802,3.3,0.06316581,-0.00886996,0.05429585,0.0,False,0.06316581,-0.00886996,1.0,False,False
2011-10-01,95.8568,226.75,8.8,0.28,3.2195,2.5,1.4432293,3.2,0.0,0.0,0.0,0.0,False,0.0,0.0,0.0,False,False
2011-11-01,95.8485,227.169,8.6,0.25,3.1245000000000003,2.5,1.4665774,3.2,0.01306665,-0.00348857,0.00957808,0.0,False,0.01306665,-0.00348857,1.0,False,False
2011-12-01,96.3571,227.223,8.5,0.26,3.2723809523809524,2.5,1.5221908,3.1,0.05270119,-0.0432921,0.00940909,0.0,False,0.05270119,-0.0432921,1.0,False,False
2012-01-01,96.9318,227.842,8.3,0.24,3.262,2.3,1.455813,3.3,-0.02694354,0.00891939,-0.01802415,-0.0,False,-0.02694354,0.00891939,1.0,False,False
2012-02-01,97.2435,228.329,8.3,0.28,3.1745,2.3,1.406833,3.3,0.0,0.0,0.0,0.0,False,0.0,0.0,0.0,False,False
2012-03-01,96.74,228.807,8.2,0.34,3.060454545454545,2.3,1.4255371,3.9,0.00270337,0.00535414,0.0,0.00805751,False,0.00270337,0.00535414,1.0,False,False
2012-04-01,97.4359,229.187,8.2,0.29,3.1409523809523807,2.48,1.527704,3.2,0.00098177,-0.00098177,0.0,0.0,False,0.00098177,-0.00098177,1.0,False,False
2012-05-01,97.6609,228.713,8.2,0.29,3.2654545454545456,2.48,1.4303528,3.0,0.0,0.0,0.0,0.0,False,0.0,0.0,0.0,False,False
2012-06-01,97.6663,228.524,8.2,0.29,3.3980952380952383,2.48,1.2066404,3.1,0.009776,0.00654326,0.01631926,0.0,False,0.009776,0.00654326,1.0,False,False
2012-07-01,97.8713,228.59,8.2,0.25,3.345238095238096,2.35,1.3280776,3.0,0.0,0.0,0.0,0.0,False,0.0,0.0,0.0,False,False
2012-08-01,97.4525,229.918,8.1,0.27,3.2291304347826086,2.35,1.3348091,3.6,0.01623685,-0.00349314,0.01274371,0.0,False,0.01623685,-0.00349314,1.0,False,False
2012-09-01,97.381,231.015,7.8,0.26,3.1184210526315788,2.35,1.443758,3.3,-0.0282545,0.04402613,0.0,0.01577163,False,-0.0282545,0.04402613,1.0,False,False
2012-10-01,97.7193,231.638,7.8,0.28,2.8380952380952382,2.3,1.3814058,3.1,8.339e-05,-8.339e-05,0.0,0.0,False,8.339e-05,-8.339e-05,1.0,False,False
2012-11-01,98.0777,231.249,7.7,0.27,2.8565,2.3,1.4037991,3.1,0.0,0.0,0.0,0.0,False,0.0,0.0,0.0,False,False
2012-12-01,98.3101,231.221,7.9,0.26,2.9085,2.3,1.4588874,3.2,-0.02505452,0.02148958,-0.00356494,-0.0,False,-0.02505452,0.02148958,1.0,False,False
2013-01-01,98.3342,231.679,8.0,0.27,2.819523809523809,2.3,1.3370393,3.3,0.00286222,-0.00624811,-0.0,-0.00338589,False,0.00286222,-0.00624811,1.0,False,False
2013-02-01,98.7941,232.937,7.7,0.27,2.8626315789473686,2.3,1.3922361,3.3,0.0,0.0,0.0,0.0,False,0.0,0.0,0.0,False,False
2013-03-01,99.1921,232.282,7.5,0.26,2.897,2.3,1.231004,3.2,-0.00553648,0.00737555,0.0,0.00183907,False,-0.00553648,0.00737555,1.0,False,False
2013-04-01,99.1065,231.797,7.6,0.23,2.8318181818181816,2.3,1.3281382,3.1,0.0,0.0,0.0,0.0,False,0.0,0.0,0.0,False,False
2013-05-01,99.1839,231.893,7.5,0.25,2.7977272727272724,2.3,1.2491782,3.1,-0.00774815,0.0088745,0.0,0.00112635,False,-0.00774815,0.0088745,1.0,False,False
2013-06-01,99.3897,232.445,7.5,0.33,2.89,2.3,1.4008832,3.0,0.00614461,-0.00138543,0.00475918,0.0,False,0.00614461,-0.00138543,1.0,False,False
2013-07-01,99.0814,232.9,7.3,0.34,2.7404545454545453,2.205,1.4426627,3.1,-0.00013405,-0.00398423,-0.0,-0.00411828,False,-0.00013405,-0.00398423,1.0,False,False
2013-08-01,99.6543,233.456,7.2,0.36,2.6872727272727275,2.205,1.6468685,3.0,0.0,0.0,0.0,0.0,False,0.0,0.0,0.0,False,False
2013-09-01,100.161,233.544,7.2,0.4,2.656,2.205,1.7968176,3.3,-0.06719709,0.0520097,-0.01518739,-0.0,False,-0.06719709,0.0520097,1.0,False,False
2013-10-01,100.082,233.669,7.2,0.34,2.692272727272728,2.3,1.5911875,3.0,0.01847807,-0.01626471,0.00221336,0.0,False,0.01847807,-0.01626471,1.0,False,False
2013-11-01,100.3158,234.1,6.9,0.3,2.665263157894737,2.3,1.5695147,2.9,0.0,0.0,0.0,0.0,False,0.0,0.0,0.0,False,False
2013-12-01,100.5175,234.719,6.7,0.34,2.4823809523809524,2.3,1.6860486,3.0,-0.04424307,0.04559465,0.0,0.00135158,False,-0.04424307,0.04559465,1.0,False,False
2014-01-01,100.1599,235.288,6.6,0.39,2.334761904761905,2.3,1.7153084,3.1,0.02547689,-0.02220156,0.00327533,0.0,False,0.02547689,-0.02220156,1.0,False,False
2014-02-01,100.9168,235.547,6.7,0.33,2.39,2.3,1.632026,3.2,0.0,0.0,0.0,0.0,False,0.0,0.0,0.0,False,False
2014-03-01,101.8942,236.028,6.7,0.4,2.340952380952381,2.3,1.5687767,3.2,0.02016519,-0.00405018,0.01611501,0.0,False,0.02016519,-0.00405018,1.0,False,False
2014-04-01,101.9928,236.468,6.2,0.42,2.199047619047619,2.25,1.7415577,3.2,-0.00048461,0.00159129,0.0,0.00110668,False,-0.00048461,0.00159129,1.0,False,False
2014-05-01,102.3836,236.918,6.3,0.39,2.203809523809524,2.25,1.748523,3.3,0.0,0.0,0.0,0.0,False,0.0,0.0,0.0,False,False
2014-06-01,102.735,237.231,6.1,0.45,2.2,2.25,1.684508,3.1,-0.01532131,0.02227214,0.0,0.00695083,False,-0.01532131,0.02227214,1.0,False,False
2014-07-01,102.9632,237.498,6.2,0.51,2.192272727272728,2.2,1.7704087,3.3,-0.02639344,0.02054929,-0.00584415,-0.0,False,-0.02639344,0.02054929,1.0,False,False
2014-08-01,102.7688,237.46,6.1,0.47,2.2704761904761903,2.2,1.766452,3.2,0.0,0.0,0.0,0.0,False,0.0,0.0,0.0,False,False
2014-09-01,103.0641,237.477,5.9,0.57,2.268095238095238,2.2,1.8315705,3.0,-0.00785221,0.02157481,0.0,0.0137226,False,-0.00785221,0.02157481,1.0,False,False
2014-10-01,103.0764,237.43,5.7,0.45,2.3836363636363638,2.2,1.7367613,2.9,0.02830176,-0.00646586,0.0218359,0.0,False,0.02830176,-0.00646586,1.0,False,False
2014-11-01,103.7126,236.983,5.8,0.53,2.4594444444444448,2.2,1.6543211,2.8,0.0,0.0,0.0,0.0,False,0.0,0.0,0.0,False,False
2014-12-01,103.7044,236.252,5.6,0.64,2.5304545454545457,2.2,1.7832413,2.8,-0.06868336,0.01899448,-0.04968888,-0.0,False,-0.06868336,0.01899448,1.0,False,False
2015-01-01,102.8905,234.747,5.7,0.55,2.573,2.1,1.5049432,2.5,0.01193557,-0.01783449,-0.0,-0.00589892,False,0.01193557,-0.01783449,1.0,False,False
2015-02-01,102.2335,235.342,5.5,0.62,2.531578947368421,2.1,1.2882705,2.8,0.0,0.0,0.0,0.0,False,0.0,0.0,0.0,False,False
2015-03-01,101.8914,235.976,5.4,0.64,2.496363636363637,2.1,1.4951956,3.0,-0.11601336,0.05251251,-0.06350085,-0.0,False,-0.11601336,0.05251251,1.0,False,False
2015-04-01,101.3355,236.222,5.4,0.54,2.549090909090909,2.135,1.5864912,2.6,-0.00547425,0.00547425,0.0,0.0,False,-0.00547425,0.00547425,1.0,False,False
2015-05-01,100.8883,237.001,5.6,0.61,2.691,2.135,1.6757722,2.8,0.0,0.0,0.0,0.0,False,0.0,0.0,0.0,False,False
2015-06-01,100.571,237.657,5.3,0.69,2.7618181818181817,2.135,1.7112977,2.7,-0.04060561,-0.0012497,-0.04185531,-0.0,False,-0.04060561,-0.0012497,1.0,False,False
2015-07-01,101.2228,238.034,5.2,0.67,2.877272727272727,2.15,1.7693587,2.8,-0.01221075,0.00285643,-0.00935432,-0.0,False,-0.01221075,0.00285643,1.0,False,False
2015-08-01,101.0367,238.033,5.1,0.7,3.020952380952381,2.15,1.6980816,2.8,0.0,0.0,0.0,0.0,False,0.0,0.0,0.0,False,False
2015-09-01,100.7547,237.498,5.0,0.71,3.1680952380952383,2.15,1.74063198,2.8,-0.04339063,-0.02667336,-0.07006399,-0.0,False,-0.04339063,-0.02667336,1.0,False,False
2015-10-01,100.2675,237.733,5.0,0.64,3.271428571428572,2.15,1.579485,2.7,0.05567073,-0.01595105,0.03971968,0.0,False,0.05567073,-0.01595105,1.0,False,False
2015-11-01,99.5298,238.017,5.1,0.88,3.194736842105263,2.15,1.6363077,2.7,0.0,0.0,0.0,0.0,False,0.0,0.0,0.0,False,False
2015-12-01,99.0417,237.761,5.0,0.98,3.2122727272727274,2.15,1.66549508,2.6,0.00400708,0.02047476,0.0,0.02448184,False,0.00400708,0.02047476,1.0,False,False
2016-01-01,99.5607,237.652,4.8,0.9,3.3626315789473686,2.12,1.70130035,2.5,0.00788727,-0.03540162,-0.0,-0.02751435,False,0.00788727,-0.03540162,1.0,False,False
2016-02-01,99.0445,237.336,4.9,0.73,3.559,2.12,1.52606345,2.5,0.0,0.0,0.0,0.0,False,0.0,0.0,0.0,False,False
2016-03-01,98.3096,238.08,5.0,0.88,3.244545454545454,2.12,1.43394055,2.7,-0.05839254,-0.0267997,-0.08519224,-0.0,False,-0.05839254,-0.0267997,1.0,False,False
2016-04-01,98.6421,238.992,5.1,0.77,2.98,2.2,1.60102719,2.8,-0.00910046,0.01985107,0.0,0.01075061,False,-0.00910046,0.01985107,1.0,False,False
2016-05-01,98.4184,239.557,4.8,0.82,2.8704761904761904,2.2,1.62654651,2.4,0.0,0.0,0.0,0.0,False,0.0,0.0,0.0,False,False
2016-06-01,98.8833,240.222,4.9,0.73,2.880909090909091,2.2,1.56184274,2.6,-0.01878522,-0.02406902,-0.0,-0.04285424,False,-0.01878522,-0.02406902,1.0,False,False
2016-07-01,98.9992,240.101,4.8,0.67,2.7145,2.15,1.50923924,2.7,-0.00996101,0.01510129,0.0,0.00514028,False,-0.00996101,0.01510129,1.0,False,False
2016-08-01,98.85,240.545,4.9,0.74,2.6839130434782605,2.15,1.51843982,2.5,0.0,0.0,0.0,0.0,False,0.0,0.0,0.0,False,False
2016-09-01,98.7457,241.176,5.0,0.77,2.680952380952381,2.15,1.64784373,2.4,-0.03499897,-0.00027749,-0.03527646,-0.0,False,-0.03499897,-0.00027749,1.0,False,False
2016-10-01,98.7611,241.741,4.9,0.84,2.612,2.2161,1.58977135,2.4,0.0,0.0,0.0,0.0,False,0.0,0.0,0.0,False,False
2016-11-01,98.3491,242.026,4.7,0.98,2.566,2.2161,1.65806018,2.4,-0.00200211,0.00531858,0.0,0.00331647,False,-0.00200211,0.00531858,1.0,False,False
2016-12-01,99.0214,242.637,4.7,1.2,2.335238095238095,2.2161,1.89000404,2.2,0.03285011,0.00427355,0.03712366,0.0,False,0.03285011,0.00427355,1.0,False,False
2017-01-01,98.7611,243.618,4.7,1.21,2.228,2.3,1.8454627,2.6,0.0,0.0,0.0,0.0,False,0.0,0.0,0.0,False,False
2017-02-01,98.3646,244.006,4.6,1.2,2.2221052631578946,2.3,1.82718762,2.7,-0.01980932,-0.00070979,-0.02051911,-0.0,False,-0.01980932,-0.00070979,1.0,False,False
2017-03-01,99.0137,243.892,4.4,1.31,2.2,2.3,1.75034457,2.5,-0.04013092,-0.00680166,-0.04693258,-0.0,False,-0.04013092,-0.00680166,1.0,False,False
2017-04-01,100.0224,244.193,4.4,1.24,2.272105263157895,2.3,1.74714341,2.5,0.0,0.0,0.0,0.0,False,0.0,0.0,0.0,False,False
2017-05-01,100.1408,244.004,4.4,1.3,2.245909090909091,2.3,1.71269334,2.6,0.00462457,0.00918921,0.0,0.01381378,False,0.00462457,0.00918921,1.0,False,False
2017-06-01,100.3471,244.163,4.3,1.34,2.183181818181818,2.3,1.54109835,2.6,0.0119697,0.00716732,0.01913702,0.0,False,0.0119697,0.00716732,1.0,False,False
2017-07-01,100.1068,244.243,4.3,1.37,2.0715,2.25,1.73893855,2.6,-0.00784022,-0.00535859,-0.01319881,-0.0,False,-0.00784022,-0.00535859,1.0,False,False
2017-08-01,99.6925,245.183,4.4,1.34,2.1008695652173914,2.25,1.70005771,2.6,0.0,0.0,0.0,0.0,False,0.0,0.0,0.0,False,False
2017-09-01,99.7954,246.435,4.3,1.38,2.1015,2.25,1.77325229,2.7,0.02964818,0.01236077,0.04200895,0.0,False,0.02964818,0.01236077,1.0,False,False
2017-10-01,101.0247,246.626,4.2,1.55,1.9557142857142855,2.2,1.80800185,2.4,0.0,0.0,0.0,0.0,False,0.0,0.0,0.0,False,False
2017-11-01,101.2664,247.284,4.2,1.7,1.9155,2.2,1.85217904,2.5,-0.00415819,0.00598005,0.0,0.00182186,False,-0.00415819,0.00598005,1.0,False,False
2017-12-01,101.4644,247.805,4.1,1.84,1.821,2.2,2.01718195,2.7,-0.00740095,0.0015568,-0.00584415,-0.0,False,-0.00740095,0.0015568,1.0,False,False
2018-01-01,101.4625,248.859,4.0,2.03,1.6723809523809523,2.25,1.86617639,2.7,0.00869288,-0.00356267,0.00513021,0.0,False,0.00869288,-0.00356267,1.0,False,False
2018-02-01,101.7085,249.529,4.1,2.18,1.65,2.25,2.00534843,2.7,0.0,0.0,0.0,0.0,False,0.0,0.0,0.0,False,False
2018-03-01,102.2067,249.577,4.0,2.28,1.7976190476190477,2.25,1.86072811,2.8,-0.02133602,0.01981545,-0.00152057,-0.0,False,-0.02133602,0.01981545,1.0,False,False
2018-04-01,103.3329,250.227,4.0,2.38,1.8000000000000005,2.3,1.89293546,2.7,0.0,0.0,0.0,0.0,False,0.0,0.0,0.0,False,False
2018-05-01,102.4024,250.792,3.8,2.51,1.8477272727272729,2.3,2.00894606,2.8,-0.01105005,0.0058411,-0.00520895,-0.0,False,-0.01105005,0.0058411,1.0,False,False
2018-06-01,103.198,251.018,4.0,2.53,1.9223809523809523,2.3,1.92400996,3.0,0.01696951,0.00096195,0.01793146,0.0,False,0.01696951,0.00096195,1.0,False,False
2018-07-01,103.3646,251.214,3.8,2.61,1.9023809523809525,2.2,2.03159462,2.9,0.0,0.0,0.0,0.0,False,0.0,0.0,0.0,False,False
2018-08-01,104.0327,251.663,3.8,2.64,1.8769565217391304,2.2,2.07519107,3.0,-0.00275144,-0.00022723,-0.00297867,-0.0,False,-0.00275144,-0.00022723,1.0,False,False
2018-09-01,104.1004,252.182,3.7,2.77,1.8794736842105264,2.2,2.10310861,2.7,-0.01284894,0.01391194,0.0,0.001063,False,-0.01284894,0.01391194,1.0,False,False
2018-10-01,103.9856,252.772,3.8,2.86,1.913181818181818,2.21,2.11263929,2.9,0.0,0.0,0.0,0.0,False,0.0,0.0,0.0,False,False
2018-11-01,104.0681,252.594,3.8,2.86,2.107,2.21,2.09822052,2.8,-0.00350011,0.0076672,0.0,0.00416709,False,-0.00350011,0.0076672,1.0,False,False
2018-12-01,104.0936,252.767,3.9,2.68,2.3010526315789472,2.21,2.01953345,2.7,0.06726481,-0.04407128,0.02319353,0.0,False,0.06726481,-0.04407128,1.0,False,False
2019-01-01,103.4021,252.561,4.0,2.54,2.4061904761904764,2.2,1.87267231,2.7,-0.05823863,0.03329412,-0.02494451,-0.0,False,-0.05823863,0.03329412,1.0,False,False
2019-02-01,102.8371,253.319,3.8,2.5,2.2710526315789474,2.2,1.88227201,2.6,0.0,0.0,0.0,0.0,False,0.0,0.0,0.0,False,False
2019-03-01,102.8757,254.277,3.8,2.41,2.264761904761905,2.2,1.570003,2.5,-0.04631341,0.01353779,-0.03277562,-0.0,False,-0.04631341,0.01353779,1.0,False,False
2019-04-01,102.274,255.233,3.7,2.34,2.170952380952381,2.2,1.69509441,2.5,0.0,0.0,0.0,0.0,False,0.0,0.0,0.0,False,False
2019-05-01,102.392,255.296,3.6,2.21,2.2331818181818184,2.2,1.7638552,2.9,-0.03570942,-0.01148932,-0.04719874,-0.0,False,-0.03570942,-0.01148932,1.0,False,False
2019-06-01,102.4375,255.213,3.6,1.81,2.3865,2.2,1.54038275,2.7,-0.04819454,-0.02008167,-0.06827621,-0.0,False,-0.04819454,-0.02008167,1.0,False,False
2019-07-01,101.9408,255.802,3.7,1.84,2.22,2.2,1.59047749,2.6,0.0321365,0.01587817,0.04801467,0.0,False,0.0321365,0.01587817,1.0,False,False
2019-08-01,102.639,256.036,3.6,1.57,2.247272727272727,2.2,1.56887016,2.7,0.0,0.0,0.0,0.0,False,0.0,0.0,0.0,False,False
2019-09-01,102.2917,256.43,3.5,1.65,2.215,2.2,1.46482077,2.8,0.03783711,-0.00635194,0.03148517,0.0,False,0.03783711,-0.00635194,1.0,False,False
2019-10-01,101.4281,257.155,3.6,1.55,2.2181818181818183,2.2,1.54904817,2.5,-0.01484954,0.02645689,-0.0020114,0.01361875,False,-0.01484954,0.026456889999999997,2.0,False,False
2019-11-01,101.9372,257.879,3.6,1.61,2.128947368421053,2.2,1.57873628,2.5,0.0,0.0,0.0,0.0,False,0.0,0.0,0.0,False,False
2019-12-01,101.7003,258.63,3.6,1.61,2.0157142857142856,2.2,1.61310184,2.3,-0.01172623,0.0081055,-0.00362073,-0.0,False,-0.01172623,0.0081055,1.0,False,False
2020-01-01,101.0338,259.127,3.6,1.52,2.0142857142857142,2.2,1.64111652,2.5,0.00277641,0.00612034,0.0,0.00889675,False,0.00277641,0.00612034,1.0,False,False
2020-02-01,101.3735,259.25,3.5,1.33,2.106842105263158,2.2,1.51320566,2.4,0.0,0.0,0.0,0.0,False,0.0,0.0,0.0,False,False
2020-03-01,97.4078,258.076,4.4,0.45,3.4181818181818184,2.2,1.1211007,2.2,-0.16491989,-0.0,-0.16491989,-0.0,True,-0.12101387,-0.04390602,2.0,True,True
2020-04-01,84.5619,256.032,14.8,0.22,3.469523809523809,2.135,0.88234276,2.1,0.00405068,-0.01827923,-0.0,-0.01422855,False,0.00405068,-0.01827923,1.0,False,False
2020-05-01,85.9604,255.802,13.2,0.17,3.28,2.135,0.86493627,3.2,0.0,0.0,0.0,0.0,False,0.0,0.0,0.0,False,False
2020-06-01,91.5934,257.042,11.0,0.19,2.9131818181818185,2.135,1.01290639,3.0,-0.03618637,0.03390716,-0.00227921,-0.0,False,-0.03618637,0.03390716,1.0,False,False
2020-07-01,95.0256,258.352,10.2,0.15,2.6895454545454545,2.03,1.2377693,3.0,-0.0061501,0.0020033,-0.0041468,-0.0,False,-0.0061501,0.0020033,1.0,False,False
2020-08-01,95.9549,259.316,8.4,0.14,2.624285714285714,2.03,1.23958067,3.1,0.0,0.0,0.0,0.0,False,0.0,0.0,0.0,False,False
2020-09-01,95.9669,259.997,7.8,0.13,2.684761904761905,2.03,1.23631532,2.6,-0.02449582,0.02354933,-0.00094649,-0.0,False,-0.02449582,0.02354933,1.0,False,False
2020-10-01,96.7394,260.319,6.9,0.15,2.6523809523809527,2.12,1.20124146,2.6,0.0,0.0,0.0,0.0,False,0.0,0.0,0.0,False,False
2020-11-01,97.0816,260.911,6.7,0.17,2.4257894736842105,2.12,1.23965611,2.8,-0.00257011,0.00146343,-0.00110668,-0.0,False,-0.00257011,0.00146343,1.0,False,False
2020-12-01,98.363,262.045,6.7,0.14,2.230454545454545,2.12,1.30246527,2.5,0.00973279,-0.0094732,0.00025959,0.0,False,0.00973279,-0.0094732,1.0,False,False
2021-01-01,98.8822,262.687,6.4,0.13,2.1626315789473685,2.2,1.24288849,3.0,0.0210899,-0.01930692,0.00178298,0.0,False,0.0210899,-0.01930692,1.0,False,False
2021-02-01,95.6149,263.579,6.2,0.12,2.1631578947368424,2.2,1.31345304,3.3,0.0,0.0,0.0,0.0,False,0.0,0.0,0.0,False,False
2021-03-01,98.3856,264.961,6.1,0.15,2.1317391304347826,2.2,1.36586039,3.1,-0.03571443,0.02755048,-0.00816395,-0.0,False,-0.03571443,0.02755048,1.0,False,False
2021-04-01,98.5587,266.614,6.1,0.16,1.9723809523809528,2.3,1.47891829,3.4,-0.00565549,0.00115184,-0.00450365,-0.0,False,-0.00565549,0.00115184,1.0,False,False
2021-05-01,99.4333,268.383,5.8,0.16,1.999,2.3,1.48598552,4.6,0.0,0.0,0.0,0.0,False,0.0,0.0,0.0,False,False
2021-06-01,99.7987,270.654,5.9,0.2,1.9259090909090908,2.3,1.52568217,4.2,0.04056258,-0.01796146,0.02260112,0.0,False,0.04056258,-0.01796146,1.0,False,False
2021-07-01,100.2519,271.903,5.4,0.22,1.926190476190476,2.4367,1.55335025,4.7,-0.00977912,0.01199248,0.0,0.00221336,False,-0.00977912,0.01199248,1.0,False,False
2021-08-01,100.0437,272.676,5.1,0.22,1.9563636363636363,2.4367,1.54992943,4.6,0.0,0.0,0.0,0.0,False,0.0,0.0,0.0,False,False
2021-09-01,98.8579,273.91,4.7,0.24,1.8552380952380956,2.4367,1.63260191,4.6,-0.02207027,0.02207027,0.0,0.0,False,-0.02207027,0.02207027,1.0,False,False
2021-10-01,100.1861,276.55,4.5,0.39,1.7705000000000002,2.55,1.51670347,4.8,0.0,0.0,0.0,0.0,False,0.0,0.0,0.0,False,False
2021-11-01,100.8654,278.919,4.1,0.51,1.7235,2.55,1.72679923,4.9,-0.01084204,0.01680361,0.0,0.00596157,False,-0.01084204,0.01680361,1.0,False,False
2021-12-01,100.5726,280.845,3.9,0.68,1.833809523809524,2.55,1.7407948,4.8,-0.01892616,0.05444743,0.0,0.03552127,False,-0.01892616,0.05444743,1.0,False,False
2022-01-01,100.1856,282.543,4.0,0.98,1.821,2.4981,1.73444186,4.9,0.00874257,-0.0167006,-0.0,-0.00795803,False,0.00874257,-0.0167006,1.0,False,False
2022-02-01,100.8064,284.5,3.9,1.44,2.033684210526316,2.4981,1.89861214,4.9,0.0,0.0,0.0,0.0,False,0.0,0.0,0.0,False,False
2022-03-01,101.3907,287.674,3.7,1.91,2.166086956521739,2.4981,1.97801677,5.4,0.09337312,0.00493944,0.09831256,0.0,False,0.09337312,0.00493944,1.0,False,False
2022-04-01,101.44,288.561,3.7,2.54,1.9115,2.8,2.26755868,5.4,0.0,0.0,0.0,0.0,False,0.0,0.0,0.0,False,False
2022-05-01,101.3335,291.298,3.6,2.62,2.218571428571429,2.8,2.45008154,5.3,-0.00708619,-0.0247876,-0.0,-0.03187379,False,-0.00708619,-0.0247876,1.0,False,False
2022-06-01,101.018,294.957,3.6,3.0,2.124285714285714,2.8,2.5513544,5.3,0.04562897,0.03077943,0.0764084,0.0,False,0.04562897,0.03077943,1.0,False,False
2022-07-01,101.223,294.913,3.5,3.04,2.3175,2.8,2.28813375,5.2,-0.00587286,0.00013722,-0.00573564,-0.0,False,-0.00587286,0.00013722,1.0,False,False
2022-08-01,101.0963,295.097,3.6,3.25,2.254782608695652,2.8,2.1869859,4.8,0.0,0.0,0.0,0.0,False,0.0,0.0,0.0,False,False
2022-09-01,101.2918,296.349,3.5,3.86,2.1747619047619047,2.8,2.53306319,4.7,0.12578561,-0.03414209,0.09164352,0.0,False,0.12578561,-0.03414209,1.0,False,False
2022-10-01,101.2529,298.007,3.6,4.38,2.277,2.95,2.40070757,5.0,0.0,0.0,0.0,0.0,False,0.0,0.0,0.0,False,False
2022-11-01,100.9552,298.786,3.6,4.5,2.1745,2.95,2.53058351,5.0,-0.07990243,0.00337991,-0.07652252,-0.0,False,-0.07990243,0.00337991,1.0,False,False
2022-12-01,99.7664,298.832,3.5,4.29,1.977619047619048,2.95,2.26844917,4.3,0.11144638,-0.0239868,0.08745958,0.0,False,0.11144638,-0.0239868,1.0,False,False
2023-01-01,100.505,300.42,3.5,4.21,1.9705,2.37,2.31430445,3.9,0.0,0.0,0.0,0.0,False,0.0,0.0,0.0,False,False
2023-02-01,100.6416,301.45,3.6,4.53,1.8473684210526315,2.37,2.13652091,4.2,-0.00294462,0.01331488,0.0,0.01037026,False,-0.00294462,0.01331488,1.0,False,False
2023-03-01,101.0205,301.821,3.5,4.3,2.051304347826087,2.37,2.22638086,3.6,-0.03080003,0.00292668,-0.02787335,-0.0,False,-0.03080003,0.00292668,1.0,False,False
2023-04-01,101.253,302.845,3.4,4.02,2.0694736842105264,2.3555,2.13835537,4.7,0.0,0.0,0.0,0.0,False,0.0,0.0,0.0,False,False
2023-05-01,100.9286,303.334,3.6,4.13,2.192727272727273,2.3555,2.19228495,4.2,0.00227003,0.0162348,0.0,0.01850483,False,0.00227003,0.0162348,1.0,False,False
2023-06-01,100.1196,304.014,3.6,4.64,2.0061904761904765,2.3555,1.66807333,3.3,0.06760967,-0.01510254,0.05250713,0.0,False,0.06760967,-0.01510254,1.0,False,False
2023-07-01,100.9067,304.609,3.5,4.83,1.842,2.4,2.08637277,3.4,-0.00328235,0.0072545,0.0,0.00397215,False,-0.00328235,0.0072545,1.0,False,False
2023-08-01,100.8393,306.082,3.7,4.9,1.8495652173913044,2.4,2.1788282,3.5,0.0,0.0,0.0,0.0,False,0.0,0.0,0.0,False,False
2023-09-01,101.0211,307.276,3.7,5.02,1.777,2.4,2.28083051,3.2,0.03574754,0.01557634,0.05132388,0.0,False,0.03574754,0.01557634,1.0,False,False
2023-10-01,100.4689,307.696,3.9,5.07,1.8314285714285716,2.4,2.4128972,4.2,0.0,0.0,0.0,0.0,False,0.0,0.0,0.0,False,False
2023-11-01,100.8639,308.148,3.7,4.88,1.789047619047619,2.4,2.4352391,4.5,-0.00769011,-0.00620089,-0.013891,-0.0,False,-0.00769011,-0.00620089,1.0,False,False
2023-12-01,100.6031,308.741,3.8,4.46,1.622,2.4,2.36399899,3.1,-0.06499937,0.0133351,-0.05166427,-0.0,False,-0.06499937,0.0133351,1.0,False,False
2024-01-01,99.2223,309.698,3.7,4.32,1.619047619047619,2.24,2.18036388,2.9,0.02877122,-0.00741819,0.02135303,0.0,False,0.02877122,-0.00741819,1.0,False,False
2024-02-01,100.285,310.967,3.9,4.54,1.5585,2.24,2.16391067,3.0,,,,,,,,,,
2024-03-01,100.4575,312.345,3.9,4.59,1.5450000000000002,2.24,2.19719547,2.9,,,,,,,,,,
2024-04-01,100.2434,313.023,3.9,4.87,1.463181818181818,2.325,2.38428339,3.2,,,,,,,,,,
2024-05-01,100.863,313.175,3.9,4.86,1.468181818181818,2.325,2.51466811,3.3,,,,,,,,,,
2024-06-01,100.894,313.044,4.1,4.74,1.5142105263157897,2.325,2.41228541,3.0,,,,,,,,,,
2024-07-01,99.9757,313.569,4.2,4.5,1.588181818181818,2.3,2.39355893,2.9,,,,,,,,,,
2024-08-01,100.4309,314.062,4.2,3.97,1.7336363636363636,2.3,2.173058,2.8,,,,,,,,,,
2024-09-01,99.8084,314.732,4.1,3.62,1.6945,2.3,2.11947357,2.7,,,,,,,,,,
2024-10-01,99.4695,315.631,4.1,3.97,1.5386363636363638,2.225,2.10742502,2.7,,,,,,,,,,
2024-11-01,99.2925,316.528,4.2,4.26,1.421578947368421,2.225,2.33268501,2.6,,,,,,,,,,
2024-12-01,100.3273,317.604,4.1,4.23,1.4095238095238094,2.225,2.34974749,2.8,,,,,,,,,,
2025-01-01,100.0647,318.961,4.0,4.27,1.4476190476190476,2.3,2.45938718,3.3,,,,,,,,,,
2025-02-01,101.0993,319.679,4.2,4.21,1.471578947368421,2.3,2.49094871,4.3,,,,,,,,,,
2025-03-01,101.0404,319.785,4.2,3.97,1.6504761904761902,2.3,2.26870882,5.0,,,,,,,,,,
2025-04-01,101.1279,320.302,4.2,3.78,1.9047619047619049,2.3492,2.39734434,6.5,,,,,,,,,,
2025-05-01,100.9655,320.62,4.3,3.92,1.862380952380952,2.3492,2.335645,6.6,,,,,,,,,,
2025-06-01,101.4785,321.435,4.1,3.89,1.7645,2.3492,2.33705221,5.0,,,,,,,,,,
2025-07-01,101.894,322.169,4.3,3.88,1.7068181818181818,2.305,2.37216433,4.5,,,,,,,,,,
2025-08-01,101.6247,323.291,4.3,3.7,1.731428571428571,2.305,2.30463591,4.8,,,,,,,,,,
2025-09-01,101.668,324.245,4.4,3.57,1.7128571428571429,2.305,2.33618891,4.7,,,,,,,,,,
2025-11-01,101.0344,325.063,4.5,3.55,1.7633333333333334,2.38,2.33094326,4.5,,,,,,,,,,
2025-12-01,101.5203,326.031,4.4,3.5,1.7545454545454546,2.38,2.42023389,4.2,,,,,,,,,,
2026-01-01,101.4737,326.588,4.3,3.54,1.6649999999999998,2.3,2.33732028,4.0,,,,,,,,,,
2026-02-01,102.1009,327.46,4.4,3.47,1.6868421052631577,2.3,2.37354844,3.4,,,,,,,,,,
2026-03-01,101.806,330.293,4.3,3.71,1.7895454545454543,2.3,2.18270427,3.8,,,,,,,,,,
2026-04-01,102.4963,332.407,4.3,3.8,1.7114285714285713,2.4,2.50439617,4.7,,,,,,,,,,
